Advertiser ID,Advertiser Name,Primary Region,Membership Status,Datafeed Format,Feed ID,Feed Name,Language,Vertical,Last Imported,Last Checked,No of products,URL
"78586","Needs No Label","GB","Not Joined","Google","F94","","English","Retail","2026-06-13 14:34:22","2026-06-13 14:34:22","973","https://ui.awin.com/productdata-darwin-download/publisher/2933261/fa0ea60ea5f17aca3a0224f06ab4d131/1/feed/F94.csv.gz"
"115775","PAOLITA","GB","Not Joined","Google","F105","","English","Retail","2026-05-27 07:07:30","2026-05-27 07:07:30","1805","https://ui.awin.com/productdata-darwin-download/publisher/2933261/fa0ea60ea5f17aca3a0224f06ab4d131/1/feed/F105.csv.gz"
"115783","Horow DE","DE","Not Joined","Google","F123","","German","Retail","2025-12-18 06:55:23","2025-12-18 06:55:23","293","https://ui.awin.com/productdata-darwin-download/publisher/2933261/fa0ea60ea5f17aca3a0224f06ab4d131/1/feed/F123.csv.gz"
"115879","Super Genius Society","US","Not Joined","Google","F128","","English","Retail","2026-06-13 13:47:58","2026-06-13 13:47:58","126","https://ui.awin.com/productdata-darwin-download/publisher/2933261/fa0ea60ea5f17aca3a0224f06ab4d131/1/feed/F128.csv.gz"
"69790","Doulton","GB","Not Joined","Google","F153","","English","Retail","2026-06-13 14:43:56","2026-06-13 14:43:56","71","https://ui.awin.com/productdata-darwin-download/publisher/2933261/fa0ea60ea5f17aca3a0224f06ab4d131/1/feed/F153.csv.gz"
"115070","Foreverlyfe","US","Not Joined","Google","F167","","English","Retail","2026-05-16 17:45:17","2026-05-16 17:45:17","31","https://ui.awin.com/productdata-darwin-download/publisher/2933261/fa0ea60ea5f17aca3a0224f06ab4d131/1/feed/F167.csv.gz"
"86627","GreatBeanBags.com","US","Not Joined","Google","F174","","English","Retail","2025-06-24 22:41:25","2025-06-24 22:41:25","215","https://ui.awin.com/productdata-darwin-download/publisher/2933261/fa0ea60ea5f17aca3a0224f06ab4d131/1/feed/F174.csv.gz"
"115929","Audiobooks for everyone","US","Not Joined","Google","F176","","English","Retail","2026-06-13 14:05:20","2026-06-13 14:05:20","610","https://ui.awin.com/productdata-darwin-download/publisher/2933261/fa0ea60ea5f17aca3a0224f06ab4d131/1/feed/F176.csv.gz"
"29549","BINU-Beauty Natural Korean Cosmetics DE","DE","Not Joined","Google","F182","","German","Retail","2026-06-13 13:44:05","2026-06-13 13:44:05","21","https://ui.awin.com/productdata-darwin-download/publisher/2933261/fa0ea60ea5f17aca3a0224f06ab4d131/1/feed/F182.csv.gz"
"109636","Back to the Pets","GB","Not Joined","Google","F195","","English","Retail","2025-06-04 06:43:39","2025-06-04 06:43:39","7397","https://ui.awin.com/productdata-darwin-download/publisher/2933261/fa0ea60ea5f17aca3a0224f06ab4d131/1/feed/F195.csv.gz"
"61655","Back to the Office","GB","Not Joined","Google","F197","","English","Retail","2026-06-13 15:32:16","2026-06-13 15:32:16","98774","https://ui.awin.com/productdata-darwin-download/publisher/2933261/fa0ea60ea5f17aca3a0224f06ab4d131/1/feed/F197.csv.gz"
"116527","DXB CHOC","GB","Not Joined","Google","F199","","English","Retail","2026-05-06 06:32:41","2026-05-06 06:32:41","6","https://ui.awin.com/productdata-darwin-download/publisher/2933261/fa0ea60ea5f17aca3a0224f06ab4d131/1/feed/F199.csv.gz"
"116665","isletan","US","Not Joined","Google","F206","","English","Retail","2026-06-13 14:08:46","2026-06-13 14:08:46","11","https://ui.awin.com/productdata-darwin-download/publisher/2933261/fa0ea60ea5f17aca3a0224f06ab4d131/1/feed/F206.csv.gz"
"116677","Atenai London Affiliation Marketing","GB","Not Joined","Google","F208","","English","Retail","2026-06-13 14:38:44","2026-06-13 14:38:44","38","https://ui.awin.com/productdata-darwin-download/publisher/2933261/fa0ea60ea5f17aca3a0224f06ab4d131/1/feed/F208.csv.gz"
"113464","BRUH. Skincare","US","Not Joined","Google","F224","","English","Retail","2026-06-13 14:48:00","2026-06-13 14:48:00","18","https://ui.awin.com/productdata-darwin-download/publisher/2933261/fa0ea60ea5f17aca3a0224f06ab4d131/1/feed/F224.csv.gz"
"30995","ZONLIHOME (US)","US","Not Joined","Google","F231","","English","Retail","2026-02-28 03:44:48","2026-02-28 03:44:48","538","https://ui.awin.com/productdata-darwin-download/publisher/2933261/fa0ea60ea5f17aca3a0224f06ab4d131/1/feed/F231.csv.gz"
"116701","LUXDRAPE","US","Not Joined","Google","F248","","English","Retail","2026-06-13 13:43:46","2026-06-13 13:43:46","741","https://ui.awin.com/productdata-darwin-download/publisher/2933261/fa0ea60ea5f17aca3a0224f06ab4d131/1/feed/F248.csv.gz"
"116773","Botanical Green Lab","US","Not Joined","Google","F272","","English","Retail","2026-06-13 13:39:49","2026-06-13 13:39:49","92","https://ui.awin.com/productdata-darwin-download/publisher/2933261/fa0ea60ea5f17aca3a0224f06ab4d131/1/feed/F272.csv.gz"
"116785","BASE-K","US","Not Joined","Google","F291","","English","Retail","2026-06-13 14:41:30","2026-06-13 14:41:30","10","https://ui.awin.com/productdata-darwin-download/publisher/2933261/fa0ea60ea5f17aca3a0224f06ab4d131/1/feed/F291.csv.gz"
"19475","Fila UK","GB","Not Joined","Google","F295","","English","Retail","2026-06-13 14:18:12","2026-06-13 14:18:12","18396","https://ui.awin.com/productdata-darwin-download/publisher/2933261/fa0ea60ea5f17aca3a0224f06ab4d131/1/feed/F295.csv.gz"
"117119","kemoway","FR","Not Joined","Google","F306","","French","Retail","2026-06-13 13:44:19","2026-06-13 13:44:19","30","https://ui.awin.com/productdata-darwin-download/publisher/2933261/fa0ea60ea5f17aca3a0224f06ab4d131/1/feed/F306.csv.gz"
"117121","kemoway","DE","Not Joined","Google","F307","","German","Retail","2026-06-13 15:03:20","2026-06-13 15:03:20","30","https://ui.awin.com/productdata-darwin-download/publisher/2933261/fa0ea60ea5f17aca3a0224f06ab4d131/1/feed/F307.csv.gz"
"62729","Glamory","DE","Not Joined","Google","F309","","German","Retail","2026-06-13 13:46:52","2026-06-13 13:46:52","4","https://ui.awin.com/productdata-darwin-download/publisher/2933261/fa0ea60ea5f17aca3a0224f06ab4d131/1/feed/F309.csv.gz"
"116307","GroundingTime","US","Not Joined","Google","F312","","English","Retail","2025-07-29 02:53:19","2025-07-29 02:53:19","10","https://ui.awin.com/productdata-darwin-download/publisher/2933261/fa0ea60ea5f17aca3a0224f06ab4d131/1/feed/F312.csv.gz"
"117221","MakeID","US","Not Joined","Google","F329","","English","Retail","2026-06-13 15:05:37","2026-06-13 15:05:37","26","https://ui.awin.com/productdata-darwin-download/publisher/2933261/fa0ea60ea5f17aca3a0224f06ab4d131/1/feed/F329.csv.gz"
"117395","Marketing program","US","Not Joined","Google","F349","","English","Retail","2026-06-13 14:06:22","2026-06-13 14:06:22","19","https://ui.awin.com/productdata-darwin-download/publisher/2933261/fa0ea60ea5f17aca3a0224f06ab4d131/1/feed/F349.csv.gz"
"117317","NeuroScent","GB","Not Joined","Google","F382","","English","Retail","2026-06-13 14:46:56","2026-06-13 14:46:56","37","https://ui.awin.com/productdata-darwin-download/publisher/2933261/fa0ea60ea5f17aca3a0224f06ab4d131/1/feed/F382.csv.gz"
"98651","FLOURISH","GB","Not Joined","Google","F407","","English","Retail","2026-04-20 05:56:44","2026-04-20 05:56:44","15","https://ui.awin.com/productdata-darwin-download/publisher/2933261/fa0ea60ea5f17aca3a0224f06ab4d131/1/feed/F407.csv.gz"
"117477","buybeautykorea","US","Not Joined","Google","F432","","English","Retail","2026-06-13 14:47:45","2026-06-13 14:47:45","4396","https://ui.awin.com/productdata-darwin-download/publisher/2933261/fa0ea60ea5f17aca3a0224f06ab4d131/1/feed/F432.csv.gz"
"113418","Belord","US","Not Joined","Google","F434","","English","Retail","2026-06-13 14:30:41","2026-06-13 14:30:41","1701","https://ui.awin.com/productdata-darwin-download/publisher/2933261/fa0ea60ea5f17aca3a0224f06ab4d131/1/feed/F434.csv.gz"
"37282","Game Over","GB","Not Joined","Google","F441","","English","Retail","2026-06-13 13:42:24","2026-06-13 13:42:24","144","https://ui.awin.com/productdata-darwin-download/publisher/2933261/fa0ea60ea5f17aca3a0224f06ab4d131/1/feed/F441.csv.gz"
"37292","Gardenista","GB","Not Joined","Google","F444","","English","Retail","2026-06-13 14:21:30","2026-06-13 14:21:30","2671","https://ui.awin.com/productdata-darwin-download/publisher/2933261/fa0ea60ea5f17aca3a0224f06ab4d131/1/feed/F444.csv.gz"
"117671","No.98 Beauty","GB","Not Joined","Google","F453","","English","Retail","2026-06-13 14:13:17","2026-06-13 14:13:17","16","https://ui.awin.com/productdata-darwin-download/publisher/2933261/fa0ea60ea5f17aca3a0224f06ab4d131/1/feed/F453.csv.gz"
"117801","UUNA TEK Affliate Program","US","Not Joined","Google","F457","","English","Retail","2026-06-13 14:13:49","2026-06-13 14:13:49","160","https://ui.awin.com/productdata-darwin-download/publisher/2933261/fa0ea60ea5f17aca3a0224f06ab4d131/1/feed/F457.csv.gz"
"117741","Finitex","US","Not Joined","Google","F472","","English","Retail","2026-06-13 13:39:04","2026-06-13 13:39:04","454","https://ui.awin.com/productdata-darwin-download/publisher/2933261/fa0ea60ea5f17aca3a0224f06ab4d131/1/feed/F472.csv.gz"
"117849","ZazzMode","US","Not Joined","Google","F473","","English","Retail","2026-06-13 10:55:50","2026-06-13 10:55:50","911","https://ui.awin.com/productdata-darwin-download/publisher/2933261/fa0ea60ea5f17aca3a0224f06ab4d131/1/feed/F473.csv.gz"
"117899","The Brush & Broom","GB","Not Joined","Google","F477","","English","Retail","2026-06-13 14:44:54","2026-06-13 14:44:54","229","https://ui.awin.com/productdata-darwin-download/publisher/2933261/fa0ea60ea5f17aca3a0224f06ab4d131/1/feed/F477.csv.gz"
"117777","Sunshare","DE","Not Joined","Google","F481","","German","Retail","2026-06-13 14:04:21","2026-06-13 14:04:21","271","https://ui.awin.com/productdata-darwin-download/publisher/2933261/fa0ea60ea5f17aca3a0224f06ab4d131/1/feed/F481.csv.gz"
"117633","shopify","US","Not Joined","Google","F489","","English","Retail","2026-01-06 23:19:47","2026-01-06 23:19:47","19","https://ui.awin.com/productdata-darwin-download/publisher/2933261/fa0ea60ea5f17aca3a0224f06ab4d131/1/feed/F489.csv.gz"
"24617","Raw Beauty Lab","GB","Not Joined","Google","F493","","English","Retail","2026-06-13 13:37:00","2026-06-13 13:37:00","23","https://ui.awin.com/productdata-darwin-download/publisher/2933261/fa0ea60ea5f17aca3a0224f06ab4d131/1/feed/F493.csv.gz"
"30461","Parfümerie Brückner DE","DE","Not Joined","Google","F498","","German","Retail","2026-06-13 14:06:39","2026-06-13 14:06:39","7273","https://ui.awin.com/productdata-darwin-download/publisher/2933261/fa0ea60ea5f17aca3a0224f06ab4d131/1/feed/F498.csv.gz"
"28367","So Divine","GB","Not Joined","Google","F507","","English","Retail","2026-06-13 13:38:16","2026-06-13 13:38:16","85","https://ui.awin.com/productdata-darwin-download/publisher/2933261/fa0ea60ea5f17aca3a0224f06ab4d131/1/feed/F507.csv.gz"
"66586","Bad Shirt Club","GB","Not Joined","Google","F513","","English","Retail","2026-06-13 14:11:14","2026-06-13 14:11:14","4088","https://ui.awin.com/productdata-darwin-download/publisher/2933261/fa0ea60ea5f17aca3a0224f06ab4d131/1/feed/F513.csv.gz"
"899","Fitness Options","GB","Not Joined","Google","F528","","English","Retail","2026-06-13 14:04:58","2026-06-13 14:04:58","60","https://ui.awin.com/productdata-darwin-download/publisher/2933261/fa0ea60ea5f17aca3a0224f06ab4d131/1/feed/F528.csv.gz"
"118063","Araco Interiors","GB","Not Joined","Google","F534","","English","Retail","2026-06-09 22:10:56","2026-06-09 22:10:56","4566","https://ui.awin.com/productdata-darwin-download/publisher/2933261/fa0ea60ea5f17aca3a0224f06ab4d131/1/feed/F534.csv.gz"
"106891","PrimeGarden DE","DE","Not Joined","Google","F540","","German","Retail","2025-10-27 22:43:28","2025-10-27 22:43:28","923","https://ui.awin.com/productdata-darwin-download/publisher/2933261/fa0ea60ea5f17aca3a0224f06ab4d131/1/feed/F540.csv.gz"
"118201","Celebre Store","IT","Not Joined","Google","F564","","Italian","Retail","2026-06-13 13:44:25","2026-06-13 13:44:25","1639","https://ui.awin.com/productdata-darwin-download/publisher/2933261/fa0ea60ea5f17aca3a0224f06ab4d131/1/feed/F564.csv.gz"
"118271","Framed Works","GB","Not Joined","Google","F590","","English","Retail","2026-06-13 13:41:20","2026-06-13 13:41:20","1137","https://ui.awin.com/productdata-darwin-download/publisher/2933261/fa0ea60ea5f17aca3a0224f06ab4d131/1/feed/F590.csv.gz"
"118079","Baby Shusher","US","Not Joined","Google","F593","","English","Retail","2026-06-13 14:46:25","2026-06-13 14:46:25","24","https://ui.awin.com/productdata-darwin-download/publisher/2933261/fa0ea60ea5f17aca3a0224f06ab4d131/1/feed/F593.csv.gz"
"115943","Normanwalsh","GB","Not Joined","Google","F601","","English","Retail","2026-06-13 11:43:19","2026-06-13 11:43:19","1217","https://ui.awin.com/productdata-darwin-download/publisher/2933261/fa0ea60ea5f17aca3a0224f06ab4d131/1/feed/F601.csv.gz"
"57285","garden sanctuary.","TR","Not Joined","Google","F620","","English","Retail","2025-08-27 22:46:00","2025-08-27 22:46:00","37","https://ui.awin.com/productdata-darwin-download/publisher/2933261/fa0ea60ea5f17aca3a0224f06ab4d131/1/feed/F620.csv.gz"
"118139","hansmaker Affiliate Program","US","Not Joined","Google","F625","","English","Retail","2026-04-10 07:02:36","2026-04-10 07:02:36","23","https://ui.awin.com/productdata-darwin-download/publisher/2933261/fa0ea60ea5f17aca3a0224f06ab4d131/1/feed/F625.csv.gz"
"75796","Afewvibe LTD","US","Not Joined","Google","F689","","English","Retail","2026-06-13 14:03:41","2026-06-13 14:03:41","2939","https://ui.awin.com/productdata-darwin-download/publisher/2933261/fa0ea60ea5f17aca3a0224f06ab4d131/1/feed/F689.csv.gz"
"107524","HongKong Caesar lmport &amp; Export Co., Limited","DE","Not Joined","Google","F721","","English","Retail","2026-06-13 14:31:34","2026-06-13 14:31:34","287","https://ui.awin.com/productdata-darwin-download/publisher/2933261/fa0ea60ea5f17aca3a0224f06ab4d131/1/feed/F721.csv.gz"
"116843","StepMotech","GB","Not Joined","Google","F752","","English","Retail","2025-07-31 06:21:07","2025-07-31 06:21:07","1","https://ui.awin.com/productdata-darwin-download/publisher/2933261/fa0ea60ea5f17aca3a0224f06ab4d131/1/feed/F752.csv.gz"
"17453","goettgen.de - Das grosse Schmuck und Uhrenportal","DE","Not Joined","Google","F759","","German","Retail","2026-06-13 15:06:09","2026-06-13 15:06:09","18196","https://ui.awin.com/productdata-darwin-download/publisher/2933261/fa0ea60ea5f17aca3a0224f06ab4d131/1/feed/F759.csv.gz"
"96145","HCK REFRIGERATOR HI-TECH COMPANY LIMITED","DE","Not Joined","Google","F832","","German","Retail","2026-06-13 15:19:00","2026-06-13 15:19:00","13","https://ui.awin.com/productdata-darwin-download/publisher/2933261/fa0ea60ea5f17aca3a0224f06ab4d131/1/feed/F832.csv.gz"
"118551","OLAOLA","US","Not Joined","Google","F835","","English","Retail","2026-06-13 14:35:27","2026-06-13 14:35:27","640","https://ui.awin.com/productdata-darwin-download/publisher/2933261/fa0ea60ea5f17aca3a0224f06ab4d131/1/feed/F835.csv.gz"
"87175","Beyond Memories","US","Not Joined","Google","F918","","English","Retail","2026-06-13 14:42:52","2026-06-13 14:42:52","938","https://ui.awin.com/productdata-darwin-download/publisher/2933261/fa0ea60ea5f17aca3a0224f06ab4d131/1/feed/F918.csv.gz"
"118511","Yeamon Beauty","US","Not Joined","Google","F932","","English","Retail","2026-06-13 14:18:17","2026-06-13 14:18:17","12","https://ui.awin.com/productdata-darwin-download/publisher/2933261/fa0ea60ea5f17aca3a0224f06ab4d131/1/feed/F932.csv.gz"
"114444","Earkings NL","NL","Not Joined","Google","F951","","Dutch","Retail","2026-06-13 14:27:34","2026-06-13 14:27:34","183","https://ui.awin.com/productdata-darwin-download/publisher/2933261/fa0ea60ea5f17aca3a0224f06ab4d131/1/feed/F951.csv.gz"
"107998","Cheap Furniture Warehouse","GB","Not Joined","Google","F970","","English","Retail","2026-06-13 14:16:34","2026-06-13 14:16:34","2266","https://ui.awin.com/productdata-darwin-download/publisher/2933261/fa0ea60ea5f17aca3a0224f06ab4d131/1/feed/F970.csv.gz"
"51893","Watch Home Awin First","GB","Not Joined","Google","F983","","English","Retail","2026-06-13 14:14:08","2026-06-13 14:14:08","1267","https://ui.awin.com/productdata-darwin-download/publisher/2933261/fa0ea60ea5f17aca3a0224f06ab4d131/1/feed/F983.csv.gz"
"114046","Cerqular","US","Not Joined","Google","F1028","","English","Retail","2026-06-13 15:43:05","2026-06-13 15:43:05","182779","https://ui.awin.com/productdata-darwin-download/publisher/2933261/fa0ea60ea5f17aca3a0224f06ab4d131/1/feed/F1028.csv.gz"
"119193","Mantra Flow","US","Not Joined","Google","F1063","","English","Retail","2026-06-13 14:33:06","2026-06-13 14:33:06","226","https://ui.awin.com/productdata-darwin-download/publisher/2933261/fa0ea60ea5f17aca3a0224f06ab4d131/1/feed/F1063.csv.gz"
"119297","RaysDanc home use IPL laser hair remover","US","Not Joined","Google","F1130","","English","Retail","2026-06-13 13:47:47","2026-06-13 13:47:47","5","https://ui.awin.com/productdata-darwin-download/publisher/2933261/fa0ea60ea5f17aca3a0224f06ab4d131/1/feed/F1130.csv.gz"
"119395","Fosi Audio","US","Not Joined","Google","F1133","","English","Retail","2026-06-13 14:27:18","2026-06-13 14:27:18","363","https://ui.awin.com/productdata-darwin-download/publisher/2933261/fa0ea60ea5f17aca3a0224f06ab4d131/1/feed/F1133.csv.gz"
"119365","Elenker","US","Not Joined","Google","F1180","","English","Retail","2026-06-13 14:33:37","2026-06-13 14:33:37","113","https://ui.awin.com/productdata-darwin-download/publisher/2933261/fa0ea60ea5f17aca3a0224f06ab4d131/1/feed/F1180.csv.gz"
"119037","Atelier De Glow","GB","Not Joined","Google","F1207","","English","Retail","2026-06-13 14:16:04","2026-06-13 14:16:04","693","https://ui.awin.com/productdata-darwin-download/publisher/2933261/fa0ea60ea5f17aca3a0224f06ab4d131/1/feed/F1207.csv.gz"
"119345","RumbleBox","DE","Not Joined","Google","F1219","","German","Retail","2026-06-13 13:32:36","2026-06-13 13:32:36","24","https://ui.awin.com/productdata-darwin-download/publisher/2933261/fa0ea60ea5f17aca3a0224f06ab4d131/1/feed/F1219.csv.gz"
"119387","NorthSky Supply","US","Not Joined","Google","F1259","","English","Retail","2026-06-13 14:00:44","2026-06-13 14:00:44","1318","https://ui.awin.com/productdata-darwin-download/publisher/2933261/fa0ea60ea5f17aca3a0224f06ab4d131/1/feed/F1259.csv.gz"
"119761","Yeloly","US","Not Joined","Google","F1303","","English","Retail","2026-06-13 14:09:05","2026-06-13 14:09:05","90","https://ui.awin.com/productdata-darwin-download/publisher/2933261/fa0ea60ea5f17aca3a0224f06ab4d131/1/feed/F1303.csv.gz"
"119513","Edify","US","Not Joined","Google","F1318","","English","Retail","2026-06-13 14:54:56","2026-06-13 14:54:56","29","https://ui.awin.com/productdata-darwin-download/publisher/2933261/fa0ea60ea5f17aca3a0224f06ab4d131/1/feed/F1318.csv.gz"
"119369","The BitJoy eSIM (US)","US","Not Joined","Google","F1335","","English","Retail","2026-06-13 13:46:42","2026-06-13 13:46:42","1755","https://ui.awin.com/productdata-darwin-download/publisher/2933261/fa0ea60ea5f17aca3a0224f06ab4d131/1/feed/F1335.csv.gz"
"119813","Will & Bear","AU","Not Joined","Google","F1339","","English","Retail","2026-04-27 21:56:54","2026-04-27 21:56:54","360","https://ui.awin.com/productdata-darwin-download/publisher/2933261/fa0ea60ea5f17aca3a0224f06ab4d131/1/feed/F1339.csv.gz"
"119703","Vatrer","US","Not Joined","Google","F1341","","English","Retail","2026-06-13 13:44:25","2026-06-13 13:44:25","570","https://ui.awin.com/productdata-darwin-download/publisher/2933261/fa0ea60ea5f17aca3a0224f06ab4d131/1/feed/F1341.csv.gz"
"112976","Brisks Outdoors","GB","Not Joined","Google","F1345","","English","Retail","2026-06-13 13:37:03","2026-06-13 13:37:03","1663","https://ui.awin.com/productdata-darwin-download/publisher/2933261/fa0ea60ea5f17aca3a0224f06ab4d131/1/feed/F1345.csv.gz"
"70402","Thesupermade Inc","US","Not Joined","Google","F1352","","English","Retail","2026-06-13 15:36:23","2026-06-13 15:36:23","10257","https://ui.awin.com/productdata-darwin-download/publisher/2933261/fa0ea60ea5f17aca3a0224f06ab4d131/1/feed/F1352.csv.gz"
"66912","Beyond Shakers","GB","Not Joined","Google","F1355","","English","Retail","2026-06-13 13:46:11","2026-06-13 13:46:11","66","https://ui.awin.com/productdata-darwin-download/publisher/2933261/fa0ea60ea5f17aca3a0224f06ab4d131/1/feed/F1355.csv.gz"
"45747","Craft Buddy Shop","GB","Not Joined","Google","F1356","","English","Retail","2026-06-13 14:50:35","2026-06-13 14:50:35","1375","https://ui.awin.com/productdata-darwin-download/publisher/2933261/fa0ea60ea5f17aca3a0224f06ab4d131/1/feed/F1356.csv.gz"
"67434","Car Audio Centre","GB","Not Joined","Google","F1406","","English","Retail","2026-06-13 15:04:49","2026-06-13 15:04:49","6597","https://ui.awin.com/productdata-darwin-download/publisher/2933261/fa0ea60ea5f17aca3a0224f06ab4d131/1/feed/F1406.csv.gz"
"119879","Lancer Camera Backpack","US","Not Joined","Google","F1413","","English","Retail","2026-06-13 14:18:51","2026-06-13 14:18:51","64","https://ui.awin.com/productdata-darwin-download/publisher/2933261/fa0ea60ea5f17aca3a0224f06ab4d131/1/feed/F1413.csv.gz"
"120193","Twist","US","Not Joined","Google","F1424","","English","Retail","2026-06-13 14:49:03","2026-06-13 14:49:03","163","https://ui.awin.com/productdata-darwin-download/publisher/2933261/fa0ea60ea5f17aca3a0224f06ab4d131/1/feed/F1424.csv.gz"
"120341","Ahipos Horses","DE","Not Joined","Google","F1484","","German","Retail","2026-06-13 14:00:08","2026-06-13 14:00:08","24","https://ui.awin.com/productdata-darwin-download/publisher/2933261/fa0ea60ea5f17aca3a0224f06ab4d131/1/feed/F1484.csv.gz"
"119683","Blooh","US","Not Joined","Google","F1517","","English","Retail","2026-06-13 14:55:42","2026-06-13 14:55:42","129","https://ui.awin.com/productdata-darwin-download/publisher/2933261/fa0ea60ea5f17aca3a0224f06ab4d131/1/feed/F1517.csv.gz"
"31213","Lir Pharmacy","IE","Not Joined","Google","F1519","","English","Retail","2026-06-13 11:26:46","2026-06-13 11:26:46","2697","https://ui.awin.com/productdata-darwin-download/publisher/2933261/fa0ea60ea5f17aca3a0224f06ab4d131/1/feed/F1519.csv.gz"
"120445","Stickalz – Car Graphics & Vehicle Decals","US","Not Joined","Google","F1542","","English","Retail","2026-06-13 15:30:04","2026-06-13 15:30:04","56478","https://ui.awin.com/productdata-darwin-download/publisher/2933261/fa0ea60ea5f17aca3a0224f06ab4d131/1/feed/F1542.csv.gz"
"120213","Flooring Monster","GB","Not Joined","Google","F1583","","English","Retail","2026-06-13 13:55:24","2026-06-13 13:55:24","1105","https://ui.awin.com/productdata-darwin-download/publisher/2933261/fa0ea60ea5f17aca3a0224f06ab4d131/1/feed/F1583.csv.gz"
"117883","Max Recovery Clothing","US","Not Joined","Google","F1587","","English","Retail","2026-05-25 22:22:28","2026-05-25 22:22:28","4","https://ui.awin.com/productdata-darwin-download/publisher/2933261/fa0ea60ea5f17aca3a0224f06ab4d131/1/feed/F1587.csv.gz"
"119757","Wellshave","NL","Not Joined","Google","F1611","","Dutch","Retail","2026-06-13 15:01:28","2026-06-13 15:01:28","50","https://ui.awin.com/productdata-darwin-download/publisher/2933261/fa0ea60ea5f17aca3a0224f06ab4d131/1/feed/F1611.csv.gz"
"118427","QUIKFLIP Hoodies convert to a backpack","DE","Not Joined","Google","F1625","","German","Retail","2026-06-13 13:42:51","2026-06-13 13:42:51","95","https://ui.awin.com/productdata-darwin-download/publisher/2933261/fa0ea60ea5f17aca3a0224f06ab4d131/1/feed/F1625.csv.gz"
"119901","Living with Luxury","GB","Not Joined","Google","F1644","","English","Retail","2026-06-13 15:13:24","2026-06-13 15:13:24","3641","https://ui.awin.com/productdata-darwin-download/publisher/2933261/fa0ea60ea5f17aca3a0224f06ab4d131/1/feed/F1644.csv.gz"
"102231","PartyPro NL","NL","Not Joined","Google","F1655","","Dutch","Retail","2026-06-13 14:08:18","2026-06-13 14:08:18","371","https://ui.awin.com/productdata-darwin-download/publisher/2933261/fa0ea60ea5f17aca3a0224f06ab4d131/1/feed/F1655.csv.gz"
"120435","Pixie Dixie","GB","Not Joined","Google","F1662","","English","Retail","2026-06-13 14:41:46","2026-06-13 14:41:46","133","https://ui.awin.com/productdata-darwin-download/publisher/2933261/fa0ea60ea5f17aca3a0224f06ab4d131/1/feed/F1662.csv.gz"
"120898","VSGO","US","Not Joined","Google","F1750","","English","Retail","2026-06-13 14:34:34","2026-06-13 14:34:34","262","https://ui.awin.com/productdata-darwin-download/publisher/2933261/fa0ea60ea5f17aca3a0224f06ab4d131/1/feed/F1750.csv.gz"
"120575","ASMAX","US","Not Joined","Google","F1756","","English","Retail","2026-06-13 15:04:26","2026-06-13 15:04:26","29","https://ui.awin.com/productdata-darwin-download/publisher/2933261/fa0ea60ea5f17aca3a0224f06ab4d131/1/feed/F1756.csv.gz"
"101327","KingRoon 3D Printer US closed 06.08.2025","US","Not Joined","Google","F1759","","English","Retail","2026-06-13 14:56:08","2026-06-13 14:56:08","2315","https://ui.awin.com/productdata-darwin-download/publisher/2933261/fa0ea60ea5f17aca3a0224f06ab4d131/1/feed/F1759.csv.gz"
"97753","UPPER Brand | Best Diaper Bag","US","Not Joined","Google","F1774","","English","Retail","2026-06-13 14:19:21","2026-06-13 14:19:21","154","https://ui.awin.com/productdata-darwin-download/publisher/2933261/fa0ea60ea5f17aca3a0224f06ab4d131/1/feed/F1774.csv.gz"
"45949","MASON New York Jewelry","US","Not Joined","Google","F1775","","English","Retail","2026-06-13 14:11:36","2026-06-13 14:11:36","457","https://ui.awin.com/productdata-darwin-download/publisher/2933261/fa0ea60ea5f17aca3a0224f06ab4d131/1/feed/F1775.csv.gz"
"120950","Mason & Madison Co. Jewelry - US","US","Not Joined","Google","F1776","","English","Retail","2026-06-13 13:57:07","2026-06-13 13:57:07","2","https://ui.awin.com/productdata-darwin-download/publisher/2933261/fa0ea60ea5f17aca3a0224f06ab4d131/1/feed/F1776.csv.gz"
"121112","Biobees","GB","Not Joined","Google","F1780","","English","Retail","2026-06-13 13:41:39","2026-06-13 13:41:39","3","https://ui.awin.com/productdata-darwin-download/publisher/2933261/fa0ea60ea5f17aca3a0224f06ab4d131/1/feed/F1780.csv.gz"
"121158","TouchBeauty","US","Not Joined","Google","F1789","","English","Retail","2026-05-21 05:33:10","2026-05-21 05:33:10","42","https://ui.awin.com/productdata-darwin-download/publisher/2933261/fa0ea60ea5f17aca3a0224f06ab4d131/1/feed/F1789.csv.gz"
"121156","YCZ Fragrance","US","Not Joined","Google","F1820","","English","Retail","2026-04-13 07:08:57","2026-04-13 07:08:57","62","https://ui.awin.com/productdata-darwin-download/publisher/2933261/fa0ea60ea5f17aca3a0224f06ab4d131/1/feed/F1820.csv.gz"
"87441","COCORO ES","ES","Not Joined","Google","F1825","","Spanish","Retail","2026-06-13 13:48:18","2026-06-13 13:48:18","347","https://ui.awin.com/productdata-darwin-download/publisher/2933261/fa0ea60ea5f17aca3a0224f06ab4d131/1/feed/F1825.csv.gz"
"121096","Juntos Affiliates","US","Not Joined","Google","F1827","","English","Retail","2026-06-13 14:36:30","2026-06-13 14:36:30","98","https://ui.awin.com/productdata-darwin-download/publisher/2933261/fa0ea60ea5f17aca3a0224f06ab4d131/1/feed/F1827.csv.gz"
"120890","Azomalli Tea","US","Not Joined","Google","F1829","","English","Retail","2026-06-13 13:40:29","2026-06-13 13:40:29","8","https://ui.awin.com/productdata-darwin-download/publisher/2933261/fa0ea60ea5f17aca3a0224f06ab4d131/1/feed/F1829.csv.gz"
"120451","JOLTBOLT","GB","Not Joined","Google","F1832","","English","Retail","2026-06-13 14:47:28","2026-06-13 14:47:28","21","https://ui.awin.com/productdata-darwin-download/publisher/2933261/fa0ea60ea5f17aca3a0224f06ab4d131/1/feed/F1832.csv.gz"
"121298","Everdry official affiliate","US","Not Joined","Google","F1837","","English","Retail","2026-06-13 13:38:16","2026-06-13 13:38:16","117","https://ui.awin.com/productdata-darwin-download/publisher/2933261/fa0ea60ea5f17aca3a0224f06ab4d131/1/feed/F1837.csv.gz"
"121316","Red Run","GB","Not Joined","Google","F1856","","English","Retail","2026-06-13 14:43:34","2026-06-13 14:43:34","844","https://ui.awin.com/productdata-darwin-download/publisher/2933261/fa0ea60ea5f17aca3a0224f06ab4d131/1/feed/F1856.csv.gz"
"121192","Pillow Factory","GB","Not Joined","Google","F1862","","English","Retail","2026-06-13 15:17:58","2026-06-13 15:17:58","668","https://ui.awin.com/productdata-darwin-download/publisher/2933261/fa0ea60ea5f17aca3a0224f06ab4d131/1/feed/F1862.csv.gz"
"121338","Isme Swim","US","Not Joined","Google","F1865","","English","Retail","2026-06-13 13:40:49","2026-06-13 13:40:49","388","https://ui.awin.com/productdata-darwin-download/publisher/2933261/fa0ea60ea5f17aca3a0224f06ab4d131/1/feed/F1865.csv.gz"
"121388","Bloom & Wall – Designer Peel & Stick Wallpapers","US","Not Joined","Google","F1877","","English","Retail","2026-06-13 13:45:29","2026-06-13 13:45:29","19283","https://ui.awin.com/productdata-darwin-download/publisher/2933261/fa0ea60ea5f17aca3a0224f06ab4d131/1/feed/F1877.csv.gz"
"101517","Scottish Fine Soaps UK","GB","Not Joined","Google","F1886","","English","Retail","2026-06-13 14:34:01","2026-06-13 14:34:01","190","https://ui.awin.com/productdata-darwin-download/publisher/2933261/fa0ea60ea5f17aca3a0224f06ab4d131/1/feed/F1886.csv.gz"
"121382","LOTFLY - lotflycare.com","US","Not Joined","Google","F1914","","English","Retail","2026-06-13 14:55:04","2026-06-13 14:55:04","116","https://ui.awin.com/productdata-darwin-download/publisher/2933261/fa0ea60ea5f17aca3a0224f06ab4d131/1/feed/F1914.csv.gz"
"121340","Unisoar","US","Not Joined","Google","F1932","","English","Retail","2026-06-13 14:43:54","2026-06-13 14:43:54","93","https://ui.awin.com/productdata-darwin-download/publisher/2933261/fa0ea60ea5f17aca3a0224f06ab4d131/1/feed/F1932.csv.gz"
"38418","Pro Espresso","GB","Not Joined","Google","F1937","","English","Retail","2026-06-13 14:17:26","2026-06-13 14:17:26","82","https://ui.awin.com/productdata-darwin-download/publisher/2933261/fa0ea60ea5f17aca3a0224f06ab4d131/1/feed/F1937.csv.gz"
"121288","Fazari","US","Not Joined","Google","F1956","","English","Retail","2025-12-08 02:53:37","2025-12-08 02:53:37","236","https://ui.awin.com/productdata-darwin-download/publisher/2933261/fa0ea60ea5f17aca3a0224f06ab4d131/1/feed/F1956.csv.gz"
"121696","Coziwow","US","Not Joined","Google","F1957","","English","Retail","2026-06-13 14:08:59","2026-06-13 14:08:59","244","https://ui.awin.com/productdata-darwin-download/publisher/2933261/fa0ea60ea5f17aca3a0224f06ab4d131/1/feed/F1957.csv.gz"
"121596","AEKE PR","US","Not Joined","Google","F1958","","English","Retail","2026-06-13 14:30:52","2026-06-13 14:30:52","24","https://ui.awin.com/productdata-darwin-download/publisher/2933261/fa0ea60ea5f17aca3a0224f06ab4d131/1/feed/F1958.csv.gz"
"121742","That Tote Bag partners","US","Not Joined","Google","F1960","","English","Retail","2026-06-13 14:45:11","2026-06-13 14:45:11","13","https://ui.awin.com/productdata-darwin-download/publisher/2933261/fa0ea60ea5f17aca3a0224f06ab4d131/1/feed/F1960.csv.gz"
"121458","WOSPORTS","US","Not Joined","Google","F1980","","English","Retail","2026-06-13 14:18:22","2026-06-13 14:18:22","69","https://ui.awin.com/productdata-darwin-download/publisher/2933261/fa0ea60ea5f17aca3a0224f06ab4d131/1/feed/F1980.csv.gz"
"118553","Black Canyon Home & Body","US","Not Joined","Google","F1986","","English","Retail","2026-06-13 14:23:04","2026-06-13 14:23:04","11823","https://ui.awin.com/productdata-darwin-download/publisher/2933261/fa0ea60ea5f17aca3a0224f06ab4d131/1/feed/F1986.csv.gz"
"121896","Bella Maison USA Affiliate Program","US","Not Joined","Google","F1992","","English","Retail","2026-06-13 14:07:15","2026-06-13 14:07:15","732","https://ui.awin.com/productdata-darwin-download/publisher/2933261/fa0ea60ea5f17aca3a0224f06ab4d131/1/feed/F1992.csv.gz"
"121620","Pawp Culture","US","Not Joined","Google","F1993","","English","Retail","2026-06-13 13:50:41","2026-06-13 13:50:41","12","https://ui.awin.com/productdata-darwin-download/publisher/2933261/fa0ea60ea5f17aca3a0224f06ab4d131/1/feed/F1993.csv.gz"
"114094","Mint Outdoor","GB","Not Joined","Google","F2016","","English","Retail","2026-06-13 13:58:52","2026-06-13 13:58:52","188","https://ui.awin.com/productdata-darwin-download/publisher/2933261/fa0ea60ea5f17aca3a0224f06ab4d131/1/feed/F2016.csv.gz"
"121546","Furniture Store","GB","Not Joined","Google","F2028","","English","Retail","2026-06-13 15:00:53","2026-06-13 15:00:53","3230","https://ui.awin.com/productdata-darwin-download/publisher/2933261/fa0ea60ea5f17aca3a0224f06ab4d131/1/feed/F2028.csv.gz"
"48313","Branded Beauty Affiliate Programme","GB","Not Joined","Google","F2036","","English","Retail","2026-06-13 15:36:17","2026-06-13 15:36:17","7700","https://ui.awin.com/productdata-darwin-download/publisher/2933261/fa0ea60ea5f17aca3a0224f06ab4d131/1/feed/F2036.csv.gz"
"113182","Giftomory","US","Not Joined","Google","F2100","","English","Retail","2026-06-13 15:10:20","2026-06-13 15:10:20","109079","https://ui.awin.com/productdata-darwin-download/publisher/2933261/fa0ea60ea5f17aca3a0224f06ab4d131/1/feed/F2100.csv.gz"
"116299","Atelier du diamant","FR","Not Joined","Google","F2115","","French","Retail","2026-06-13 14:24:20","2026-06-13 14:24:20","28022","https://ui.awin.com/productdata-darwin-download/publisher/2933261/fa0ea60ea5f17aca3a0224f06ab4d131/1/feed/F2115.csv.gz"
"122276","ATOTO","US","Not Joined","Google","F2118","","English","Retail","2026-06-13 14:49:22","2026-06-13 14:49:22","1742","https://ui.awin.com/productdata-darwin-download/publisher/2933261/fa0ea60ea5f17aca3a0224f06ab4d131/1/feed/F2118.csv.gz"
"122368","Hula Daddy Kona Coffee","US","Not Joined","Google","F2140","","English","Retail","2026-06-13 13:59:57","2026-06-13 13:59:57","65","https://ui.awin.com/productdata-darwin-download/publisher/2933261/fa0ea60ea5f17aca3a0224f06ab4d131/1/feed/F2140.csv.gz"
"122382","Watch Enclave Affiliate Programme","GB","Not Joined","Google","F2150","","English","Retail","2026-06-13 15:18:10","2026-06-13 15:18:10","975","https://ui.awin.com/productdata-darwin-download/publisher/2933261/fa0ea60ea5f17aca3a0224f06ab4d131/1/feed/F2150.csv.gz"
"122444","InStock UK","GB","Not Joined","Google","F2189","","English","Retail","2026-06-13 15:38:28","2026-06-13 15:38:28","222717","https://ui.awin.com/productdata-darwin-download/publisher/2933261/fa0ea60ea5f17aca3a0224f06ab4d131/1/feed/F2189.csv.gz"
"122490","FLOWSTEAM","NL","Not Joined","Google","F2193","","Dutch","Retail","2026-06-13 14:12:32","2026-06-13 14:12:32","18","https://ui.awin.com/productdata-darwin-download/publisher/2933261/fa0ea60ea5f17aca3a0224f06ab4d131/1/feed/F2193.csv.gz"
"121412","The Foam People","GB","Not Joined","Google","F2201","","English","Retail","2026-06-13 13:57:13","2026-06-13 13:57:13","1230","https://ui.awin.com/productdata-darwin-download/publisher/2933261/fa0ea60ea5f17aca3a0224f06ab4d131/1/feed/F2201.csv.gz"
"121948","Fra' Mani","US","Not Joined","Google","F2216","","English","Retail","2026-06-13 14:26:52","2026-06-13 14:26:52","35","https://ui.awin.com/productdata-darwin-download/publisher/2933261/fa0ea60ea5f17aca3a0224f06ab4d131/1/feed/F2216.csv.gz"
"122762","meri select","GB","Not Joined","Google","F2224","","English","Retail","2026-06-13 14:04:56","2026-06-13 14:04:56","66","https://ui.awin.com/productdata-darwin-download/publisher/2933261/fa0ea60ea5f17aca3a0224f06ab4d131/1/feed/F2224.csv.gz"
"121804","SONNI Affiliate Program","US","Not Joined","Google","F2225","","English","Retail","2026-06-13 14:13:47","2026-06-13 14:13:47","22","https://ui.awin.com/productdata-darwin-download/publisher/2933261/fa0ea60ea5f17aca3a0224f06ab4d131/1/feed/F2225.csv.gz"
"122824","Lets Buy Books","GB","Not Joined","Google","F2239","","English","Retail","2026-06-13 14:56:05","2026-06-13 14:56:05","6175","https://ui.awin.com/productdata-darwin-download/publisher/2933261/fa0ea60ea5f17aca3a0224f06ab4d131/1/feed/F2239.csv.gz"
"120846","UVILIZER Affiliates","US","Not Joined","Google","F2249","","English","Retail","2026-06-13 13:37:39","2026-06-13 13:37:39","6","https://ui.awin.com/productdata-darwin-download/publisher/2933261/fa0ea60ea5f17aca3a0224f06ab4d131/1/feed/F2249.csv.gz"
"75674","Boxed2me","GB","Not Joined","Google","F2266","","English","Retail","2026-06-13 14:26:32","2026-06-13 14:26:32","7260","https://ui.awin.com/productdata-darwin-download/publisher/2933261/fa0ea60ea5f17aca3a0224f06ab4d131/1/feed/F2266.csv.gz"
"122922","ShadowGPS","US","Not Joined","Google","F2268","","English","Retail","2026-06-13 13:54:41","2026-06-13 13:54:41","9","https://ui.awin.com/productdata-darwin-download/publisher/2933261/fa0ea60ea5f17aca3a0224f06ab4d131/1/feed/F2268.csv.gz"
"122944","HealthyDerm","US","Not Joined","Google","F2291","","English","Retail","2026-06-13 14:23:54","2026-06-13 14:23:54","10","https://ui.awin.com/productdata-darwin-download/publisher/2933261/fa0ea60ea5f17aca3a0224f06ab4d131/1/feed/F2291.csv.gz"
"122840","SUNJOY EU","DE","Not Joined","Google","F2299","","German","Retail","2026-06-13 14:33:20","2026-06-13 14:33:20","98","https://ui.awin.com/productdata-darwin-download/publisher/2933261/fa0ea60ea5f17aca3a0224f06ab4d131/1/feed/F2299.csv.gz"
"122838","SUNJOY UK","GB","Not Joined","Google","F2300","","English","Retail","2026-06-13 14:18:05","2026-06-13 14:18:05","75","https://ui.awin.com/productdata-darwin-download/publisher/2933261/fa0ea60ea5f17aca3a0224f06ab4d131/1/feed/F2300.csv.gz"
"122972","Climax Change","NL","Not Joined","Google","F2304","","Dutch","Retail","2026-06-13 13:50:17","2026-06-13 13:50:17","45","https://ui.awin.com/productdata-darwin-download/publisher/2933261/fa0ea60ea5f17aca3a0224f06ab4d131/1/feed/F2304.csv.gz"
"21251","Lyfespan","GB","Not Joined","Google","F2306","","English","Retail","2026-06-13 15:10:39","2026-06-13 15:10:39","284","https://ui.awin.com/productdata-darwin-download/publisher/2933261/fa0ea60ea5f17aca3a0224f06ab4d131/1/feed/F2306.csv.gz"
"122456","ROCKBROS","DE","Not Joined","Google","F2308","","German","Retail","2026-06-13 14:46:55","2026-06-13 14:46:55","5335","https://ui.awin.com/productdata-darwin-download/publisher/2933261/fa0ea60ea5f17aca3a0224f06ab4d131/1/feed/F2308.csv.gz"
"69178","AKKO UK","FR","Not Joined","Google","F2334","","English","Retail","2026-06-13 14:23:13","2026-06-13 14:23:13","2664","https://ui.awin.com/productdata-darwin-download/publisher/2933261/fa0ea60ea5f17aca3a0224f06ab4d131/1/feed/F2334.csv.gz"
"122958","Mojo Fun","US","Not Joined","Google","F2343","","English","Retail","2026-06-13 14:40:19","2026-06-13 14:40:19","402","https://ui.awin.com/productdata-darwin-download/publisher/2933261/fa0ea60ea5f17aca3a0224f06ab4d131/1/feed/F2343.csv.gz"
"122644","Extreme Comfort","GB","Not Joined","Google","F2344","","English","Retail","2026-06-13 14:09:04","2026-06-13 14:09:04","392","https://ui.awin.com/productdata-darwin-download/publisher/2933261/fa0ea60ea5f17aca3a0224f06ab4d131/1/feed/F2344.csv.gz"
"122648","The Sleep People","GB","Not Joined","Google","F2345","","English","Retail","2026-06-13 14:46:31","2026-06-13 14:46:31","896","https://ui.awin.com/productdata-darwin-download/publisher/2933261/fa0ea60ea5f17aca3a0224f06ab4d131/1/feed/F2345.csv.gz"
"121884","Starlight Beds","GB","Not Joined","Google","F2346","","English","Retail","2026-06-13 13:58:14","2026-06-13 13:58:14","911","https://ui.awin.com/productdata-darwin-download/publisher/2933261/fa0ea60ea5f17aca3a0224f06ab4d131/1/feed/F2346.csv.gz"
"119965","Sitpack","DK","Not Joined","Google","F2347","","English","Retail","2026-06-13 14:22:05","2026-06-13 14:22:05","48","https://ui.awin.com/productdata-darwin-download/publisher/2933261/fa0ea60ea5f17aca3a0224f06ab4d131/1/feed/F2347.csv.gz"
"122468","Layermor","US","Not Joined","Google","F2348","","English","Retail","2026-06-13 14:51:36","2026-06-13 14:51:36","7","https://ui.awin.com/productdata-darwin-download/publisher/2933261/fa0ea60ea5f17aca3a0224f06ab4d131/1/feed/F2348.csv.gz"
"101763","Mirlux Spiegels Affiliate","NL","Not Joined","Google","F2359","","Dutch","Retail","2026-06-13 11:00:59","2026-06-13 11:00:59","186","https://ui.awin.com/productdata-darwin-download/publisher/2933261/fa0ea60ea5f17aca3a0224f06ab4d131/1/feed/F2359.csv.gz"
"122666","Artless Forever","US","Not Joined","Google","F2361","","English","Retail","2026-06-13 15:17:38","2026-06-13 15:17:38","548","https://ui.awin.com/productdata-darwin-download/publisher/2933261/fa0ea60ea5f17aca3a0224f06ab4d131/1/feed/F2361.csv.gz"
"123248","Opulensi Perfumes Lattafa Sapil Anfar","GB","Not Joined","Google","F2362","","English","Retail","2026-06-13 13:38:31","2026-06-13 13:38:31","595","https://ui.awin.com/productdata-darwin-download/publisher/2933261/fa0ea60ea5f17aca3a0224f06ab4d131/1/feed/F2362.csv.gz"
"123074","hugmoom curtains","US","Not Joined","Google","F2363","","English","Retail","2026-06-13 14:20:05","2026-06-13 14:20:05","1935","https://ui.awin.com/productdata-darwin-download/publisher/2933261/fa0ea60ea5f17aca3a0224f06ab4d131/1/feed/F2363.csv.gz"
"122946","COLAMY","US","Not Joined","Google","F2376","","English","Retail","2026-06-13 15:01:16","2026-06-13 15:01:16","202","https://ui.awin.com/productdata-darwin-download/publisher/2933261/fa0ea60ea5f17aca3a0224f06ab4d131/1/feed/F2376.csv.gz"
"107838","Magicshine","US","Not Joined","Google","F2387","","English","Retail","2026-06-13 14:33:44","2026-06-13 14:33:44","400","https://ui.awin.com/productdata-darwin-download/publisher/2933261/fa0ea60ea5f17aca3a0224f06ab4d131/1/feed/F2387.csv.gz"
"123388","PawFurEver","US","Not Joined","Google","F2408","","English","Retail","2026-05-22 10:01:41","2026-05-22 10:01:41","467","https://ui.awin.com/productdata-darwin-download/publisher/2933261/fa0ea60ea5f17aca3a0224f06ab4d131/1/feed/F2408.csv.gz"
"116853","Curo Skin","GB","Not Joined","Google","F2411","","English","Retail","2026-06-13 14:23:22","2026-06-13 14:23:22","12","https://ui.awin.com/productdata-darwin-download/publisher/2933261/fa0ea60ea5f17aca3a0224f06ab4d131/1/feed/F2411.csv.gz"
"123146","Lilo's Nature","NL","Not Joined","Google","F2413","","Dutch","Retail","2026-06-13 14:36:06","2026-06-13 14:36:06","552","https://ui.awin.com/productdata-darwin-download/publisher/2933261/fa0ea60ea5f17aca3a0224f06ab4d131/1/feed/F2413.csv.gz"
"109952","Andyanand US","US","Not Joined","Google","F2432","","English","Retail","2026-06-13 14:46:31","2026-06-13 14:46:31","324","https://ui.awin.com/productdata-darwin-download/publisher/2933261/fa0ea60ea5f17aca3a0224f06ab4d131/1/feed/F2432.csv.gz"
"114180","Sinocare","GB","Not Joined","Google","F2468","","English","Retail","2026-06-13 14:09:41","2026-06-13 14:09:41","107","https://ui.awin.com/productdata-darwin-download/publisher/2933261/fa0ea60ea5f17aca3a0224f06ab4d131/1/feed/F2468.csv.gz"
"46851","Geepas Partner Program","GB","Not Joined","Google","F2475","","English","Retail","2026-06-13 14:06:45","2026-06-13 14:06:45","1181","https://ui.awin.com/productdata-darwin-download/publisher/2933261/fa0ea60ea5f17aca3a0224f06ab4d131/1/feed/F2475.csv.gz"
"123670","Aesthetic","US","Not Joined","Google","F2492","","English","Retail","2026-06-13 14:38:23","2026-06-13 14:38:23","677","https://ui.awin.com/productdata-darwin-download/publisher/2933261/fa0ea60ea5f17aca3a0224f06ab4d131/1/feed/F2492.csv.gz"
"41374","yesshop","IT","Not Joined","Google","F2498","","Italian","Retail","2026-06-13 11:15:48","2026-06-13 11:15:48","1327","https://ui.awin.com/productdata-darwin-download/publisher/2933261/fa0ea60ea5f17aca3a0224f06ab4d131/1/feed/F2498.csv.gz"
"123802","Drive Fast Ambassador Program","US","Not Joined","Google","F2516","","English","Retail","2026-06-13 14:06:55","2026-06-13 14:06:55","91","https://ui.awin.com/productdata-darwin-download/publisher/2933261/fa0ea60ea5f17aca3a0224f06ab4d131/1/feed/F2516.csv.gz"
"120784","Breck and Grier","US","Not Joined","Google","F2519","","English","Retail","2026-06-13 13:36:27","2026-06-13 13:36:27","66","https://ui.awin.com/productdata-darwin-download/publisher/2933261/fa0ea60ea5f17aca3a0224f06ab4d131/1/feed/F2519.csv.gz"
"123666","MOJAWA, LLC","US","Not Joined","Google","F2526","","English","Retail","2026-06-13 14:03:41","2026-06-13 14:03:41","28","https://ui.awin.com/productdata-darwin-download/publisher/2933261/fa0ea60ea5f17aca3a0224f06ab4d131/1/feed/F2526.csv.gz"
"123234","INGNOK","US","Not Joined","Google","F2531","","English","Retail","2026-06-13 14:11:13","2026-06-13 14:11:13","9","https://ui.awin.com/productdata-darwin-download/publisher/2933261/fa0ea60ea5f17aca3a0224f06ab4d131/1/feed/F2531.csv.gz"
"52625","LuxeCosy DE","DE","Not Joined","Google","F2534","","German","Retail","2026-06-13 13:38:24","2026-06-13 13:38:24","308","https://ui.awin.com/productdata-darwin-download/publisher/2933261/fa0ea60ea5f17aca3a0224f06ab4d131/1/feed/F2534.csv.gz"
"92029","Thrivous","US","Not Joined","Google","F2537","","English","Retail","2026-06-13 13:54:49","2026-06-13 13:54:49","18","https://ui.awin.com/productdata-darwin-download/publisher/2933261/fa0ea60ea5f17aca3a0224f06ab4d131/1/feed/F2537.csv.gz"
"123396","Ready Steady Bed","GB","Not Joined","Google","F2540","","English","Retail","2026-06-13 14:14:21","2026-06-13 14:14:21","246","https://ui.awin.com/productdata-darwin-download/publisher/2933261/fa0ea60ea5f17aca3a0224f06ab4d131/1/feed/F2540.csv.gz"
"123708","The Vintage Realm","US","Not Joined","Google","F2572","","English","Retail","2026-06-13 14:28:23","2026-06-13 14:28:23","21444","https://ui.awin.com/productdata-darwin-download/publisher/2933261/fa0ea60ea5f17aca3a0224f06ab4d131/1/feed/F2572.csv.gz"
"124026","Joyrealtoys","US","Not Joined","Google","F2594","","English","Retail","2026-06-13 14:19:39","2026-06-13 14:19:39","105","https://ui.awin.com/productdata-darwin-download/publisher/2933261/fa0ea60ea5f17aca3a0224f06ab4d131/1/feed/F2594.csv.gz"
"124072","LifeVibe","US","Not Joined","Google","F2614","","English","Retail","2026-06-13 13:37:30","2026-06-13 13:37:30","3","https://ui.awin.com/productdata-darwin-download/publisher/2933261/fa0ea60ea5f17aca3a0224f06ab4d131/1/feed/F2614.csv.gz"
"124136","Kingbull Bike","US","Not Joined","Google","F2616","","English","Retail","2026-06-13 14:15:08","2026-06-13 14:15:08","371","https://ui.awin.com/productdata-darwin-download/publisher/2933261/fa0ea60ea5f17aca3a0224f06ab4d131/1/feed/F2616.csv.gz"
"99151","Navimow EU","SE","Not Joined","Google","F2619","","Swedish","Retail","2026-06-13 14:04:06","2026-06-13 14:04:06","32","https://ui.awin.com/productdata-darwin-download/publisher/2933261/fa0ea60ea5f17aca3a0224f06ab4d131/1/feed/F2619.csv.gz"
"99151","Navimow EU","LT","Not Joined","Google","F2620","","English","Retail","2026-06-13 14:04:13","2026-06-13 14:04:13","208","https://ui.awin.com/productdata-darwin-download/publisher/2933261/fa0ea60ea5f17aca3a0224f06ab4d131/1/feed/F2620.csv.gz"
"99151","Navimow EU","NL","Not Joined","Google","F2624","","Dutch","Retail","2026-06-13 14:45:42","2026-06-13 14:45:42","95","https://ui.awin.com/productdata-darwin-download/publisher/2933261/fa0ea60ea5f17aca3a0224f06ab4d131/1/feed/F2624.csv.gz"
"51591","L'Uomo e La Donna IT","IT","Not Joined","Google","F2645","","Italian","Retail","2026-06-13 14:45:02","2026-06-13 14:45:02","6110","https://ui.awin.com/productdata-darwin-download/publisher/2933261/fa0ea60ea5f17aca3a0224f06ab4d131/1/feed/F2645.csv.gz"
"124250","Brookwood Med","US","Not Joined","Google","F2671","","English","Retail","2026-06-13 13:40:25","2026-06-13 13:40:25","687","https://ui.awin.com/productdata-darwin-download/publisher/2933261/fa0ea60ea5f17aca3a0224f06ab4d131/1/feed/F2671.csv.gz"
"123890","Paw Up","US","Not Joined","Google","F2675","","English","Retail","2026-06-13 14:19:17","2026-06-13 14:19:17","95","https://ui.awin.com/productdata-darwin-download/publisher/2933261/fa0ea60ea5f17aca3a0224f06ab4d131/1/feed/F2675.csv.gz"
"124156","La Couette Française","FR","Not Joined","Google","F2677","","French","Retail","2026-06-13 14:23:52","2026-06-13 14:23:52","45","https://ui.awin.com/productdata-darwin-download/publisher/2933261/fa0ea60ea5f17aca3a0224f06ab4d131/1/feed/F2677.csv.gz"
"124282","Bigfoot Kick","US","Not Joined","Google","F2685","","English","Retail","2026-06-13 14:36:17","2026-06-13 14:36:17","465","https://ui.awin.com/productdata-darwin-download/publisher/2933261/fa0ea60ea5f17aca3a0224f06ab4d131/1/feed/F2685.csv.gz"
"103413","Lily & Lionel","GB","Not Joined","Google","F2690","","English","Retail","2026-06-13 14:16:32","2026-06-13 14:16:32","1658","https://ui.awin.com/productdata-darwin-download/publisher/2933261/fa0ea60ea5f17aca3a0224f06ab4d131/1/feed/F2690.csv.gz"
"106975","Raffya","GB","Not Joined","Google","F2691","","English","Retail","2026-06-13 14:11:18","2026-06-13 14:11:18","1152","https://ui.awin.com/productdata-darwin-download/publisher/2933261/fa0ea60ea5f17aca3a0224f06ab4d131/1/feed/F2691.csv.gz"
"124340","Sofann","FR","Not Joined","Google","F2696","","French","Retail","2026-06-11 10:10:57","2026-06-11 10:10:57","3934","https://ui.awin.com/productdata-darwin-download/publisher/2933261/fa0ea60ea5f17aca3a0224f06ab4d131/1/feed/F2696.csv.gz"
"124278","SHAMTAM","GB","Not Joined","Google","F2697","","English","Retail","2026-06-13 14:09:51","2026-06-13 14:09:51","8298","https://ui.awin.com/productdata-darwin-download/publisher/2933261/fa0ea60ea5f17aca3a0224f06ab4d131/1/feed/F2697.csv.gz"
"124284","Alorair the dry air","US","Not Joined","Google","F2717","","English","Retail","2026-06-13 14:45:41","2026-06-13 14:45:41","1835","https://ui.awin.com/productdata-darwin-download/publisher/2933261/fa0ea60ea5f17aca3a0224f06ab4d131/1/feed/F2717.csv.gz"
"121870","Poster Master US","US","Not Joined","Google","F2778","","English","Retail","2026-06-13 15:40:55","2026-06-13 15:40:55","340135","https://ui.awin.com/productdata-darwin-download/publisher/2933261/fa0ea60ea5f17aca3a0224f06ab4d131/1/feed/F2778.csv.gz"
"124556","Boris Firenze","IT","Not Joined","Google","F2789","","Italian","Retail","2026-06-13 13:55:46","2026-06-13 13:55:46","185","https://ui.awin.com/productdata-darwin-download/publisher/2933261/fa0ea60ea5f17aca3a0224f06ab4d131/1/feed/F2789.csv.gz"
"114504","Harfi","GB","Not Joined","Google","F2796","","English","Retail","2026-06-13 14:25:10","2026-06-13 14:25:10","1819","https://ui.awin.com/productdata-darwin-download/publisher/2933261/fa0ea60ea5f17aca3a0224f06ab4d131/1/feed/F2796.csv.gz"
"84647","Little Women Lingerie","GB","Not Joined","Google","F2800","","English","Retail","2026-06-13 13:54:30","2026-06-13 13:54:30","2050","https://ui.awin.com/productdata-darwin-download/publisher/2933261/fa0ea60ea5f17aca3a0224f06ab4d131/1/feed/F2800.csv.gz"
"124812","Cyseekin","DE","Not Joined","Google","F2862","","German","Retail","2026-03-23 22:57:13","2026-03-23 22:57:13","34","https://ui.awin.com/productdata-darwin-download/publisher/2933261/fa0ea60ea5f17aca3a0224f06ab4d131/1/feed/F2862.csv.gz"
"91891","Lectron","US","Not Joined","Google","F2866","","English","Retail","2026-06-13 13:55:26","2026-06-13 13:55:26","349","https://ui.awin.com/productdata-darwin-download/publisher/2933261/fa0ea60ea5f17aca3a0224f06ab4d131/1/feed/F2866.csv.gz"
"91781","Wasserstein","US","Not Joined","Google","F2869","","English","Retail","2026-06-13 13:37:34","2026-06-13 13:37:34","389","https://ui.awin.com/productdata-darwin-download/publisher/2933261/fa0ea60ea5f17aca3a0224f06ab4d131/1/feed/F2869.csv.gz"
"124394","All Oils","GB","Not Joined","Google","F2878","","English","Retail","2026-06-13 14:15:42","2026-06-13 14:15:42","279","https://ui.awin.com/productdata-darwin-download/publisher/2933261/fa0ea60ea5f17aca3a0224f06ab4d131/1/feed/F2878.csv.gz"
"124924","Satingel Awin Affiliate","US","Not Joined","Google","F2902","","English","Retail","2026-06-13 14:35:43","2026-06-13 14:35:43","4","https://ui.awin.com/productdata-darwin-download/publisher/2933261/fa0ea60ea5f17aca3a0224f06ab4d131/1/feed/F2902.csv.gz"
"88509","Super Area Rugs","US","Not Joined","Google","F2924","","English","Retail","2026-06-13 14:52:40","2026-06-13 14:52:40","68239","https://ui.awin.com/productdata-darwin-download/publisher/2933261/fa0ea60ea5f17aca3a0224f06ab4d131/1/feed/F2924.csv.gz"
"124750","OKUN","US","Not Joined","Google","F2969","","English","Retail","2026-06-13 13:40:36","2026-06-13 13:40:36","358","https://ui.awin.com/productdata-darwin-download/publisher/2933261/fa0ea60ea5f17aca3a0224f06ab4d131/1/feed/F2969.csv.gz"
"124816","Traverseon","US","Not Joined","Google","F2976","","English","Retail","2026-06-13 14:20:40","2026-06-13 14:20:40","2382","https://ui.awin.com/productdata-darwin-download/publisher/2933261/fa0ea60ea5f17aca3a0224f06ab4d131/1/feed/F2976.csv.gz"
"99151","Navimow EU","BE","Not Joined","Google","F2981","","Dutch","Retail","2026-06-13 14:05:33","2026-06-13 14:05:33","95","https://ui.awin.com/productdata-darwin-download/publisher/2933261/fa0ea60ea5f17aca3a0224f06ab4d131/1/feed/F2981.csv.gz"
"99151","Navimow EU","IT","Not Joined","Google","F2982","","Italian","Retail","2026-06-13 14:00:36","2026-06-13 14:00:36","65","https://ui.awin.com/productdata-darwin-download/publisher/2933261/fa0ea60ea5f17aca3a0224f06ab4d131/1/feed/F2982.csv.gz"
"99151","Navimow EU","DK","Not Joined","Google","F2985","","English","Retail","2026-06-13 13:58:37","2026-06-13 13:58:37","32","https://ui.awin.com/productdata-darwin-download/publisher/2933261/fa0ea60ea5f17aca3a0224f06ab4d131/1/feed/F2985.csv.gz"
"124970","Monsterpub Sex Toy","US","Not Joined","Google","F3029","","English","Retail","2026-06-13 14:27:51","2026-06-13 14:27:51","66","https://ui.awin.com/productdata-darwin-download/publisher/2933261/fa0ea60ea5f17aca3a0224f06ab4d131/1/feed/F3029.csv.gz"
"125096","Viaduct Clothing","GB","Not Joined","Google","F3038","","English","Retail","2026-06-13 14:41:52","2026-06-13 14:41:52","9319","https://ui.awin.com/productdata-darwin-download/publisher/2933261/fa0ea60ea5f17aca3a0224f06ab4d131/1/feed/F3038.csv.gz"
"125054","Wilt-Affiliates","US","Not Joined","Google","F3039","","English","Retail","2026-06-13 13:36:13","2026-06-13 13:36:13","1847","https://ui.awin.com/productdata-darwin-download/publisher/2933261/fa0ea60ea5f17aca3a0224f06ab4d131/1/feed/F3039.csv.gz"
"19471","Juicy Couture UK","GB","Not Joined","Google","F3056","","English","Retail","2026-06-13 15:00:08","2026-06-13 15:00:08","13254","https://ui.awin.com/productdata-darwin-download/publisher/2933261/fa0ea60ea5f17aca3a0224f06ab4d131/1/feed/F3056.csv.gz"
"124878","WAU","GB","Not Joined","Google","F3090","","English","Retail","2026-06-13 14:10:04","2026-06-13 14:10:04","187","https://ui.awin.com/productdata-darwin-download/publisher/2933261/fa0ea60ea5f17aca3a0224f06ab4d131/1/feed/F3090.csv.gz"
"125248","Finediam","GB","Not Joined","Google","F3099","","English","Retail","2026-06-13 15:13:55","2026-06-13 15:13:55","378559","https://ui.awin.com/productdata-darwin-download/publisher/2933261/fa0ea60ea5f17aca3a0224f06ab4d131/1/feed/F3099.csv.gz"
"31431","Casa Moro DE","DE","Not Joined","Google","F3113","","German","Retail","2026-06-13 13:42:05","2026-06-13 13:42:05","1414","https://ui.awin.com/productdata-darwin-download/publisher/2933261/fa0ea60ea5f17aca3a0224f06ab4d131/1/feed/F3113.csv.gz"
"125316","House of Leisure","GB","Not Joined","Google","F3114","","English","Retail","2026-06-13 14:06:31","2026-06-13 14:06:31","143","https://ui.awin.com/productdata-darwin-download/publisher/2933261/fa0ea60ea5f17aca3a0224f06ab4d131/1/feed/F3114.csv.gz"
"124962","More Than Matcha","US","Not Joined","Google","F3128","","English","Retail","2026-06-13 13:47:11","2026-06-13 13:47:11","15","https://ui.awin.com/productdata-darwin-download/publisher/2933261/fa0ea60ea5f17aca3a0224f06ab4d131/1/feed/F3128.csv.gz"
"115755","Military Graphics (US)","US","Not Joined","Google","F3132","","English","Retail","2026-06-13 15:16:25","2026-06-13 15:16:25","307","https://ui.awin.com/productdata-darwin-download/publisher/2933261/fa0ea60ea5f17aca3a0224f06ab4d131/1/feed/F3132.csv.gz"
"125334","Tastee","US","Not Joined","Google","F3162","","English","Retail","2026-06-13 14:44:57","2026-06-13 14:44:57","43","https://ui.awin.com/productdata-darwin-download/publisher/2933261/fa0ea60ea5f17aca3a0224f06ab4d131/1/feed/F3162.csv.gz"
"125276","Carian's Bistro Chocolates","US","Not Joined","Google","F3172","","English","Retail","2026-04-16 22:12:24","2026-04-16 22:12:24","129","https://ui.awin.com/productdata-darwin-download/publisher/2933261/fa0ea60ea5f17aca3a0224f06ab4d131/1/feed/F3172.csv.gz"
"125434","bigeshop","IT","Not Joined","Google","F3187","","Italian","Retail","2026-06-13 14:41:05","2026-06-13 14:41:05","11770","https://ui.awin.com/productdata-darwin-download/publisher/2933261/fa0ea60ea5f17aca3a0224f06ab4d131/1/feed/F3187.csv.gz"
"124812","Cyseekin","AD","Not Joined","Google","F3192","","German","Retail","2026-06-13 13:55:36","2026-06-13 13:55:36","51","https://ui.awin.com/productdata-darwin-download/publisher/2933261/fa0ea60ea5f17aca3a0224f06ab4d131/1/feed/F3192.csv.gz"
"125486","RitFitness","DE","Not Joined","Google","F3195","","German","Retail","2026-06-13 14:39:48","2026-06-13 14:39:48","34","https://ui.awin.com/productdata-darwin-download/publisher/2933261/fa0ea60ea5f17aca3a0224f06ab4d131/1/feed/F3195.csv.gz"
"123918","PlanetFoot","FR","Not Joined","Google","F3201","","French","Retail","2026-06-13 14:00:44","2026-06-13 14:00:44","7922","https://ui.awin.com/productdata-darwin-download/publisher/2933261/fa0ea60ea5f17aca3a0224f06ab4d131/1/feed/F3201.csv.gz"
"19976","Truthbrush","GB","Not Joined","Google","F3211","","English","Retail","2026-06-13 14:26:16","2026-06-13 14:26:16","128","https://ui.awin.com/productdata-darwin-download/publisher/2933261/fa0ea60ea5f17aca3a0224f06ab4d131/1/feed/F3211.csv.gz"
"117109","Simpletics","US","Not Joined","Google","F3216","","English","Retail","2026-06-13 14:15:29","2026-06-13 14:15:29","15","https://ui.awin.com/productdata-darwin-download/publisher/2933261/fa0ea60ea5f17aca3a0224f06ab4d131/1/feed/F3216.csv.gz"
"125462","Sweat Kingdom Saunas","US","Not Joined","Google","F3219","","English","Retail","2026-06-13 14:55:18","2026-06-13 14:55:18","241","https://ui.awin.com/productdata-darwin-download/publisher/2933261/fa0ea60ea5f17aca3a0224f06ab4d131/1/feed/F3219.csv.gz"
"125634","Tennis Express","US","Not Joined","Google","F3224","","English","Retail","2026-06-13 15:20:31","2026-06-13 15:20:31","48331","https://ui.awin.com/productdata-darwin-download/publisher/2933261/fa0ea60ea5f17aca3a0224f06ab4d131/1/feed/F3224.csv.gz"
"125662","AfricanNetSponge","US","Not Joined","Google","F3229","","English","Retail","2026-06-13 14:14:22","2026-06-13 14:14:22","34","https://ui.awin.com/productdata-darwin-download/publisher/2933261/fa0ea60ea5f17aca3a0224f06ab4d131/1/feed/F3229.csv.gz"
"125398","Awake Organics","GB","Not Joined","Google","F3230","","English","Retail","2026-06-13 14:39:28","2026-06-13 14:39:28","23","https://ui.awin.com/productdata-darwin-download/publisher/2933261/fa0ea60ea5f17aca3a0224f06ab4d131/1/feed/F3230.csv.gz"
"125456","iYofe","US","Not Joined","Google","F3276","","English","Retail","2026-06-13 15:03:18","2026-06-13 15:03:18","260","https://ui.awin.com/productdata-darwin-download/publisher/2933261/fa0ea60ea5f17aca3a0224f06ab4d131/1/feed/F3276.csv.gz"
"125838","StarSleep","US","Not Joined","Google","F3303","","English","Retail","2026-06-13 14:08:39","2026-06-13 14:08:39","11","https://ui.awin.com/productdata-darwin-download/publisher/2933261/fa0ea60ea5f17aca3a0224f06ab4d131/1/feed/F3303.csv.gz"
"125754","Arrtr","US","Not Joined","Google","F3327","","English","Retail","2026-06-13 14:48:49","2026-06-13 14:48:49","5604","https://ui.awin.com/productdata-darwin-download/publisher/2933261/fa0ea60ea5f17aca3a0224f06ab4d131/1/feed/F3327.csv.gz"
"123988","euhomy","US","Not Joined","Google","F3340","","English","Retail","2026-06-13 11:10:36","2026-06-13 11:10:36","73","https://ui.awin.com/productdata-darwin-download/publisher/2933261/fa0ea60ea5f17aca3a0224f06ab4d131/1/feed/F3340.csv.gz"
"126025","intlbuys","US","Not Joined","Google","F3346","","English","Retail","2026-06-13 14:26:55","2026-06-13 14:26:55","109","https://ui.awin.com/productdata-darwin-download/publisher/2933261/fa0ea60ea5f17aca3a0224f06ab4d131/1/feed/F3346.csv.gz"
"126071","HeimGlueck","DE","Not Joined","Google","F3361","","German","Retail","2026-04-15 14:34:16","2026-04-15 14:34:16","1438","https://ui.awin.com/productdata-darwin-download/publisher/2933261/fa0ea60ea5f17aca3a0224f06ab4d131/1/feed/F3361.csv.gz"
"126001","Tilly's Letters","GB","Not Joined","Google","F3363","","English","Retail","2026-06-13 14:15:45","2026-06-13 14:15:45","11","https://ui.awin.com/productdata-darwin-download/publisher/2933261/fa0ea60ea5f17aca3a0224f06ab4d131/1/feed/F3363.csv.gz"
"32531","encalife (US & Canada)","US","Not Joined","Google","F3373","","English","Retail","2026-06-13 14:23:10","2026-06-13 14:23:10","861","https://ui.awin.com/productdata-darwin-download/publisher/2933261/fa0ea60ea5f17aca3a0224f06ab4d131/1/feed/F3373.csv.gz"
"100197","Companion Candles","US","Not Joined","Google","F3392","","English","Retail","2026-06-13 15:04:40","2026-06-13 15:04:40","28","https://ui.awin.com/productdata-darwin-download/publisher/2933261/fa0ea60ea5f17aca3a0224f06ab4d131/1/feed/F3392.csv.gz"
"126109","Myvella - at Home Beauty spa","US","Not Joined","Google","F3395","","English","Retail","2026-06-13 15:11:36","2026-06-13 15:11:36","1","https://ui.awin.com/productdata-darwin-download/publisher/2933261/fa0ea60ea5f17aca3a0224f06ab4d131/1/feed/F3395.csv.gz"
"124856","Paneshoes","US","Not Joined","Google","F3399","","English","Retail","2026-06-13 13:50:36","2026-06-13 13:50:36","2282","https://ui.awin.com/productdata-darwin-download/publisher/2933261/fa0ea60ea5f17aca3a0224f06ab4d131/1/feed/F3399.csv.gz"
"126111","REAL POWER OF MOVEMENT","GB","Not Joined","Google","F3407","","English","Retail","2026-06-13 13:49:36","2026-06-13 13:49:36","148","https://ui.awin.com/productdata-darwin-download/publisher/2933261/fa0ea60ea5f17aca3a0224f06ab4d131/1/feed/F3407.csv.gz"
"126139","FansJerseyHub","US","Not Joined","Google","F3419","","English","Retail","2026-06-13 14:33:11","2026-06-13 14:33:11","10170","https://ui.awin.com/productdata-darwin-download/publisher/2933261/fa0ea60ea5f17aca3a0224f06ab4d131/1/feed/F3419.csv.gz"
"126129","Dexam","GB","Not Joined","Google","F3422","","English","Retail","2026-06-13 14:45:25","2026-06-13 14:45:25","956","https://ui.awin.com/productdata-darwin-download/publisher/2933261/fa0ea60ea5f17aca3a0224f06ab4d131/1/feed/F3422.csv.gz"
"126117","Manuka Valley","DE","Not Joined","Google","F3427","","German","Retail","2026-06-13 13:55:55","2026-06-13 13:55:55","24","https://ui.awin.com/productdata-darwin-download/publisher/2933261/fa0ea60ea5f17aca3a0224f06ab4d131/1/feed/F3427.csv.gz"
"126191","Costumein","IT","Not Joined","Google","F3430","","Italian","Retail","2026-06-13 14:44:37","2026-06-13 14:44:37","1724","https://ui.awin.com/productdata-darwin-download/publisher/2933261/fa0ea60ea5f17aca3a0224f06ab4d131/1/feed/F3430.csv.gz"
"126303","Kerzen Pfeilstetter","DE","Not Joined","Google","F3455","","German","Retail","2026-06-13 14:09:24","2026-06-13 14:09:24","136","https://ui.awin.com/productdata-darwin-download/publisher/2933261/fa0ea60ea5f17aca3a0224f06ab4d131/1/feed/F3455.csv.gz"
"126309","Bartuke","US","Not Joined","Google","F3466","","English","Retail","2026-06-13 14:04:30","2026-06-13 14:04:30","186","https://ui.awin.com/productdata-darwin-download/publisher/2933261/fa0ea60ea5f17aca3a0224f06ab4d131/1/feed/F3466.csv.gz"
"126323","JEEMYA","US","Not Joined","Google","F3467","","English","Retail","2026-06-13 13:33:48","2026-06-13 13:33:48","33","https://ui.awin.com/productdata-darwin-download/publisher/2933261/fa0ea60ea5f17aca3a0224f06ab4d131/1/feed/F3467.csv.gz"
"126173","Auter","US","Not Joined","Google","F3486","","English","Retail","2026-06-13 13:54:32","2026-06-13 13:54:32","37","https://ui.awin.com/productdata-darwin-download/publisher/2933261/fa0ea60ea5f17aca3a0224f06ab4d131/1/feed/F3486.csv.gz"
"126215","Wallshoppe","US","Not Joined","Google","F3508","","English","Retail","2026-06-13 14:37:39","2026-06-13 14:37:39","28937","https://ui.awin.com/productdata-darwin-download/publisher/2933261/fa0ea60ea5f17aca3a0224f06ab4d131/1/feed/F3508.csv.gz"
"126513","Argendon Crawlspace & commercial dehumidifier","US","Not Joined","Google","F3509","","English","Retail","2026-06-13 14:56:11","2026-06-13 14:56:11","61","https://ui.awin.com/productdata-darwin-download/publisher/2933261/fa0ea60ea5f17aca3a0224f06ab4d131/1/feed/F3509.csv.gz"
"124468","Ziwi Sleep (US)","US","Not Joined","Google","F3512","","English","Retail","2026-06-13 14:13:52","2026-06-13 14:13:52","210","https://ui.awin.com/productdata-darwin-download/publisher/2933261/fa0ea60ea5f17aca3a0224f06ab4d131/1/feed/F3512.csv.gz"
"124966","Eydology","US","Not Joined","Google","F3538","","English","Retail","2026-06-13 14:51:10","2026-06-13 14:51:10","1291","https://ui.awin.com/productdata-darwin-download/publisher/2933261/fa0ea60ea5f17aca3a0224f06ab4d131/1/feed/F3538.csv.gz"
"126533","Active Silver","GB","Not Joined","Google","F3569","","English","Retail","2026-06-13 14:11:38","2026-06-13 14:11:38","112","https://ui.awin.com/productdata-darwin-download/publisher/2933261/fa0ea60ea5f17aca3a0224f06ab4d131/1/feed/F3569.csv.gz"
"126441","The Cookie Countess","US","Not Joined","Google","F3573","","English","Retail","2026-06-13 14:21:14","2026-06-13 14:21:14","4106","https://ui.awin.com/productdata-darwin-download/publisher/2933261/fa0ea60ea5f17aca3a0224f06ab4d131/1/feed/F3573.csv.gz"
"61451","FLOWERFIX","GB","Not Joined","Google","F3597","","English","Retail","2026-06-13 14:20:27","2026-06-13 14:20:27","135","https://ui.awin.com/productdata-darwin-download/publisher/2933261/fa0ea60ea5f17aca3a0224f06ab4d131/1/feed/F3597.csv.gz"
"126515","Radiale Pneus","BR","Not Joined","Google","F3601","","Portuguese","Retail","2026-06-13 14:16:06","2026-06-13 14:16:06","21","https://ui.awin.com/productdata-darwin-download/publisher/2933261/fa0ea60ea5f17aca3a0224f06ab4d131/1/feed/F3601.csv.gz"
"126773","Alfredo Affiliate Program","GB","Not Joined","Google","F3612","","English","Retail","2026-06-13 13:45:08","2026-06-13 13:45:08","5387","https://ui.awin.com/productdata-darwin-download/publisher/2933261/fa0ea60ea5f17aca3a0224f06ab4d131/1/feed/F3612.csv.gz"
"71217","Cottsbury","GB","Not Joined","Google","F3617","","English","Retail","2026-06-13 15:21:03","2026-06-13 15:21:03","54","https://ui.awin.com/productdata-darwin-download/publisher/2933261/fa0ea60ea5f17aca3a0224f06ab4d131/1/feed/F3617.csv.gz"
"125650","Frenzy Clothings","GB","Not Joined","Google","F3628","","English","Retail","2026-06-13 14:22:05","2026-06-13 14:22:05","5398","https://ui.awin.com/productdata-darwin-download/publisher/2933261/fa0ea60ea5f17aca3a0224f06ab4d131/1/feed/F3628.csv.gz"
"87403","Mosaic Weighted Blankets","US","Not Joined","Google","F3656","","English","Retail","2026-06-13 14:46:56","2026-06-13 14:46:56","1335","https://ui.awin.com/productdata-darwin-download/publisher/2933261/fa0ea60ea5f17aca3a0224f06ab4d131/1/feed/F3656.csv.gz"
"126891","mamaraya","US","Not Joined","Google","F3673","","English","Retail","2026-06-13 14:34:46","2026-06-13 14:34:46","200","https://ui.awin.com/productdata-darwin-download/publisher/2933261/fa0ea60ea5f17aca3a0224f06ab4d131/1/feed/F3673.csv.gz"
"126491","SPIEZ","US","Not Joined","Google","F3691","","English","Retail","2026-06-13 04:00:06","2026-06-13 04:00:06","36","https://ui.awin.com/productdata-darwin-download/publisher/2933261/fa0ea60ea5f17aca3a0224f06ab4d131/1/feed/F3691.csv.gz"
"126699","HairLabs","US","Not Joined","Google","F3695","","English","Retail","2026-06-13 14:35:53","2026-06-13 14:35:53","36","https://ui.awin.com/productdata-darwin-download/publisher/2933261/fa0ea60ea5f17aca3a0224f06ab4d131/1/feed/F3695.csv.gz"
"127057","DATOUBOSS","DE","Not Joined","Google","F3714","","English","Retail","2026-06-13 14:51:55","2026-06-13 14:51:55","192","https://ui.awin.com/productdata-darwin-download/publisher/2933261/fa0ea60ea5f17aca3a0224f06ab4d131/1/feed/F3714.csv.gz"
"125844","Bodycross (FR)","FR","Not Joined","Google","F3731","","French","Retail","2026-06-13 14:43:59","2026-06-13 14:43:59","1440","https://ui.awin.com/productdata-darwin-download/publisher/2933261/fa0ea60ea5f17aca3a0224f06ab4d131/1/feed/F3731.csv.gz"
"114020","Fun Fact Co.","US","Not Joined","Google","F3744","","English","Retail","2026-06-13 14:23:50","2026-06-13 14:23:50","424","https://ui.awin.com/productdata-darwin-download/publisher/2933261/fa0ea60ea5f17aca3a0224f06ab4d131/1/feed/F3744.csv.gz"
"15079","Blitec DE","DE","Not Joined","Google","F3748","","German","Retail","2026-05-20 10:12:32","2026-05-20 10:12:32","69077","https://ui.awin.com/productdata-darwin-download/publisher/2933261/fa0ea60ea5f17aca3a0224f06ab4d131/1/feed/F3748.csv.gz"
"126777","Deme by Gabriella","US","Not Joined","Google","F3755","","English","Retail","2026-06-13 14:58:26","2026-06-13 14:58:26","4949","https://ui.awin.com/productdata-darwin-download/publisher/2933261/fa0ea60ea5f17aca3a0224f06ab4d131/1/feed/F3755.csv.gz"
"127091","ZONVEER","US","Not Joined","Google","F3763","","English","Retail","2026-06-13 13:32:53","2026-06-13 13:32:53","21","https://ui.awin.com/productdata-darwin-download/publisher/2933261/fa0ea60ea5f17aca3a0224f06ab4d131/1/feed/F3763.csv.gz"
"127173","Naturklar","DE","Not Joined","Google","F3764","","German","Retail","2026-06-13 13:48:22","2026-06-13 13:48:22","22","https://ui.awin.com/productdata-darwin-download/publisher/2933261/fa0ea60ea5f17aca3a0224f06ab4d131/1/feed/F3764.csv.gz"
"127327","Blade Infiniti Affiliate Program","US","Not Joined","Google","F3781","","English","Retail","2026-06-13 14:50:34","2026-06-13 14:50:34","23245","https://ui.awin.com/productdata-darwin-download/publisher/2933261/fa0ea60ea5f17aca3a0224f06ab4d131/1/feed/F3781.csv.gz"
"127373","Hamxi","US","Not Joined","Google","F3785","","English","Retail","2026-06-13 13:41:44","2026-06-13 13:41:44","450","https://ui.awin.com/productdata-darwin-download/publisher/2933261/fa0ea60ea5f17aca3a0224f06ab4d131/1/feed/F3785.csv.gz"
"58623","HOMO NATURALS","ES","Not Joined","Google","F3801","","Spanish","Retail","2026-06-13 13:50:30","2026-06-13 13:50:30","142","https://ui.awin.com/productdata-darwin-download/publisher/2933261/fa0ea60ea5f17aca3a0224f06ab4d131/1/feed/F3801.csv.gz"
"100113","Tantaly UK","GB","Not Joined","Google","F3805","","English","Retail","2026-06-13 14:34:03","2026-06-13 14:34:03","73","https://ui.awin.com/productdata-darwin-download/publisher/2933261/fa0ea60ea5f17aca3a0224f06ab4d131/1/feed/F3805.csv.gz"
"78850","TantalyDE","DE","Not Joined","Google","F3806","","German","Retail","2026-06-13 14:51:25","2026-06-13 14:51:25","82","https://ui.awin.com/productdata-darwin-download/publisher/2933261/fa0ea60ea5f17aca3a0224f06ab4d131/1/feed/F3806.csv.gz"
"127267","Makerfire","US","Not Joined","Google","F3812","","English","Retail","2026-06-13 15:23:56","2026-06-13 15:23:56","2155","https://ui.awin.com/productdata-darwin-download/publisher/2933261/fa0ea60ea5f17aca3a0224f06ab4d131/1/feed/F3812.csv.gz"
"119607","sitre","GB","Not Joined","Google","F3814","","English","Retail","2026-06-13 14:42:40","2026-06-13 14:42:40","20","https://ui.awin.com/productdata-darwin-download/publisher/2933261/fa0ea60ea5f17aca3a0224f06ab4d131/1/feed/F3814.csv.gz"
"125999","Capricorn Baby","US","Not Joined","Google","F3870","","English","Retail","2026-06-13 14:55:13","2026-06-13 14:55:13","199","https://ui.awin.com/productdata-darwin-download/publisher/2933261/fa0ea60ea5f17aca3a0224f06ab4d131/1/feed/F3870.csv.gz"
"44563","Spoiled Brat","GB","Not Joined","Google","F3878","","English","Retail","2026-06-13 14:46:01","2026-06-13 14:46:01","2588","https://ui.awin.com/productdata-darwin-download/publisher/2933261/fa0ea60ea5f17aca3a0224f06ab4d131/1/feed/F3878.csv.gz"
"127585","The Art of Becoming Affiliate Program","US","Not Joined","Google","F3882","","English","Retail","2026-06-13 13:44:26","2026-06-13 13:44:26","7","https://ui.awin.com/productdata-darwin-download/publisher/2933261/fa0ea60ea5f17aca3a0224f06ab4d131/1/feed/F3882.csv.gz"
"126331","Parfivo","DE","Not Joined","Google","F3895","","German","Retail","2026-06-13 14:08:35","2026-06-13 14:08:35","351","https://ui.awin.com/productdata-darwin-download/publisher/2933261/fa0ea60ea5f17aca3a0224f06ab4d131/1/feed/F3895.csv.gz"
"127669","Ma Lin","GB","Not Joined","Google","F3897","","English","Retail","2026-06-13 14:55:40","2026-06-13 14:55:40","18","https://ui.awin.com/productdata-darwin-download/publisher/2933261/fa0ea60ea5f17aca3a0224f06ab4d131/1/feed/F3897.csv.gz"
"41612","Wonder Hoodie Inc","US","Not Joined","Google","F3900","","English","Retail","2026-06-13 14:39:11","2026-06-13 14:39:11","183","https://ui.awin.com/productdata-darwin-download/publisher/2933261/fa0ea60ea5f17aca3a0224f06ab4d131/1/feed/F3900.csv.gz"
"126021","balarugs","US","Not Joined","Google","F3916","","English","Retail","2026-06-13 14:21:39","2026-06-13 14:21:39","2999","https://ui.awin.com/productdata-darwin-download/publisher/2933261/fa0ea60ea5f17aca3a0224f06ab4d131/1/feed/F3916.csv.gz"
"127813","MONÉ UK Affiliate Programme","GB","Not Joined","Google","F3917","","English","Retail","2026-06-13 14:19:29","2026-06-13 14:19:29","25","https://ui.awin.com/productdata-darwin-download/publisher/2933261/fa0ea60ea5f17aca3a0224f06ab4d131/1/feed/F3917.csv.gz"
"70262","Noirgaze Affiliate","US","Not Joined","Google","F3928","","English","Retail","2026-06-13 13:44:45","2026-06-13 13:44:45","23","https://ui.awin.com/productdata-darwin-download/publisher/2933261/fa0ea60ea5f17aca3a0224f06ab4d131/1/feed/F3928.csv.gz"
"488","Bunches.co.uk","GB","Not Joined","Awin","488","Default","English","","2026-06-13 15:20:32","2026-06-13 15:20:28","223","https://productdata.awin.com/datafeed/download/apikey/fa0ea60ea5f17aca3a0224f06ab4d131/fid/488/format/csv/language/en/delimiter/%2C/compression/gzip/adultcontent/1/columns/aw_deep_link%2Cproduct_name%2Caw_product_id%2Cmerchant_product_id%2Cmerchant_image_url%2Cdescription%2Cmerchant_category%2Csearch_price%2Cmerchant_name%2Cmerchant_id%2Ccategory_name%2Ccategory_id%2Caw_image_url%2Ccurrency%2Cstore_price%2Cdelivery_cost%2Cmerchant_deep_link%2Clanguage%2Clast_updated%2Cbrand_name%2Cbrand_id%2Ccolour%2Cproduct_short_description%2Cspecifications%2Ccondition%2Cproduct_model%2Cmodel_number%2Cdimensions%2Ckeywords%2Cpromotional_text%2Cproduct_type%2Ccommission_group%2Cmerchant_product_category_path%2Cmerchant_product_second_category%2Cmerchant_product_third_category%2Crrp_price%2Csaving%2Csavings_percent%2Cbase_price%2Cbase_price_amount%2Cbase_price_text%2Cproduct_price_old%2Cdelivery_restrictions%2Cdelivery_weight%2Cwarranty%2Cterms_of_contract%2Cdelivery_time%2Cin_stock%2Cstock_quantity%2Cvalid_from%2Cvalid_to%2Cis_for_sale%2Cweb_offer%2Cpre_order%2Cstock_status%2Csize_stock_status%2Csize_stock_amount%2Cmerchant_thumb_url%2Clarge_image%2Calternate_image%2Caw_thumb_url%2Calternate_image_two%2Calternate_image_three%2Calternate_image_four%2Creviews%2Caverage_rating%2Crating%2Cnumber_available%2Ccustom_1%2Ccustom_2%2Ccustom_3%2Ccustom_4%2Ccustom_5%2Ccustom_6%2Ccustom_7%2Ccustom_8%2Ccustom_9%2Cean%2Cisbn%2Cupc%2Cmpn%2Cparent_product_id%2Cproduct_GTIN%2Cbasket_link/"
"496","Tooled Up","GB","Not Joined","Awin","496","All Products","English","","2026-06-13 05:07:21","2026-06-13 05:06:19","83935","https://productdata.awin.com/datafeed/download/apikey/fa0ea60ea5f17aca3a0224f06ab4d131/fid/496/format/csv/language/en/delimiter/%2C/compression/gzip/adultcontent/1/columns/data_feed_id%2Cmerchant_id%2Cmerchant_name%2Caw_product_id%2Caw_deep_link%2Caw_image_url%2Caw_thumb_url%2Ccategory_id%2Ccategory_name%2Cbrand_id%2Cbrand_name%2Cmerchant_product_id%2Cmerchant_category%2Cean%2Cmpn%2Cproduct_name%2Cdescription%2Cmerchant_deep_link%2Cmerchant_image_url%2Csearch_price%2Crrp_price%2Cdelivery_cost%2Cin_stock%2Cstock_status/"
"851","TV Cables","GB","Not Joined","Awin","851","Default","English","","2026-06-13 15:02:12","2026-06-13 15:02:02","7639","https://productdata.awin.com/datafeed/download/apikey/fa0ea60ea5f17aca3a0224f06ab4d131/fid/851/format/csv/language/en/delimiter/%2C/compression/gzip/adultcontent/1/columns/data_feed_id%2Cmerchant_id%2Cmerchant_name%2Caw_product_id%2Caw_deep_link%2Caw_image_url%2Caw_thumb_url%2Ccategory_id%2Ccategory_name%2Cbrand_id%2Cbrand_name%2Cmerchant_product_id%2Cmerchant_category%2Cproduct_name%2Cdescription%2Cpromotional_text%2Cmerchant_deep_link%2Cmerchant_image_url%2Cdelivery_time%2Csearch_price%2Cdelivery_cost%2Cin_stock%2Cproduct_short_description/"
"1936","Theatre Tickets Direct","GB","Not Joined","Awin","1936","Default","English","","2026-06-13 03:01:31","2026-06-13 03:01:27","235","https://productdata.awin.com/datafeed/download/apikey/fa0ea60ea5f17aca3a0224f06ab4d131/fid/1936/format/csv/language/en/delimiter/%2C/compression/gzip/adultcontent/1/columns/aw_deep_link%2Cproduct_name%2Caw_product_id%2Cmerchant_product_id%2Cmerchant_image_url%2Cdescription%2Cmerchant_category%2Csearch_price%2Cmerchant_name%2Cmerchant_id%2Ccategory_name%2Ccategory_id%2Caw_image_url%2Ccurrency%2Cstore_price%2Cdelivery_cost%2Cmerchant_deep_link%2Clanguage%2Clast_updated%2Cbrand_name%2Cbrand_id%2Ccolour%2Cproduct_short_description%2Cspecifications%2Ccondition%2Cproduct_model%2Cmodel_number%2Cdimensions%2Ckeywords%2Cpromotional_text%2Cproduct_type%2Ccommission_group%2Cmerchant_product_category_path%2Cmerchant_product_second_category%2Cmerchant_product_third_category%2Crrp_price%2Csaving%2Csavings_percent%2Cbase_price%2Cbase_price_amount%2Cbase_price_text%2Cproduct_price_old%2Cdelivery_restrictions%2Cdelivery_weight%2Cwarranty%2Cterms_of_contract%2Cdelivery_time%2Cin_stock%2Cstock_quantity%2Cvalid_from%2Cvalid_to%2Cis_for_sale%2Cweb_offer%2Cpre_order%2Cstock_status%2Csize_stock_status%2Csize_stock_amount%2Cmerchant_thumb_url%2Clarge_image%2Calternate_image%2Caw_thumb_url%2Calternate_image_two%2Calternate_image_three%2Calternate_image_four%2Creviews%2Caverage_rating%2Crating%2Cnumber_available%2Ccustom_1%2Ccustom_2%2Ccustom_3%2Ccustom_4%2Ccustom_5%2Ccustom_6%2Ccustom_7%2Ccustom_8%2Ccustom_9%2Cean%2Cisbn%2Cupc%2Cmpn%2Cparent_product_id%2Cproduct_GTIN%2Cbasket_link/"
"2418","Chargrilled","GB","Not Joined","Awin","2418","Default","English","","2026-05-15 12:35:40","2025-09-20 06:18:34","12986","https://productdata.awin.com/datafeed/download/apikey/fa0ea60ea5f17aca3a0224f06ab4d131/fid/2418/format/csv/language/en/delimiter/%2C/compression/gzip/adultcontent/1/columns/data_feed_id%2Cmerchant_id%2Cmerchant_name%2Caw_product_id%2Caw_deep_link%2Caw_image_url%2Caw_thumb_url%2Ccategory_id%2Ccategory_name%2Cbrand_id%2Cbrand_name%2Cmerchant_product_id%2Cmerchant_category%2Cproduct_name%2Cdescription%2Cmerchant_deep_link%2Cmerchant_image_url%2Cdelivery_time%2Csearch_price%2Cdelivery_cost%2Cin_stock%2Ccondition%2Clast_updated/"
"5723","Lights 4 Living","GB","Not Joined","Awin","17887","Default","English","","2026-06-13 02:02:02","2026-06-13 02:01:51","7965","https://productdata.awin.com/datafeed/download/apikey/fa0ea60ea5f17aca3a0224f06ab4d131/fid/17887/format/csv/language/en/delimiter/%2C/compression/gzip/adultcontent/1/columns/data_feed_id%2Cmerchant_id%2Cmerchant_name%2Caw_product_id%2Caw_deep_link%2Caw_image_url%2Caw_thumb_url%2Ccategory_id%2Ccategory_name%2Cbrand_id%2Cbrand_name%2Cmerchant_product_id%2Cmpn%2Cproduct_name%2Cdescription%2Cmerchant_deep_link%2Cmerchant_image_url%2Csearch_price%2Ccondition%2Cproduct_type%2Ccolour%2Cstock_status/"
"496","Tooled Up","GB","Not Joined","Awin","19857","Category - Power Tools","English","","2026-06-13 05:03:31","2026-06-13 05:03:22","3764","https://productdata.awin.com/datafeed/download/apikey/fa0ea60ea5f17aca3a0224f06ab4d131/fid/19857/format/csv/language/en/delimiter/%2C/compression/gzip/adultcontent/1/columns/data_feed_id%2Cmerchant_id%2Cmerchant_name%2Caw_product_id%2Caw_deep_link%2Caw_image_url%2Caw_thumb_url%2Ccategory_id%2Ccategory_name%2Cbrand_id%2Cbrand_name%2Cmerchant_product_id%2Cmerchant_category%2Cean%2Cmpn%2Cproduct_name%2Cdescription%2Cmerchant_deep_link%2Cmerchant_image_url%2Csearch_price%2Crrp_price%2Cdelivery_cost%2Cin_stock%2Cstock_status/"
"496","Tooled Up","GB","Not Joined","Awin","19859","Category - Garden Tools","English","","2026-06-13 05:03:41","2026-06-13 05:03:33","4410","https://productdata.awin.com/datafeed/download/apikey/fa0ea60ea5f17aca3a0224f06ab4d131/fid/19859/format/csv/language/en/delimiter/%2C/compression/gzip/adultcontent/1/columns/data_feed_id%2Cmerchant_id%2Cmerchant_name%2Caw_product_id%2Caw_deep_link%2Caw_image_url%2Caw_thumb_url%2Ccategory_id%2Ccategory_name%2Cbrand_id%2Cbrand_name%2Cmerchant_product_id%2Cmerchant_category%2Cean%2Cmpn%2Cproduct_name%2Cdescription%2Cmerchant_deep_link%2Cmerchant_image_url%2Csearch_price%2Crrp_price%2Cdelivery_cost%2Cin_stock%2Cstock_status/"
"496","Tooled Up","GB","Not Joined","Awin","19861","Category - Hand Tools","English","","2026-06-13 05:05:48","2026-06-13 05:05:34","15625","https://productdata.awin.com/datafeed/download/apikey/fa0ea60ea5f17aca3a0224f06ab4d131/fid/19861/format/csv/language/en/delimiter/%2C/compression/gzip/adultcontent/1/columns/data_feed_id%2Cmerchant_id%2Cmerchant_name%2Caw_product_id%2Caw_deep_link%2Caw_image_url%2Caw_thumb_url%2Ccategory_id%2Ccategory_name%2Cbrand_id%2Cbrand_name%2Cmerchant_product_id%2Cmerchant_category%2Cean%2Cmpn%2Cproduct_name%2Cdescription%2Cmerchant_deep_link%2Cmerchant_image_url%2Csearch_price%2Crrp_price%2Cdelivery_cost%2Cin_stock%2Cstock_status/"
"496","Tooled Up","GB","Not Joined","Awin","19881","Category - Decorating & Tiling Tools","English","","2026-06-13 05:02:27","2026-06-13 05:02:22","970","https://productdata.awin.com/datafeed/download/apikey/fa0ea60ea5f17aca3a0224f06ab4d131/fid/19881/format/csv/language/en/delimiter/%2C/compression/gzip/adultcontent/1/columns/data_feed_id%2Cmerchant_id%2Cmerchant_name%2Caw_product_id%2Caw_deep_link%2Caw_image_url%2Caw_thumb_url%2Ccategory_id%2Ccategory_name%2Cbrand_id%2Cbrand_name%2Cmerchant_product_id%2Cmerchant_category%2Cean%2Cmpn%2Cproduct_name%2Cdescription%2Cmerchant_deep_link%2Cmerchant_image_url%2Csearch_price%2Crrp_price%2Cdelivery_cost%2Cin_stock%2Cstock_status/"
"496","Tooled Up","GB","Not Joined","Awin","19883","Category - Plumbing Tools","English","","2026-06-13 05:01:46","2026-06-13 05:01:42","478","https://productdata.awin.com/datafeed/download/apikey/fa0ea60ea5f17aca3a0224f06ab4d131/fid/19883/format/csv/language/en/delimiter/%2C/compression/gzip/adultcontent/1/columns/data_feed_id%2Cmerchant_id%2Cmerchant_name%2Caw_product_id%2Caw_deep_link%2Caw_image_url%2Caw_thumb_url%2Ccategory_id%2Ccategory_name%2Cbrand_id%2Cbrand_name%2Cmerchant_product_id%2Cmerchant_category%2Cean%2Cmpn%2Cproduct_name%2Cdescription%2Cmerchant_deep_link%2Cmerchant_image_url%2Csearch_price%2Crrp_price%2Cdelivery_cost%2Cin_stock%2Cstock_status/"
"496","Tooled Up","GB","Not Joined","Awin","19885","Category - Automotive Tools","English","","2026-06-13 05:03:01","2026-06-13 05:02:54","3315","https://productdata.awin.com/datafeed/download/apikey/fa0ea60ea5f17aca3a0224f06ab4d131/fid/19885/format/csv/language/en/delimiter/%2C/compression/gzip/adultcontent/1/columns/data_feed_id%2Cmerchant_id%2Cmerchant_name%2Caw_product_id%2Caw_deep_link%2Caw_image_url%2Caw_thumb_url%2Ccategory_id%2Ccategory_name%2Cbrand_id%2Cbrand_name%2Cmerchant_product_id%2Cmerchant_category%2Cean%2Cmpn%2Cproduct_name%2Cdescription%2Cmerchant_deep_link%2Cmerchant_image_url%2Csearch_price%2Crrp_price%2Cdelivery_cost%2Cin_stock%2Cstock_status/"
"496","Tooled Up","GB","Not Joined","Awin","19889","Category - Cycle & Motorcycle Tools","English","","2026-06-13 05:01:25","2026-06-13 05:01:21","121","https://productdata.awin.com/datafeed/download/apikey/fa0ea60ea5f17aca3a0224f06ab4d131/fid/19889/format/csv/language/en/delimiter/%2C/compression/gzip/adultcontent/1/columns/data_feed_id%2Cmerchant_id%2Cmerchant_name%2Caw_product_id%2Caw_deep_link%2Caw_image_url%2Caw_thumb_url%2Ccategory_id%2Ccategory_name%2Cbrand_id%2Cbrand_name%2Cmerchant_product_id%2Cmerchant_category%2Cean%2Cmpn%2Cproduct_name%2Cdescription%2Cmerchant_deep_link%2Cmerchant_image_url%2Csearch_price%2Crrp_price%2Cdelivery_cost%2Cin_stock%2Cstock_status/"
"496","Tooled Up","GB","Not Joined","Awin","19891","Category - Electrical Tools","English","","2026-06-12 05:01:47","2026-06-13 05:01:33","300","https://productdata.awin.com/datafeed/download/apikey/fa0ea60ea5f17aca3a0224f06ab4d131/fid/19891/format/csv/language/en/delimiter/%2C/compression/gzip/adultcontent/1/columns/data_feed_id%2Cmerchant_id%2Cmerchant_name%2Caw_product_id%2Caw_deep_link%2Caw_image_url%2Caw_thumb_url%2Ccategory_id%2Ccategory_name%2Cbrand_id%2Cbrand_name%2Cmerchant_product_id%2Cmerchant_category%2Cean%2Cmpn%2Cproduct_name%2Cdescription%2Cmerchant_deep_link%2Cmerchant_image_url%2Csearch_price%2Crrp_price%2Cdelivery_cost%2Cin_stock%2Cstock_status/"
"496","Tooled Up","GB","Not Joined","Awin","19893","Category - Workwear","English","","2026-06-13 05:04:26","2026-06-13 05:04:13","11689","https://productdata.awin.com/datafeed/download/apikey/fa0ea60ea5f17aca3a0224f06ab4d131/fid/19893/format/csv/language/en/delimiter/%2C/compression/gzip/adultcontent/1/columns/data_feed_id%2Cmerchant_id%2Cmerchant_name%2Caw_product_id%2Caw_deep_link%2Caw_image_url%2Caw_thumb_url%2Ccategory_id%2Ccategory_name%2Cbrand_id%2Cbrand_name%2Cmerchant_product_id%2Cmerchant_category%2Cean%2Cmpn%2Cproduct_name%2Cdescription%2Cmerchant_deep_link%2Cmerchant_image_url%2Csearch_price%2Crrp_price%2Cdelivery_cost%2Cin_stock%2Cstock_status/"
"496","Tooled Up","GB","Not Joined","Awin","20003","Category - Ladders","English","","2026-06-11 05:01:27","2026-06-13 05:01:15","297","https://productdata.awin.com/datafeed/download/apikey/fa0ea60ea5f17aca3a0224f06ab4d131/fid/20003/format/csv/language/en/delimiter/%2C/compression/gzip/adultcontent/1/columns/data_feed_id%2Cmerchant_id%2Cmerchant_name%2Caw_product_id%2Caw_deep_link%2Caw_image_url%2Caw_thumb_url%2Ccategory_id%2Ccategory_name%2Cbrand_id%2Cbrand_name%2Cmerchant_product_id%2Cmerchant_category%2Cean%2Cmpn%2Cproduct_name%2Cdescription%2Cmerchant_deep_link%2Cmerchant_image_url%2Csearch_price%2Crrp_price%2Cdelivery_cost%2Cin_stock%2Cstock_status/"
"496","Tooled Up","GB","Not Joined","Awin","20005","Category - Security","English","","2026-06-13 05:01:40","2026-06-13 05:01:35","683","https://productdata.awin.com/datafeed/download/apikey/fa0ea60ea5f17aca3a0224f06ab4d131/fid/20005/format/csv/language/en/delimiter/%2C/compression/gzip/adultcontent/1/columns/data_feed_id%2Cmerchant_id%2Cmerchant_name%2Caw_product_id%2Caw_deep_link%2Caw_image_url%2Caw_thumb_url%2Ccategory_id%2Ccategory_name%2Cbrand_id%2Cbrand_name%2Cmerchant_product_id%2Cmerchant_category%2Cean%2Cmpn%2Cproduct_name%2Cdescription%2Cmerchant_deep_link%2Cmerchant_image_url%2Csearch_price%2Crrp_price%2Cdelivery_cost%2Cin_stock%2Cstock_status/"
"496","Tooled Up","GB","Not Joined","Awin","20007","Category - Measuring Tools","English","","2026-06-13 05:02:34","2026-06-13 05:02:29","1081","https://productdata.awin.com/datafeed/download/apikey/fa0ea60ea5f17aca3a0224f06ab4d131/fid/20007/format/csv/language/en/delimiter/%2C/compression/gzip/adultcontent/1/columns/data_feed_id%2Cmerchant_id%2Cmerchant_name%2Caw_product_id%2Caw_deep_link%2Caw_image_url%2Caw_thumb_url%2Ccategory_id%2Ccategory_name%2Cbrand_id%2Cbrand_name%2Cmerchant_product_id%2Cmerchant_category%2Cean%2Cmpn%2Cproduct_name%2Cdescription%2Cmerchant_deep_link%2Cmerchant_image_url%2Csearch_price%2Crrp_price%2Cdelivery_cost%2Cin_stock%2Cstock_status/"
"496","Tooled Up","GB","Not Joined","Awin","20011","Category - Air Tools","English","","2026-06-13 05:02:00","2026-06-13 05:01:55","987","https://productdata.awin.com/datafeed/download/apikey/fa0ea60ea5f17aca3a0224f06ab4d131/fid/20011/format/csv/language/en/delimiter/%2C/compression/gzip/adultcontent/1/columns/data_feed_id%2Cmerchant_id%2Cmerchant_name%2Caw_product_id%2Caw_deep_link%2Caw_image_url%2Caw_thumb_url%2Ccategory_id%2Ccategory_name%2Cbrand_id%2Cbrand_name%2Cmerchant_product_id%2Cmerchant_category%2Cean%2Cmpn%2Cproduct_name%2Cdescription%2Cmerchant_deep_link%2Cmerchant_image_url%2Csearch_price%2Crrp_price%2Cdelivery_cost%2Cin_stock%2Cstock_status/"
"496","Tooled Up","GB","Not Joined","Awin","20013","Category - Cleaning & Drainage","English","","2026-06-13 05:02:21","2026-06-13 05:02:16","1611","https://productdata.awin.com/datafeed/download/apikey/fa0ea60ea5f17aca3a0224f06ab4d131/fid/20013/format/csv/language/en/delimiter/%2C/compression/gzip/adultcontent/1/columns/data_feed_id%2Cmerchant_id%2Cmerchant_name%2Caw_product_id%2Caw_deep_link%2Caw_image_url%2Caw_thumb_url%2Ccategory_id%2Ccategory_name%2Cbrand_id%2Cbrand_name%2Cmerchant_product_id%2Cmerchant_category%2Cean%2Cmpn%2Cproduct_name%2Cdescription%2Cmerchant_deep_link%2Cmerchant_image_url%2Csearch_price%2Crrp_price%2Cdelivery_cost%2Cin_stock%2Cstock_status/"
"496","Tooled Up","GB","Not Joined","Awin","20015","Category - Fans & Heaters","English","","2026-06-12 05:01:40","2026-06-13 05:01:31","181","https://productdata.awin.com/datafeed/download/apikey/fa0ea60ea5f17aca3a0224f06ab4d131/fid/20015/format/csv/language/en/delimiter/%2C/compression/gzip/adultcontent/1/columns/data_feed_id%2Cmerchant_id%2Cmerchant_name%2Caw_product_id%2Caw_deep_link%2Caw_image_url%2Caw_thumb_url%2Ccategory_id%2Ccategory_name%2Cbrand_id%2Cbrand_name%2Cmerchant_product_id%2Cmerchant_category%2Cean%2Cmpn%2Cproduct_name%2Cdescription%2Cmerchant_deep_link%2Cmerchant_image_url%2Csearch_price%2Crrp_price%2Cdelivery_cost%2Cin_stock%2Cstock_status/"
"496","Tooled Up","GB","Not Joined","Awin","20017","Category - Detectors & Testers","English","","2026-06-02 05:01:19","2026-06-13 05:01:14","160","https://productdata.awin.com/datafeed/download/apikey/fa0ea60ea5f17aca3a0224f06ab4d131/fid/20017/format/csv/language/en/delimiter/%2C/compression/gzip/adultcontent/1/columns/data_feed_id%2Cmerchant_id%2Cmerchant_name%2Caw_product_id%2Caw_deep_link%2Caw_image_url%2Caw_thumb_url%2Ccategory_id%2Ccategory_name%2Cbrand_id%2Cbrand_name%2Cmerchant_product_id%2Cmerchant_category%2Cean%2Cmpn%2Cproduct_name%2Cdescription%2Cmerchant_deep_link%2Cmerchant_image_url%2Csearch_price%2Crrp_price%2Cdelivery_cost%2Cin_stock%2Cstock_status/"
"496","Tooled Up","GB","Not Joined","Awin","20019","Category - Power Tool Accessories","English","","2026-06-13 05:06:11","2026-06-13 05:05:54","23125","https://productdata.awin.com/datafeed/download/apikey/fa0ea60ea5f17aca3a0224f06ab4d131/fid/20019/format/csv/language/en/delimiter/%2C/compression/gzip/adultcontent/1/columns/data_feed_id%2Cmerchant_id%2Cmerchant_name%2Caw_product_id%2Caw_deep_link%2Caw_image_url%2Caw_thumb_url%2Ccategory_id%2Ccategory_name%2Cbrand_id%2Cbrand_name%2Cmerchant_product_id%2Cmerchant_category%2Cean%2Cmpn%2Cproduct_name%2Cdescription%2Cmerchant_deep_link%2Cmerchant_image_url%2Csearch_price%2Crrp_price%2Cdelivery_cost%2Cin_stock%2Cstock_status/"
"496","Tooled Up","GB","Not Joined","Awin","20023","Brand - Bosch Professional","English","","2026-06-13 05:04:04","2026-06-13 05:03:57","4224","https://productdata.awin.com/datafeed/download/apikey/fa0ea60ea5f17aca3a0224f06ab4d131/fid/20023/format/csv/language/en/delimiter/%2C/compression/gzip/adultcontent/1/columns/data_feed_id%2Cmerchant_id%2Cmerchant_name%2Caw_product_id%2Caw_deep_link%2Caw_image_url%2Caw_thumb_url%2Ccategory_id%2Ccategory_name%2Cbrand_id%2Cbrand_name%2Cmerchant_product_id%2Cmerchant_category%2Cean%2Cmpn%2Cproduct_name%2Cdescription%2Cmerchant_deep_link%2Cmerchant_image_url%2Csearch_price%2Crrp_price%2Cdelivery_cost%2Cin_stock%2Cstock_status/"
"496","Tooled Up","GB","Not Joined","Awin","20025","Brand - Dewalt","English","","2026-06-13 05:03:10","2026-06-13 05:03:04","2504","https://productdata.awin.com/datafeed/download/apikey/fa0ea60ea5f17aca3a0224f06ab4d131/fid/20025/format/csv/language/en/delimiter/%2C/compression/gzip/adultcontent/1/columns/data_feed_id%2Cmerchant_id%2Cmerchant_name%2Caw_product_id%2Caw_deep_link%2Caw_image_url%2Caw_thumb_url%2Ccategory_id%2Ccategory_name%2Cbrand_id%2Cbrand_name%2Cmerchant_product_id%2Cmerchant_category%2Cean%2Cmpn%2Cproduct_name%2Cdescription%2Cmerchant_deep_link%2Cmerchant_image_url%2Csearch_price%2Crrp_price%2Cdelivery_cost%2Cin_stock%2Cstock_status/"
"496","Tooled Up","GB","Not Joined","Awin","20027","Brand - Draper","English","","2026-06-13 05:03:53","2026-06-13 05:03:43","6349","https://productdata.awin.com/datafeed/download/apikey/fa0ea60ea5f17aca3a0224f06ab4d131/fid/20027/format/csv/language/en/delimiter/%2C/compression/gzip/adultcontent/1/columns/data_feed_id%2Cmerchant_id%2Cmerchant_name%2Caw_product_id%2Caw_deep_link%2Caw_image_url%2Caw_thumb_url%2Ccategory_id%2Ccategory_name%2Cbrand_id%2Cbrand_name%2Cmerchant_product_id%2Cmerchant_category%2Cean%2Cmpn%2Cproduct_name%2Cdescription%2Cmerchant_deep_link%2Cmerchant_image_url%2Csearch_price%2Crrp_price%2Cdelivery_cost%2Cin_stock%2Cstock_status/"
"496","Tooled Up","GB","Not Joined","Awin","20029","Brand - Karcher H&G","English","","2026-06-13 06:02:15","2026-06-13 06:02:10","343","https://productdata.awin.com/datafeed/download/apikey/fa0ea60ea5f17aca3a0224f06ab4d131/fid/20029/format/csv/language/en/delimiter/%2C/compression/gzip/adultcontent/1/columns/data_feed_id%2Cmerchant_id%2Cmerchant_name%2Caw_product_id%2Caw_deep_link%2Caw_image_url%2Caw_thumb_url%2Ccategory_id%2Ccategory_name%2Cbrand_id%2Cbrand_name%2Cmerchant_product_id%2Cmerchant_category%2Cean%2Cmpn%2Cproduct_name%2Cdescription%2Cmerchant_deep_link%2Cmerchant_image_url%2Csearch_price%2Crrp_price%2Cdelivery_cost%2Cin_stock%2Cstock_status/"
"496","Tooled Up","GB","Not Joined","Awin","20033","Brand - Makita","English","","2026-06-13 05:03:20","2026-06-13 05:03:13","3822","https://productdata.awin.com/datafeed/download/apikey/fa0ea60ea5f17aca3a0224f06ab4d131/fid/20033/format/csv/language/en/delimiter/%2C/compression/gzip/adultcontent/1/columns/data_feed_id%2Cmerchant_id%2Cmerchant_name%2Caw_product_id%2Caw_deep_link%2Caw_image_url%2Caw_thumb_url%2Ccategory_id%2Ccategory_name%2Cbrand_id%2Cbrand_name%2Cmerchant_product_id%2Cmerchant_category%2Cean%2Cmpn%2Cproduct_name%2Cdescription%2Cmerchant_deep_link%2Cmerchant_image_url%2Csearch_price%2Crrp_price%2Cdelivery_cost%2Cin_stock%2Cstock_status/"
"496","Tooled Up","GB","Not Joined","Awin","20035","Brand - Sealey","English","","2026-06-13 05:05:10","2026-06-13 05:04:34","9956","https://productdata.awin.com/datafeed/download/apikey/fa0ea60ea5f17aca3a0224f06ab4d131/fid/20035/format/csv/language/en/delimiter/%2C/compression/gzip/adultcontent/1/columns/data_feed_id%2Cmerchant_id%2Cmerchant_name%2Caw_product_id%2Caw_deep_link%2Caw_image_url%2Caw_thumb_url%2Ccategory_id%2Ccategory_name%2Cbrand_id%2Cbrand_name%2Cmerchant_product_id%2Cmerchant_category%2Cean%2Cmpn%2Cproduct_name%2Cdescription%2Cmerchant_deep_link%2Cmerchant_image_url%2Csearch_price%2Crrp_price%2Cdelivery_cost%2Cin_stock%2Cstock_status/"
"496","Tooled Up","GB","Not Joined","Awin","20037","Brand - Spear & Jackson","English","","2026-06-13 05:01:20","2026-06-13 05:01:15","347","https://productdata.awin.com/datafeed/download/apikey/fa0ea60ea5f17aca3a0224f06ab4d131/fid/20037/format/csv/language/en/delimiter/%2C/compression/gzip/adultcontent/1/columns/data_feed_id%2Cmerchant_id%2Cmerchant_name%2Caw_product_id%2Caw_deep_link%2Caw_image_url%2Caw_thumb_url%2Ccategory_id%2Ccategory_name%2Cbrand_id%2Cbrand_name%2Cmerchant_product_id%2Cmerchant_category%2Cean%2Cmpn%2Cproduct_name%2Cdescription%2Cmerchant_deep_link%2Cmerchant_image_url%2Csearch_price%2Crrp_price%2Cdelivery_cost%2Cin_stock%2Cstock_status/"
"496","Tooled Up","GB","Not Joined","Awin","20039","Brand - Stanley","English","","2026-06-13 05:02:51","2026-06-13 05:02:43","1696","https://productdata.awin.com/datafeed/download/apikey/fa0ea60ea5f17aca3a0224f06ab4d131/fid/20039/format/csv/language/en/delimiter/%2C/compression/gzip/adultcontent/1/columns/data_feed_id%2Cmerchant_id%2Cmerchant_name%2Caw_product_id%2Caw_deep_link%2Caw_image_url%2Caw_thumb_url%2Ccategory_id%2Ccategory_name%2Cbrand_id%2Cbrand_name%2Cmerchant_product_id%2Cmerchant_category%2Cean%2Cmpn%2Cproduct_name%2Cdescription%2Cmerchant_deep_link%2Cmerchant_image_url%2Csearch_price%2Crrp_price%2Cdelivery_cost%2Cin_stock%2Cstock_status/"
"496","Tooled Up","GB","Not Joined","Awin","20041","Brand - Trend Routing","English","","2026-06-13 05:01:53","2026-06-13 05:01:47","1720","https://productdata.awin.com/datafeed/download/apikey/fa0ea60ea5f17aca3a0224f06ab4d131/fid/20041/format/csv/language/en/delimiter/%2C/compression/gzip/adultcontent/1/columns/data_feed_id%2Cmerchant_id%2Cmerchant_name%2Caw_product_id%2Caw_deep_link%2Caw_image_url%2Caw_thumb_url%2Ccategory_id%2Ccategory_name%2Cbrand_id%2Cbrand_name%2Cmerchant_product_id%2Cmerchant_category%2Cean%2Cmpn%2Cproduct_name%2Cdescription%2Cmerchant_deep_link%2Cmerchant_image_url%2Csearch_price%2Crrp_price%2Cdelivery_cost%2Cin_stock%2Cstock_status/"
"496","Tooled Up","GB","Not Joined","Awin","20043","Brand - Facom","English","","2026-06-12 05:01:33","2026-06-13 05:01:34","1824","https://productdata.awin.com/datafeed/download/apikey/fa0ea60ea5f17aca3a0224f06ab4d131/fid/20043/format/csv/language/en/delimiter/%2C/compression/gzip/adultcontent/1/columns/data_feed_id%2Cmerchant_id%2Cmerchant_name%2Caw_product_id%2Caw_deep_link%2Caw_image_url%2Caw_thumb_url%2Ccategory_id%2Ccategory_name%2Cbrand_id%2Cbrand_name%2Cmerchant_product_id%2Cmerchant_category%2Cean%2Cmpn%2Cproduct_name%2Cdescription%2Cmerchant_deep_link%2Cmerchant_image_url%2Csearch_price%2Crrp_price%2Cdelivery_cost%2Cin_stock%2Cstock_status/"
"496","Tooled Up","GB","Not Joined","Awin","20045","Brand - Gardena","English","","2026-06-12 05:01:23","2026-06-13 05:01:31","578","https://productdata.awin.com/datafeed/download/apikey/fa0ea60ea5f17aca3a0224f06ab4d131/fid/20045/format/csv/language/en/delimiter/%2C/compression/gzip/adultcontent/1/columns/data_feed_id%2Cmerchant_id%2Cmerchant_name%2Caw_product_id%2Caw_deep_link%2Caw_image_url%2Caw_thumb_url%2Ccategory_id%2Ccategory_name%2Cbrand_id%2Cbrand_name%2Cmerchant_product_id%2Cmerchant_category%2Cean%2Cmpn%2Cproduct_name%2Cdescription%2Cmerchant_deep_link%2Cmerchant_image_url%2Csearch_price%2Crrp_price%2Cdelivery_cost%2Cin_stock%2Cstock_status/"
"496","Tooled Up","GB","Not Joined","Awin","20051","Brand - Black & Decker","English","","2026-06-13 05:02:15","2026-06-13 05:02:10","344","https://productdata.awin.com/datafeed/download/apikey/fa0ea60ea5f17aca3a0224f06ab4d131/fid/20051/format/csv/language/en/delimiter/%2C/compression/gzip/adultcontent/1/columns/data_feed_id%2Cmerchant_id%2Cmerchant_name%2Caw_product_id%2Caw_deep_link%2Caw_image_url%2Caw_thumb_url%2Ccategory_id%2Ccategory_name%2Cbrand_id%2Cbrand_name%2Cmerchant_product_id%2Cmerchant_category%2Cean%2Cmpn%2Cproduct_name%2Cdescription%2Cmerchant_deep_link%2Cmerchant_image_url%2Csearch_price%2Crrp_price%2Cdelivery_cost%2Cin_stock%2Cstock_status/"
"496","Tooled Up","GB","Not Joined","Awin","20179","Brand - Bosch Home & Garden","English","","2026-06-13 05:02:41","2026-06-13 05:02:36","1031","https://productdata.awin.com/datafeed/download/apikey/fa0ea60ea5f17aca3a0224f06ab4d131/fid/20179/format/csv/language/en/delimiter/%2C/compression/gzip/adultcontent/1/columns/data_feed_id%2Cmerchant_id%2Cmerchant_name%2Caw_product_id%2Caw_deep_link%2Caw_image_url%2Caw_thumb_url%2Ccategory_id%2Ccategory_name%2Cbrand_id%2Cbrand_name%2Cmerchant_product_id%2Cmerchant_category%2Cean%2Cmpn%2Cproduct_name%2Cdescription%2Cmerchant_deep_link%2Cmerchant_image_url%2Csearch_price%2Crrp_price%2Cdelivery_cost%2Cin_stock%2Cstock_status/"
"12044","AliExpress PL","PL","Not Joined","Awin","21661","Mobile Phone Accessories & Parts","English","","2026-06-13 14:15:21","2026-06-13 14:15:05","461","https://productdata.awin.com/datafeed/download/apikey/fa0ea60ea5f17aca3a0224f06ab4d131/fid/21661/format/csv/language/en/delimiter/%2C/compression/gzip/columns/data_feed_id%2Cmerchant_id%2Cmerchant_name%2Caw_product_id%2Caw_deep_link%2Caw_image_url%2Caw_thumb_url%2Ccategory_id%2Ccategory_name%2Cbrand_id%2Cbrand_name%2Cmerchant_product_id%2Cmerchant_category%2Cproduct_name%2Cmerchant_deep_link%2Cmerchant_image_url%2Ccurrency%2Csearch_price%2Cstock_quantity%2Crating%2Calternate_image%2Cmerchant_product_category_path%2Cmerchant_product_second_category%2Csavings_percent%2Cproduct_price_old%2Calternate_image_two%2Calternate_image_three%2Calternate_image_four/"
"12044","AliExpress PL","PL","Not Joined","Awin","21665","Men's Clothing","English","","2026-06-13 14:16:02","2026-06-13 14:15:44","449","https://productdata.awin.com/datafeed/download/apikey/fa0ea60ea5f17aca3a0224f06ab4d131/fid/21665/format/csv/language/en/delimiter/%2C/compression/gzip/columns/data_feed_id%2Cmerchant_id%2Cmerchant_name%2Caw_product_id%2Caw_deep_link%2Caw_image_url%2Caw_thumb_url%2Ccategory_id%2Ccategory_name%2Cbrand_id%2Cbrand_name%2Cmerchant_product_id%2Cmerchant_category%2Cproduct_name%2Cmerchant_deep_link%2Cmerchant_image_url%2Ccurrency%2Csearch_price%2Cstock_quantity%2Crating%2Calternate_image%2Cmerchant_product_category_path%2Cmerchant_product_second_category%2Csavings_percent%2Cproduct_price_old%2Calternate_image_two%2Calternate_image_three%2Calternate_image_four/"
"12044","AliExpress PL","PL","Not Joined","Awin","21667","Women's Clothing","English","","2026-06-13 14:14:16","2026-06-13 14:14:03","455","https://productdata.awin.com/datafeed/download/apikey/fa0ea60ea5f17aca3a0224f06ab4d131/fid/21667/format/csv/language/en/delimiter/%2C/compression/gzip/columns/data_feed_id%2Cmerchant_id%2Cmerchant_name%2Caw_product_id%2Caw_deep_link%2Caw_image_url%2Caw_thumb_url%2Ccategory_id%2Ccategory_name%2Cbrand_id%2Cbrand_name%2Cmerchant_product_id%2Cproduct_name%2Cmerchant_deep_link%2Cmerchant_image_url%2Cvalid_to%2Ccurrency%2Csearch_price%2Cstock_quantity%2Ccustom_1%2Crating%2Cmerchant_product_category_path%2Cmerchant_product_second_category%2Csavings_percent%2Cproduct_price_old%2Calternate_image_two%2Calternate_image_three%2Calternate_image_four/"
"12044","AliExpress PL","PL","Not Joined","Awin","21687","Telephones & Accessories","English","","2026-06-13 14:17:19","2026-06-13 14:17:04","3072","https://productdata.awin.com/datafeed/download/apikey/fa0ea60ea5f17aca3a0224f06ab4d131/fid/21687/format/csv/language/en/delimiter/%2C/compression/gzip/columns/data_feed_id%2Cmerchant_id%2Cmerchant_name%2Caw_product_id%2Caw_deep_link%2Caw_image_url%2Caw_thumb_url%2Ccategory_id%2Ccategory_name%2Cbrand_id%2Cbrand_name%2Cmerchant_product_id%2Cmerchant_category%2Cproduct_name%2Cmerchant_deep_link%2Cmerchant_image_url%2Ccurrency%2Csearch_price%2Cstock_quantity%2Crating%2Calternate_image%2Cmerchant_product_category_path%2Cmerchant_product_second_category%2Csavings_percent%2Cproduct_price_old%2Calternate_image_two%2Calternate_image_three%2Calternate_image_four/"
"12044","AliExpress PL","PL","Not Joined","Awin","21695","Jewelry Accessories","English","","2026-06-13 14:16:20","2026-06-13 14:16:04","465","https://productdata.awin.com/datafeed/download/apikey/fa0ea60ea5f17aca3a0224f06ab4d131/fid/21695/format/csv/language/en/delimiter/%2C/compression/gzip/columns/data_feed_id%2Cmerchant_id%2Cmerchant_name%2Caw_product_id%2Caw_deep_link%2Caw_image_url%2Caw_thumb_url%2Ccategory_id%2Ccategory_name%2Cbrand_id%2Cbrand_name%2Cmerchant_product_id%2Cmerchant_category%2Cproduct_name%2Cmerchant_deep_link%2Cmerchant_image_url%2Ccurrency%2Csearch_price%2Cstock_quantity%2Crating%2Calternate_image%2Cmerchant_product_category_path%2Cmerchant_product_second_category%2Csavings_percent%2Cproduct_price_old%2Calternate_image_two%2Calternate_image_three%2Calternate_image_four/"
"12044","AliExpress PL","PL","Not Joined","Awin","21701","Communication & Equipment","English","","2026-06-13 14:18:03","2026-06-13 14:17:44","2302","https://productdata.awin.com/datafeed/download/apikey/fa0ea60ea5f17aca3a0224f06ab4d131/fid/21701/format/csv/language/en/delimiter/%2C/compression/gzip/columns/data_feed_id%2Cmerchant_id%2Cmerchant_name%2Caw_product_id%2Caw_deep_link%2Caw_image_url%2Caw_thumb_url%2Ccategory_id%2Ccategory_name%2Cbrand_id%2Cbrand_name%2Cmerchant_product_id%2Cmerchant_category%2Cproduct_name%2Cmerchant_deep_link%2Cmerchant_image_url%2Ccurrency%2Csearch_price%2Cstock_quantity%2Crating%2Calternate_image%2Cmerchant_product_category_path%2Cmerchant_product_second_category%2Csavings_percent%2Cproduct_price_old%2Calternate_image_two%2Calternate_image_three%2Calternate_image_four/"
"12044","AliExpress PL","PL","Not Joined","Awin","21725","Home & Garden","English","","2026-06-13 14:13:29","2026-06-13 14:12:43","418","https://productdata.awin.com/datafeed/download/apikey/fa0ea60ea5f17aca3a0224f06ab4d131/fid/21725/format/csv/language/en/delimiter/%2C/compression/gzip/columns/data_feed_id%2Cmerchant_id%2Cmerchant_name%2Caw_product_id%2Caw_deep_link%2Caw_image_url%2Caw_thumb_url%2Ccategory_id%2Ccategory_name%2Cbrand_id%2Cbrand_name%2Cmerchant_product_id%2Cmerchant_category%2Cproduct_name%2Cmerchant_deep_link%2Cmerchant_image_url%2Ccurrency%2Csearch_price%2Cstock_quantity%2Crating%2Calternate_image%2Cmerchant_product_category_path%2Cmerchant_product_second_category%2Csavings_percent%2Cproduct_price_old%2Calternate_image_two%2Calternate_image_three%2Calternate_image_four/"
"12044","AliExpress PL","PL","Not Joined","Awin","21727","Furniture","English","","2026-06-13 14:11:59","2026-06-13 14:11:43","442","https://productdata.awin.com/datafeed/download/apikey/fa0ea60ea5f17aca3a0224f06ab4d131/fid/21727/format/csv/language/en/delimiter/%2C/compression/gzip/columns/data_feed_id%2Cmerchant_id%2Cmerchant_name%2Caw_product_id%2Caw_deep_link%2Caw_image_url%2Caw_thumb_url%2Ccategory_id%2Ccategory_name%2Cbrand_id%2Cbrand_name%2Cmerchant_product_id%2Cmerchant_category%2Cproduct_name%2Cmerchant_deep_link%2Cmerchant_image_url%2Ccurrency%2Csearch_price%2Cstock_quantity%2Crating%2Calternate_image%2Cmerchant_product_category_path%2Cmerchant_product_second_category%2Csavings_percent%2Cproduct_price_old%2Calternate_image_two%2Calternate_image_three%2Calternate_image_four/"
"12044","AliExpress PL","PL","Not Joined","Awin","21729","Mobile Phones","English","","2026-06-13 14:18:21","2026-06-13 14:18:04","4028","https://productdata.awin.com/datafeed/download/apikey/fa0ea60ea5f17aca3a0224f06ab4d131/fid/21729/format/csv/language/en/delimiter/%2C/compression/gzip/columns/data_feed_id%2Cmerchant_id%2Cmerchant_name%2Caw_product_id%2Caw_deep_link%2Caw_image_url%2Caw_thumb_url%2Ccategory_id%2Ccategory_name%2Cbrand_id%2Cbrand_name%2Cmerchant_product_id%2Cmerchant_category%2Cproduct_name%2Cmerchant_deep_link%2Cmerchant_image_url%2Ccurrency%2Csearch_price%2Cstock_quantity%2Crating%2Calternate_image%2Cmerchant_product_category_path%2Cmerchant_product_second_category%2Csavings_percent%2Cproduct_price_old%2Calternate_image_two%2Calternate_image_three%2Calternate_image_four/"
"12044","AliExpress PL","PL","Not Joined","Awin","21841","Home_Appliances","English","","2026-06-13 14:12:40","2026-06-13 14:12:23","440","https://productdata.awin.com/datafeed/download/apikey/fa0ea60ea5f17aca3a0224f06ab4d131/fid/21841/format/csv/language/en/delimiter/%2C/compression/gzip/columns/data_feed_id%2Cmerchant_id%2Cmerchant_name%2Caw_product_id%2Caw_deep_link%2Caw_image_url%2Caw_thumb_url%2Ccategory_id%2Ccategory_name%2Cbrand_id%2Cbrand_name%2Cmerchant_product_id%2Cmerchant_category%2Cproduct_name%2Cmerchant_deep_link%2Cmerchant_image_url%2Ccurrency%2Csearch_price%2Cstock_quantity%2Csaving%2Crating%2Calternate_image%2Cmerchant_product_category_path%2Cmerchant_product_second_category%2Cproduct_price_old%2Calternate_image_two%2Calternate_image_three%2Calternate_image_four/"
"12044","AliExpress PL","PL","Not Joined","Awin","21843","Electrical_Equipment_Supplies","English","","2026-06-13 14:14:01","2026-06-13 14:13:43","467","https://productdata.awin.com/datafeed/download/apikey/fa0ea60ea5f17aca3a0224f06ab4d131/fid/21843/format/csv/language/en/delimiter/%2C/compression/gzip/columns/data_feed_id%2Cmerchant_id%2Cmerchant_name%2Caw_product_id%2Caw_deep_link%2Caw_image_url%2Caw_thumb_url%2Ccategory_id%2Ccategory_name%2Cbrand_id%2Cbrand_name%2Cmerchant_product_id%2Cmerchant_category%2Cproduct_name%2Cmerchant_deep_link%2Cmerchant_image_url%2Ccurrency%2Csearch_price%2Cstock_quantity%2Crating%2Calternate_image%2Cmerchant_product_category_path%2Cmerchant_product_second_category%2Csavings_percent%2Cproduct_price_old%2Calternate_image_two%2Calternate_image_three%2Calternate_image_four/"
"12044","AliExpress PL","PL","Not Joined","Awin","21847","Consumer_Electronics","English","","2026-06-13 14:16:41","2026-06-13 14:16:23","467","https://productdata.awin.com/datafeed/download/apikey/fa0ea60ea5f17aca3a0224f06ab4d131/fid/21847/format/csv/language/en/delimiter/%2C/compression/gzip/columns/data_feed_id%2Cmerchant_id%2Cmerchant_name%2Caw_product_id%2Caw_deep_link%2Caw_image_url%2Caw_thumb_url%2Ccategory_id%2Ccategory_name%2Cbrand_id%2Cbrand_name%2Cmerchant_product_id%2Cmerchant_category%2Cproduct_name%2Cmerchant_deep_link%2Cmerchant_image_url%2Ccurrency%2Csearch_price%2Cstock_quantity%2Crating%2Calternate_image%2Cmerchant_product_category_path%2Cmerchant_product_second_category%2Csavings_percent%2Cproduct_price_old%2Calternate_image_two%2Calternate_image_three%2Calternate_image_four/"
"12044","AliExpress PL","PL","Not Joined","Awin","21849","Beauty_Health","English","","2026-06-13 14:11:40","2026-06-13 14:11:23","440","https://productdata.awin.com/datafeed/download/apikey/fa0ea60ea5f17aca3a0224f06ab4d131/fid/21849/format/csv/language/en/delimiter/%2C/compression/gzip/columns/data_feed_id%2Cmerchant_id%2Cmerchant_name%2Caw_product_id%2Caw_deep_link%2Caw_image_url%2Caw_thumb_url%2Ccategory_id%2Ccategory_name%2Cbrand_id%2Cbrand_name%2Cmerchant_product_id%2Cmerchant_category%2Cproduct_name%2Cmerchant_deep_link%2Cmerchant_image_url%2Ccurrency%2Csearch_price%2Cstock_quantity%2Crating%2Calternate_image%2Cmerchant_product_category_path%2Cmerchant_product_second_category%2Csavings_percent%2Cproduct_price_old%2Calternate_image_two%2Calternate_image_three%2Calternate_image_four/"
"12044","AliExpress PL","PL","Not Joined","Awin","21851","Automobiles_Motorcycles","English","","2026-06-13 14:17:00","2026-06-13 14:16:44","464","https://productdata.awin.com/datafeed/download/apikey/fa0ea60ea5f17aca3a0224f06ab4d131/fid/21851/format/csv/language/en/delimiter/%2C/compression/gzip/columns/data_feed_id%2Cmerchant_id%2Cmerchant_name%2Caw_product_id%2Caw_deep_link%2Caw_image_url%2Caw_thumb_url%2Ccategory_id%2Ccategory_name%2Cbrand_id%2Cbrand_name%2Cmerchant_product_id%2Cmerchant_category%2Cproduct_name%2Cmerchant_deep_link%2Cmerchant_image_url%2Ccurrency%2Csearch_price%2Cstock_quantity%2Crating%2Calternate_image%2Cmerchant_product_category_path%2Cmerchant_product_second_category%2Csavings_percent%2Cproduct_price_old%2Calternate_image_two%2Calternate_image_three%2Calternate_image_four/"
"12044","AliExpress PL","PL","Not Joined","Awin","21853","Underwear","English","","2026-06-13 14:17:41","2026-06-13 14:17:24","459","https://productdata.awin.com/datafeed/download/apikey/fa0ea60ea5f17aca3a0224f06ab4d131/fid/21853/format/csv/language/en/delimiter/%2C/compression/gzip/columns/data_feed_id%2Cmerchant_id%2Cmerchant_name%2Caw_product_id%2Caw_deep_link%2Caw_image_url%2Caw_thumb_url%2Ccategory_id%2Ccategory_name%2Cbrand_id%2Cbrand_name%2Cmerchant_product_id%2Cmerchant_category%2Cproduct_name%2Cmerchant_deep_link%2Cmerchant_image_url%2Ccurrency%2Csearch_price%2Cstock_quantity%2Csaving%2Crating%2Calternate_image%2Cmerchant_product_category_path%2Cmerchant_product_second_category%2Cproduct_price_old%2Calternate_image_two%2Calternate_image_three%2Calternate_image_four/"
"12044","AliExpress PL","PL","Not Joined","Awin","21855","Mother & Kids","English","","2026-06-13 14:12:19","2026-06-13 14:12:03","484","https://productdata.awin.com/datafeed/download/apikey/fa0ea60ea5f17aca3a0224f06ab4d131/fid/21855/format/csv/language/en/delimiter/%2C/compression/gzip/columns/data_feed_id%2Cmerchant_id%2Cmerchant_name%2Caw_product_id%2Caw_deep_link%2Caw_image_url%2Caw_thumb_url%2Ccategory_id%2Ccategory_name%2Cbrand_id%2Cbrand_name%2Cmerchant_product_id%2Cmerchant_category%2Cproduct_name%2Cmerchant_deep_link%2Cmerchant_image_url%2Ccurrency%2Csearch_price%2Cstock_quantity%2Crating%2Calternate_image%2Cmerchant_product_category_path%2Cmerchant_product_second_category%2Csavings_percent%2Cproduct_price_old%2Calternate_image_two%2Calternate_image_three%2Calternate_image_four/"
"12044","AliExpress PL","PL","Not Joined","Awin","24327","Office & School Supplies","English","","2026-06-13 14:15:42","2026-06-13 14:15:25","459","https://productdata.awin.com/datafeed/download/apikey/fa0ea60ea5f17aca3a0224f06ab4d131/fid/24327/format/csv/language/en/delimiter/%2C/compression/gzip/columns/data_feed_id%2Cmerchant_id%2Cmerchant_name%2Caw_product_id%2Caw_deep_link%2Caw_image_url%2Caw_thumb_url%2Ccategory_id%2Ccategory_name%2Cbrand_id%2Cbrand_name%2Cmerchant_product_id%2Cmerchant_category%2Cproduct_name%2Cmerchant_deep_link%2Cmerchant_image_url%2Ccurrency%2Csearch_price%2Cstock_quantity%2Crating%2Calternate_image%2Cmerchant_product_category_path%2Cmerchant_product_second_category%2Csavings_percent%2Cproduct_price_old%2Calternate_image_two%2Calternate_image_three%2Calternate_image_four/"
"13435","Legimi PL","PL","Not Joined","Awin","28439","Legimi PL","Polish","","2025-01-12 20:28:02","2026-06-13 16:03:16","386392","https://productdata.awin.com/datafeed/download/apikey/fa0ea60ea5f17aca3a0224f06ab4d131/fid/28439/format/csv/language/pl/delimiter/%2C/compression/gzip/columns/data_feed_id%2Cmerchant_id%2Cmerchant_name%2Caw_product_id%2Caw_deep_link%2Caw_image_url%2Caw_thumb_url%2Ccategory_id%2Ccategory_name%2Cbrand_id%2Cbrand_name%2Cmerchant_product_id%2Cmerchant_category%2Cisbn%2Cproduct_name%2Cdescription%2Cmerchant_deep_link%2Cmerchant_image_url%2Csearch_price%2Cstock_quantity%2Ccustom_1%2Ccustom_2%2Ccustom_3%2Ccustom_4%2Ccustom_5%2Cstock_status%2Ccustom_6/"
"15112","Tirendo UK","GB","Not Joined","Awin","32457","TIRENDO UK","English","","2026-06-13 16:26:35","2026-06-13 16:25:57","40525","https://productdata.awin.com/datafeed/download/apikey/fa0ea60ea5f17aca3a0224f06ab4d131/fid/32457/format/csv/language/en/delimiter/%2C/compression/gzip/adultcontent/1/columns/data_feed_id%2Cmerchant_id%2Cmerchant_name%2Caw_product_id%2Caw_deep_link%2Caw_image_url%2Caw_thumb_url%2Ccategory_id%2Ccategory_name%2Cbrand_id%2Cbrand_name%2Cmerchant_product_id%2Cmerchant_category%2Cean%2Cmpn%2Cproduct_name%2Cspecifications%2Cmerchant_deep_link%2Cmerchant_image_url%2Cdelivery_time%2Ccurrency%2Csearch_price%2Crrp_price%2Cdelivery_cost%2Cstock_quantity%2Ccustom_1%2Ccustom_2%2Ccustom_3%2Ccustom_4%2Ccustom_5%2Calternate_image%2Cproduct_model%2Cmerchant_product_second_category%2Cmerchant_product_third_category%2Cstock_status%2Ccustom_6%2Ccustom_7%2Ccustom_8%2Ccustom_9/"
"15079","Blitec DE","DE","Not Joined","Awin","35537","Default","German","","2026-06-13 09:04:38","2026-06-13 09:03:44","71229","https://productdata.awin.com/datafeed/download/apikey/fa0ea60ea5f17aca3a0224f06ab4d131/fid/35537/format/csv/language/de/delimiter/%2C/compression/gzip/columns/data_feed_id%2Cmerchant_id%2Cmerchant_name%2Caw_product_id%2Caw_deep_link%2Caw_image_url%2Caw_thumb_url%2Ccategory_id%2Ccategory_name%2Cbrand_id%2Cbrand_name%2Cmerchant_product_id%2Cmerchant_category%2Cean%2Cmpn%2Cmodel_number%2Cproduct_name%2Cdescription%2Cmerchant_deep_link%2Cmerchant_image_url%2Cdelivery_time%2Ccurrency%2Csearch_price%2Cdelivery_cost%2Cin_stock%2Cstock_quantity%2Ccondition%2Cdelivery_weight%2Cmerchant_product_category_path/"
"1463","Sport and Leisure UK","GB","Not Joined","Awin","37875","SLUK on M2","English","","2026-06-13 06:01:28","2026-06-13 06:01:21","335","https://productdata.awin.com/datafeed/download/apikey/fa0ea60ea5f17aca3a0224f06ab4d131/fid/37875/format/csv/language/en/delimiter/%2C/compression/gzip/adultcontent/1/columns/aw_deep_link%2Cproduct_name%2Caw_product_id%2Cmerchant_product_id%2Cmerchant_image_url%2Cdescription%2Cmerchant_category%2Csearch_price%2Cmerchant_name%2Cmerchant_id%2Ccategory_name%2Ccategory_id%2Caw_image_url%2Ccurrency%2Cstore_price%2Cdelivery_cost%2Cmerchant_deep_link%2Clanguage%2Clast_updated%2Cbrand_name%2Cbrand_id%2Ccolour%2Cproduct_short_description%2Cspecifications%2Ccondition%2Cproduct_model%2Cmodel_number%2Cdimensions%2Ckeywords%2Cpromotional_text%2Cproduct_type%2Ccommission_group%2Cmerchant_product_category_path%2Cmerchant_product_second_category%2Cmerchant_product_third_category%2Crrp_price%2Csaving%2Csavings_percent%2Cbase_price%2Cbase_price_amount%2Cbase_price_text%2Cproduct_price_old%2Cdelivery_restrictions%2Cdelivery_weight%2Cwarranty%2Cterms_of_contract%2Cdelivery_time%2Cin_stock%2Cstock_quantity%2Cvalid_from%2Cvalid_to%2Cis_for_sale%2Cweb_offer%2Cpre_order%2Cstock_status%2Csize_stock_status%2Csize_stock_amount%2Cmerchant_thumb_url%2Clarge_image%2Calternate_image%2Caw_thumb_url%2Calternate_image_two%2Calternate_image_three%2Calternate_image_four%2Creviews%2Caverage_rating%2Crating%2Cnumber_available%2Ccustom_1%2Ccustom_2%2Ccustom_3%2Ccustom_4%2Ccustom_5%2Ccustom_6%2Ccustom_7%2Ccustom_8%2Ccustom_9%2Cean%2Cisbn%2Cupc%2Cmpn%2Cparent_product_id%2Cproduct_GTIN%2Cbasket_link/"
"17412","Profichemie.com DE","DE","Not Joined","Awin","38189","Default","German","","2026-06-12 16:01:55","2026-06-13 16:01:43","86","https://productdata.awin.com/datafeed/download/apikey/fa0ea60ea5f17aca3a0224f06ab4d131/fid/38189/format/csv/language/de/delimiter/%2C/compression/gzip/columns/data_feed_id%2Cmerchant_id%2Cmerchant_name%2Caw_product_id%2Caw_deep_link%2Caw_image_url%2Caw_thumb_url%2Ccategory_id%2Ccategory_name%2Cbrand_id%2Cbrand_name%2Cmerchant_product_id%2Cean%2Cisbn%2Cproduct_name%2Cdescription%2Cspecifications%2Cmerchant_deep_link%2Cmerchant_image_url%2Cdelivery_time%2Cvalid_from%2Cvalid_to%2Ccurrency%2Csearch_price%2Cdelivery_cost%2Ccolour%2Ckeywords%2Ccustom_1%2Ccustom_2%2Ccustom_3%2Ccustom_4%2Ccustom_5%2Cdelivery_restrictions%2Cproduct_short_description%2Cmerchant_product_category_path%2Cbase_price%2Cbase_price_amount%2Cproduct_price_old%2Cstock_status%2Csize_stock_status/"
"12044","AliExpress PL","PL","Not Joined","Awin","38771","Home_Improvment","English","","2026-06-13 14:15:00","2026-06-13 14:14:44","435","https://productdata.awin.com/datafeed/download/apikey/fa0ea60ea5f17aca3a0224f06ab4d131/fid/38771/format/csv/language/en/delimiter/%2C/compression/gzip/columns/data_feed_id%2Cmerchant_id%2Cmerchant_name%2Caw_product_id%2Caw_deep_link%2Caw_image_url%2Caw_thumb_url%2Ccategory_id%2Ccategory_name%2Cbrand_id%2Cbrand_name%2Cmerchant_product_id%2Cmerchant_category%2Cproduct_name%2Cmerchant_deep_link%2Cmerchant_image_url%2Ccurrency%2Csearch_price%2Cstock_quantity%2Crating%2Calternate_image%2Cmerchant_product_category_path%2Cmerchant_product_second_category%2Csavings_percent%2Cproduct_price_old%2Calternate_image_two%2Calternate_image_three%2Calternate_image_four/"
"12044","AliExpress PL","PL","Not Joined","Awin","38773","Computer_Office","English","","2026-06-13 14:14:39","2026-06-13 14:14:23","449","https://productdata.awin.com/datafeed/download/apikey/fa0ea60ea5f17aca3a0224f06ab4d131/fid/38773/format/csv/language/en/delimiter/%2C/compression/gzip/columns/data_feed_id%2Cmerchant_id%2Cmerchant_name%2Caw_product_id%2Caw_deep_link%2Caw_image_url%2Caw_thumb_url%2Ccategory_id%2Ccategory_name%2Cbrand_id%2Cbrand_name%2Cmerchant_product_id%2Cmerchant_category%2Cproduct_name%2Cmerchant_deep_link%2Cmerchant_image_url%2Ccurrency%2Csearch_price%2Cstock_quantity%2Crating%2Calternate_image%2Cmerchant_product_category_path%2Cmerchant_product_second_category%2Csavings_percent%2Cproduct_price_old%2Calternate_image_two%2Calternate_image_three%2Calternate_image_four/"
"17430","getgoods DE","AT","Not Joined","Awin","40071","AT","German","","2026-06-13 16:30:21","2026-06-13 16:24:59","455039","https://productdata.awin.com/datafeed/download/apikey/fa0ea60ea5f17aca3a0224f06ab4d131/fid/40071/format/csv/language/de/delimiter/%2C/compression/gzip/columns/data_feed_id%2Cmerchant_id%2Cmerchant_name%2Caw_product_id%2Caw_deep_link%2Caw_image_url%2Caw_thumb_url%2Ccategory_id%2Ccategory_name%2Cbrand_id%2Cbrand_name%2Cmerchant_product_id%2Cmerchant_category%2Cean%2Cproduct_name%2Cdescription%2Cspecifications%2Clanguage%2Cmerchant_deep_link%2Cmerchant_image_url%2Cdelivery_time%2Ccurrency%2Csearch_price%2Cdelivery_cost%2Ccondition%2Ccustom_1%2Cdelivery_restrictions%2Cmerchant_product_category_path%2Cmerchant_product_second_category%2Cmerchant_product_third_category%2Cbase_price%2Cbase_price_text/"
"12044","AliExpress PL","PL","Not Joined","Awin","43145","Food","English","","2026-06-13 14:11:13","2026-06-13 14:11:06","124","https://productdata.awin.com/datafeed/download/apikey/fa0ea60ea5f17aca3a0224f06ab4d131/fid/43145/format/csv/language/en/delimiter/%2C/compression/gzip/columns/data_feed_id%2Cmerchant_id%2Cmerchant_name%2Caw_product_id%2Caw_deep_link%2Caw_image_url%2Caw_thumb_url%2Ccategory_id%2Ccategory_name%2Cbrand_id%2Cbrand_name%2Cmerchant_product_id%2Cmerchant_category%2Cproduct_name%2Cmerchant_deep_link%2Cmerchant_image_url%2Ccurrency%2Csearch_price%2Csaving%2Calternate_image%2Cmerchant_product_category_path%2Cmerchant_product_second_category%2Cproduct_price_old/"
"10264","Fiszki PL","PL","Not Joined","Awin","44015","Default","Polish","","2026-06-13 00:03:01","2026-06-13 12:12:11","338","https://productdata.awin.com/datafeed/download/apikey/fa0ea60ea5f17aca3a0224f06ab4d131/fid/44015/format/csv/language/pl/delimiter/%2C/compression/gzip/columns/data_feed_id%2Cmerchant_id%2Cmerchant_name%2Caw_product_id%2Caw_deep_link%2Caw_image_url%2Caw_thumb_url%2Ccategory_id%2Ccategory_name%2Cbrand_id%2Cbrand_name%2Cmerchant_product_id%2Cmerchant_category%2Cean%2Cmpn%2Cproduct_name%2Cdescription%2Cmerchant_deep_link%2Cmerchant_image_url%2Csearch_price%2Cin_stock%2Ccondition%2Cproduct_type%2Ccustom_1%2Calternate_image%2Cbase_price%2Calternate_image_two%2Calternate_image_three%2Calternate_image_four/"
"10264","Fiszki PL","PL","Not Joined","Awin","44017","Ceneo","Polish","","2026-06-12 12:01:59","2026-06-13 16:01:13","378","https://productdata.awin.com/datafeed/download/apikey/fa0ea60ea5f17aca3a0224f06ab4d131/fid/44017/format/csv/language/pl/delimiter/%2C/compression/gzip/columns/data_feed_id%2Cmerchant_id%2Cmerchant_name%2Caw_product_id%2Caw_deep_link%2Caw_image_url%2Caw_thumb_url%2Ccategory_id%2Ccategory_name%2Cbrand_id%2Cbrand_name%2Cmerchant_product_id%2Cean%2Cisbn%2Cproduct_name%2Cdescription%2Cmerchant_deep_link%2Cmerchant_image_url%2Csearch_price%2Cproduct_type%2Calternate_image%2Cmerchant_product_category_path%2Calternate_image_two%2Calternate_image_three%2Calternate_image_four/"
"20039","HIVITAL","ES","Not Joined","Awin","45599","Hivital Feed de productos","Spanish","","2026-05-15 13:53:50","","26","https://productdata.awin.com/datafeed/download/apikey/fa0ea60ea5f17aca3a0224f06ab4d131/fid/45599/format/csv/language/es/delimiter/%2C/compression/gzip/columns/data_feed_id%2Cmerchant_id%2Cmerchant_name%2Caw_product_id%2Caw_deep_link%2Caw_image_url%2Caw_thumb_url%2Ccategory_id%2Ccategory_name%2Cbrand_id%2Cbrand_name%2Cmerchant_product_id%2Cproduct_name%2Cdescription%2Cmerchant_deep_link%2Csearch_price%2Ccustom_1%2Ccustom_2%2Ccustom_3%2Calternate_image_two/"
"19605","Weneve PL","PL","Not Joined","Awin","47141","Default","Polish","","2026-06-13 08:03:17","2026-06-13 16:05:52","4332","https://productdata.awin.com/datafeed/download/apikey/fa0ea60ea5f17aca3a0224f06ab4d131/fid/47141/format/csv/language/pl/delimiter/%2C/compression/gzip/columns/data_feed_id%2Cmerchant_id%2Cmerchant_name%2Caw_product_id%2Caw_deep_link%2Caw_image_url%2Caw_thumb_url%2Ccategory_id%2Ccategory_name%2Cbrand_id%2Cbrand_name%2Cmerchant_product_id%2Cmerchant_category%2Cmpn%2Cproduct_name%2Cdescription%2Cmerchant_deep_link%2Cmerchant_image_url%2Csearch_price%2Cin_stock%2Ccondition%2Cdelivery_weight%2Calternate_image%2Calternate_image_two%2Calternate_image_three%2Calternate_image_four/"
"5190","Simply LED","GB","Not Joined","Awin","48033","5190AWIN-Simply-LED","English","","2026-06-13 00:02:22","2026-06-13 00:02:14","3758","https://productdata.awin.com/datafeed/download/apikey/fa0ea60ea5f17aca3a0224f06ab4d131/fid/48033/format/csv/language/en/delimiter/%2C/compression/gzip/adultcontent/1/columns/data_feed_id%2Cmerchant_id%2Cmerchant_name%2Caw_product_id%2Caw_deep_link%2Caw_image_url%2Caw_thumb_url%2Ccategory_id%2Ccategory_name%2Cbrand_id%2Cbrand_name%2Cmerchant_product_id%2Cmerchant_category%2Cean%2Cmpn%2Cproduct_name%2Cdescription%2Cmerchant_deep_link%2Cmerchant_image_url%2Csearch_price%2Cin_stock%2Ccondition%2Cmerchant_product_second_category/"
"736","Cadbury Gifts Direct","GB","Not Joined","Awin","48599","Cadbury Shopping Feed","English","","2026-06-12 18:02:08","2026-06-13 12:07:29","1346","https://productdata.awin.com/datafeed/download/apikey/fa0ea60ea5f17aca3a0224f06ab4d131/fid/48599/format/csv/language/en/delimiter/%2C/compression/gzip/adultcontent/1/columns/data_feed_id%2Cmerchant_id%2Cmerchant_name%2Caw_product_id%2Caw_deep_link%2Caw_image_url%2Caw_thumb_url%2Ccategory_id%2Ccategory_name%2Cbrand_id%2Cbrand_name%2Cmerchant_product_id%2Cmerchant_category%2Cproduct_name%2Cdescription%2Cmerchant_deep_link%2Cmerchant_image_url%2Csearch_price%2Cin_stock%2Ccondition%2Ccustom_1%2Ccustom_2%2Ccustom_3%2Ccustom_4%2Ccustom_5%2Calternate_image%2Calternate_image_two%2Calternate_image_three%2Ccustom_6%2Ccustom_7%2Ccustom_8%2Cproduct_GTIN%2Calternate_image_four/"
"21762","DAX PL","PL","Not Joined","Awin","49291","Default","Polish","","2026-06-13 16:19:06","2026-06-13 16:18:55","636","https://productdata.awin.com/datafeed/download/apikey/fa0ea60ea5f17aca3a0224f06ab4d131/fid/49291/format/csv/language/pl/delimiter/%2C/compression/gzip/columns/data_feed_id%2Cmerchant_id%2Cmerchant_name%2Caw_product_id%2Caw_deep_link%2Caw_image_url%2Caw_thumb_url%2Ccategory_id%2Ccategory_name%2Cbrand_id%2Cbrand_name%2Cmerchant_product_id%2Cmerchant_category%2Cproduct_name%2Cdescription%2Cmerchant_deep_link%2Cmerchant_image_url%2Ccurrency%2Csearch_price%2Cin_stock%2Cstock_quantity%2Ccustom_1%2Cdelivery_weight/"
"21861","InterGard tuinartikelen NL","NL","Not Joined","Awin","50381","Feed Nederlands","Dutch","","2026-06-11 02:01:35","2026-06-13 02:01:36","3650","https://productdata.awin.com/datafeed/download/apikey/fa0ea60ea5f17aca3a0224f06ab4d131/fid/50381/format/csv/language/nl/delimiter/%2C/compression/gzip/columns/data_feed_id%2Cmerchant_id%2Cmerchant_name%2Caw_product_id%2Caw_deep_link%2Caw_image_url%2Caw_thumb_url%2Ccategory_id%2Ccategory_name%2Cbrand_id%2Cbrand_name%2Cmerchant_product_id%2Cmerchant_category%2Cean%2Cproduct_name%2Cdescription%2Cmerchant_deep_link%2Cmerchant_thumb_url%2Cmerchant_image_url%2Csearch_price/"
"22065","GOE PL","PL","Not Joined","Awin","50491","Default","Polish","Fashion","2026-06-13 06:14:20","2026-06-13 06:14:10","3242","https://productdata.awin.com/datafeed/download/apikey/fa0ea60ea5f17aca3a0224f06ab4d131/fid/50491/format/csv/language/pl/delimiter/%2C/compression/gzip/columns/data_feed_id%2Cmerchant_id%2Cmerchant_name%2Caw_product_id%2Caw_deep_link%2Caw_image_url%2Caw_thumb_url%2Ccategory_id%2Ccategory_name%2Cbrand_id%2Cbrand_name%2Cmerchant_product_id%2Cmerchant_category%2Cmpn%2Cproduct_name%2Cdescription%2Cmerchant_deep_link%2Cmerchant_image_url%2Csearch_price%2Cdelivery_cost%2Cin_stock%2Ccondition%2Cproduct_type%2Cbase_price/"
"129","InterRose","GB","Not Joined","Awin","50855","Default","English","","2026-05-15 14:07:03","2026-06-13 15:01:22","45","https://productdata.awin.com/datafeed/download/apikey/fa0ea60ea5f17aca3a0224f06ab4d131/fid/50855/format/csv/language/en/delimiter/%2C/compression/gzip/adultcontent/1/columns/data_feed_id%2Cmerchant_id%2Cmerchant_name%2Caw_product_id%2Caw_deep_link%2Caw_image_url%2Caw_thumb_url%2Ccategory_id%2Ccategory_name%2Cbrand_id%2Cbrand_name%2Cmerchant_product_id%2Cmerchant_category%2Cproduct_name%2Cdescription%2Cmerchant_deep_link%2Cmerchant_image_url%2Csearch_price%2Ccommission_group/"
"24111","CHIKO (US)","US","Not Joined","Awin","58855","Awin-Shoes","English","Fashion","2026-05-15 14:42:13","2025-10-09 04:03:32","3147","https://productdata.awin.com/datafeed/download/apikey/fa0ea60ea5f17aca3a0224f06ab4d131/fid/58855/format/csv/language/en/delimiter/%2C/compression/gzip/adultcontent/1/columns/data_feed_id%2Cmerchant_id%2Cmerchant_name%2Caw_product_id%2Caw_deep_link%2Caw_image_url%2Caw_thumb_url%2Ccategory_id%2Ccategory_name%2Cbrand_id%2Cbrand_name%2Cmerchant_product_id%2Cmerchant_category%2Cupc%2Cean%2Cmpn%2Cisbn%2Cmodel_number%2Cproduct_name%2Cdescription%2Cspecifications%2Cpromotional_text%2Clanguage%2Cmerchant_deep_link%2Cmerchant_thumb_url%2Cmerchant_image_url%2Cdelivery_time%2Cvalid_from%2Cvalid_to%2Ccurrency%2Csearch_price%2Cdelivery_cost%2Cweb_offer%2Cpre_order%2Cin_stock%2Cstock_quantity%2Cis_for_sale%2Cwarranty%2Ccondition%2Cproduct_type%2Cparent_product_id%2Ccommission_group%2Clast_updated%2Cdimensions%2Ccolour%2Ckeywords%2Ccustom_1%2Ccustom_2%2Ccustom_3%2Ccustom_4%2Ccustom_5%2Csaving%2Cdelivery_restrictions%2Creviews%2Caverage_rating%2Crating%2Calternate_image%2Clarge_image%2Cbasket_link/"
"22065","GOE PL","PL","Not Joined","Awin","59587","Goe New","Polish","Fashion","2026-06-13 06:31:41","2026-06-13 14:06:23","3242","https://productdata.awin.com/datafeed/download/apikey/fa0ea60ea5f17aca3a0224f06ab4d131/fid/59587/format/csv/language/pl/delimiter/%2C/compression/gzip/columns/data_feed_id%2Cmerchant_id%2Cmerchant_name%2Caw_product_id%2Caw_deep_link%2Caw_image_url%2Caw_thumb_url%2Ccategory_id%2Ccategory_name%2Cbrand_id%2Cbrand_name%2Cmerchant_product_id%2Cmpn%2Cproduct_name%2Cdescription%2Cmerchant_deep_link%2Cmerchant_image_url%2Csearch_price%2Cdelivery_cost%2Cin_stock%2Ccondition%2Cproduct_type%2Cparent_product_id%2Cdelivery_weight%2CFashion%3Asize%2Cbase_price%2Cproduct_GTIN/"
"21652","Converse PL","PL","Not Joined","Awin","60563","AwinFeedink","English","Fashion","2026-06-11 18:02:31","2026-06-13 06:01:44","553","https://productdata.awin.com/datafeed/download/apikey/fa0ea60ea5f17aca3a0224f06ab4d131/fid/60563/format/csv/language/en/delimiter/%2C/compression/gzip/columns/data_feed_id%2Cmerchant_id%2Cmerchant_name%2Caw_product_id%2Caw_deep_link%2Caw_image_url%2Caw_thumb_url%2Ccategory_id%2Ccategory_name%2Cbrand_id%2Cbrand_name%2Cmerchant_product_id%2Cmpn%2Cproduct_name%2Cdescription%2Cmerchant_deep_link%2Cmerchant_image_url%2Csearch_price%2Cin_stock%2Ccondition%2Cproduct_type%2Ccolour%2CFashion%3Asize%2Cproduct_price_old/"
"25243","Sportdirect.ca (Canada)","CA","Not Joined","Awin","60799","EnglishCanadaProductFeed","English","ShoppingNL","2026-06-09 15:02:53","2026-06-09 15:02:37","11258","https://productdata.awin.com/datafeed/download/apikey/fa0ea60ea5f17aca3a0224f06ab4d131/fid/60799/format/csv/language/en/delimiter/%2C/compression/gzip/adultcontent/1/columns/data_feed_id%2Cmerchant_id%2Cmerchant_name%2Caw_product_id%2Caw_deep_link%2Caw_image_url%2Caw_thumb_url%2Ccategory_id%2Ccategory_name%2Cbrand_id%2Cbrand_name%2Cmerchant_product_id%2Cmpn%2Cproduct_name%2Cdescription%2Cmerchant_deep_link%2Cmerchant_image_url%2Csearch_price%2Crrp_price%2Cin_stock%2Ccondition%2Cproduct_type%2Cparent_product_id%2Ccolour%2CShoppingNL%3Asize%2CShoppingNL%3Amaterial%2CShoppingNL%3Apattern%2Calternate_image%2Cproduct_short_description%2Cproduct_GTIN%2CShoppingNL%3Agoogle_taxonomy/"
"25962","BlazeVideo DE","DE","Not Joined","Awin","62725","BlazeVideo DE","German","","2026-06-13 05:01:24","2026-06-13 06:49:35","15","https://productdata.awin.com/datafeed/download/apikey/fa0ea60ea5f17aca3a0224f06ab4d131/fid/62725/format/csv/language/de/delimiter/%2C/compression/gzip/columns/aw_deep_link%2Cproduct_name%2Caw_product_id%2Cmerchant_product_id%2Cmerchant_image_url%2Cdescription%2Cmerchant_category%2Csearch_price%2Cmerchant_name%2Cmerchant_id%2Ccategory_name%2Ccategory_id%2Caw_image_url%2Ccurrency%2Cstore_price%2Cdelivery_cost%2Cmerchant_deep_link%2Clanguage%2Clast_updated%2Cbrand_name%2Cbrand_id%2Ccolour%2Cproduct_short_description%2Cspecifications%2Ccondition%2Cproduct_model%2Cmodel_number%2Cdimensions%2Ckeywords%2Cpromotional_text%2Cproduct_type%2Ccommission_group%2Cmerchant_product_category_path%2Cmerchant_product_second_category%2Cmerchant_product_third_category%2Crrp_price%2Csaving%2Csavings_percent%2Cbase_price%2Cbase_price_amount%2Cbase_price_text%2Cproduct_price_old%2Cdelivery_restrictions%2Cdelivery_weight%2Cwarranty%2Cterms_of_contract%2Cdelivery_time%2Cin_stock%2Cstock_quantity%2Cvalid_from%2Cvalid_to%2Cis_for_sale%2Cweb_offer%2Cpre_order%2Cstock_status%2Csize_stock_status%2Csize_stock_amount%2Cmerchant_thumb_url%2Clarge_image%2Calternate_image%2Caw_thumb_url%2Calternate_image_two%2Calternate_image_three%2Calternate_image_four%2Creviews%2Caverage_rating%2Crating%2Cnumber_available%2Ccustom_1%2Ccustom_2%2Ccustom_3%2Ccustom_4%2Ccustom_5%2Ccustom_6%2Ccustom_7%2Ccustom_8%2Ccustom_9%2Cean%2Cisbn%2Cupc%2Cmpn%2Cparent_product_id%2Cproduct_GTIN%2Cbasket_link/"
"23928","Swiat Supli PL","PL","Not Joined","Awin","63815","Swiat Supli PL","Polish","","2026-06-13 06:19:11","2026-06-13 06:18:46","5132","https://productdata.awin.com/datafeed/download/apikey/fa0ea60ea5f17aca3a0224f06ab4d131/fid/63815/format/csv/language/pl/delimiter/%2C/compression/gzip/columns/data_feed_id%2Cmerchant_id%2Cmerchant_name%2Caw_product_id%2Caw_deep_link%2Caw_image_url%2Caw_thumb_url%2Ccategory_id%2Ccategory_name%2Cbrand_id%2Cbrand_name%2Cmerchant_product_id%2Cmerchant_category%2Cmpn%2Cproduct_name%2Cdescription%2Cmerchant_deep_link%2Cmerchant_image_url%2Csearch_price%2Cin_stock%2Ccondition%2Cproduct_type%2Cparent_product_id%2Cdelivery_weight%2Cproduct_GTIN/"
"26643","Doctor Blooms","GB","Not Joined","Awin","66241","Default","English","","2026-06-11 19:02:13","2026-06-13 05:02:12","2013","https://productdata.awin.com/datafeed/download/apikey/fa0ea60ea5f17aca3a0224f06ab4d131/fid/66241/format/csv/language/en/delimiter/%2C/compression/gzip/adultcontent/1/columns/data_feed_id%2Cmerchant_id%2Cmerchant_name%2Caw_product_id%2Caw_deep_link%2Caw_image_url%2Caw_thumb_url%2Ccategory_id%2Ccategory_name%2Cbrand_id%2Cbrand_name%2Cmerchant_product_id%2Cmerchant_category%2Cproduct_name%2Cdescription%2Cmerchant_deep_link%2Cmerchant_image_url%2Csearch_price%2Cin_stock%2Cproduct_GTIN/"
"27221","MyHappyMoments DE","DE","Not Joined","Awin","66585","MyHappyMoments Omega Feed","German","","2026-05-15 15:03:06","2026-06-13 12:01:48","420","https://productdata.awin.com/datafeed/download/apikey/fa0ea60ea5f17aca3a0224f06ab4d131/fid/66585/format/csv/language/de/delimiter/%2C/compression/gzip/columns/data_feed_id%2Cmerchant_id%2Cmerchant_name%2Caw_product_id%2Caw_deep_link%2Caw_image_url%2Caw_thumb_url%2Ccategory_id%2Ccategory_name%2Cbrand_id%2Cbrand_name%2Cmerchant_product_id%2Cmerchant_category%2Cean%2Cproduct_name%2Cdescription%2Cmerchant_deep_link%2Cmerchant_image_url%2Csearch_price/"
"27920","Webbs Motorcycles","GB","Not Joined","Awin","66977","Webbs Motorcycles - All items","English","","2026-06-12 08:03:20","2026-06-13 15:01:53","1979","https://productdata.awin.com/datafeed/download/apikey/fa0ea60ea5f17aca3a0224f06ab4d131/fid/66977/format/csv/language/en/delimiter/%2C/compression/gzip/adultcontent/1/columns/data_feed_id%2Cmerchant_id%2Cmerchant_name%2Caw_product_id%2Caw_deep_link%2Caw_image_url%2Caw_thumb_url%2Ccategory_id%2Ccategory_name%2Cbrand_id%2Cbrand_name%2Cmerchant_product_id%2Cmerchant_category%2Cmpn%2Cproduct_name%2Cdescription%2Cmerchant_deep_link%2Cmerchant_image_url%2Csearch_price%2Cin_stock%2Ccondition%2Ccolour%2Cmerchant_product_second_category%2Cproduct_GTIN/"
"20134","Muscle Research Legal Anabolics","GB","Not Joined","Awin","67375","Default","English","","2026-05-15 15:04:08","","2","https://productdata.awin.com/datafeed/download/apikey/fa0ea60ea5f17aca3a0224f06ab4d131/fid/67375/format/csv/language/en/delimiter/%2C/compression/gzip/adultcontent/1/columns/data_feed_id%2Cmerchant_id%2Cmerchant_name%2Caw_product_id%2Caw_deep_link%2Caw_image_url%2Caw_thumb_url%2Ccategory_id%2Ccategory_name%2Cbrand_id%2Cbrand_name%2Cmerchant_product_id%2Cmerchant_category%2Cproduct_name%2Cdescription%2Cmerchant_deep_link%2Cmerchant_image_url%2Csearch_price%2Ccondition%2Cdelivery_weight/"
"17531","Monbento.com","DE","Not Joined","Awin","67697","Monbento DE","German","","2026-06-13 07:02:29","2026-06-13 07:02:25","182","https://productdata.awin.com/datafeed/download/apikey/fa0ea60ea5f17aca3a0224f06ab4d131/fid/67697/format/csv/language/de/delimiter/%2C/compression/gzip/columns/aw_deep_link%2Cproduct_name%2Caw_product_id%2Cmerchant_product_id%2Cmerchant_image_url%2Cdescription%2Cmerchant_category%2Csearch_price%2Cmerchant_name%2Cmerchant_id%2Ccategory_name%2Ccategory_id%2Caw_image_url%2Ccurrency%2Cstore_price%2Cdelivery_cost%2Cmerchant_deep_link%2Clanguage%2Clast_updated%2Cbrand_name%2Cbrand_id%2Ccolour%2Cproduct_short_description%2Cspecifications%2Ccondition%2Cproduct_model%2Cmodel_number%2Cdimensions%2Ckeywords%2Cpromotional_text%2Cproduct_type%2Ccommission_group%2Cmerchant_product_category_path%2Cmerchant_product_second_category%2Cmerchant_product_third_category%2Crrp_price%2Csaving%2Csavings_percent%2Cbase_price%2Cbase_price_amount%2Cbase_price_text%2Cproduct_price_old%2Cdelivery_restrictions%2Cdelivery_weight%2Cwarranty%2Cterms_of_contract%2Cdelivery_time%2Cin_stock%2Cstock_quantity%2Cvalid_from%2Cvalid_to%2Cis_for_sale%2Cweb_offer%2Cpre_order%2Cstock_status%2Csize_stock_status%2Csize_stock_amount%2Cmerchant_thumb_url%2Clarge_image%2Calternate_image%2Caw_thumb_url%2Calternate_image_two%2Calternate_image_three%2Calternate_image_four%2Creviews%2Caverage_rating%2Crating%2Cnumber_available%2Ccustom_1%2Ccustom_2%2Ccustom_3%2Ccustom_4%2Ccustom_5%2Ccustom_6%2Ccustom_7%2Ccustom_8%2Ccustom_9%2Cean%2Cisbn%2Cupc%2Cmpn%2Cparent_product_id%2Cproduct_GTIN%2Cbasket_link/"
"28517","Dean Morris Cards","GB","Not Joined","Awin","69555","Default","English","","2026-06-13 14:02:16","2026-06-13 14:02:11","1787","https://productdata.awin.com/datafeed/download/apikey/fa0ea60ea5f17aca3a0224f06ab4d131/fid/69555/format/csv/language/en/delimiter/%2C/compression/gzip/adultcontent/1/columns/data_feed_id%2Cmerchant_id%2Cmerchant_name%2Caw_product_id%2Caw_deep_link%2Caw_image_url%2Caw_thumb_url%2Ccategory_id%2Ccategory_name%2Cbrand_id%2Cbrand_name%2Cmerchant_product_id%2Cmerchant_category%2Cean%2Cmodel_number%2Cproduct_name%2Cdescription%2Cmerchant_deep_link%2Cmerchant_image_url%2Ccurrency%2Csearch_price%2Cin_stock%2Ccondition%2Cproduct_type%2Cmerchant_product_category_path/"
"22164","Yellowtipi PL","PL","Not Joined","Awin","70823","Default","Polish","","2026-06-03 08:02:44","2026-06-13 12:02:45","5167","https://productdata.awin.com/datafeed/download/apikey/fa0ea60ea5f17aca3a0224f06ab4d131/fid/70823/format/csv/language/pl/delimiter/%2C/compression/gzip/columns/data_feed_id%2Cmerchant_id%2Cmerchant_name%2Caw_product_id%2Caw_deep_link%2Caw_image_url%2Caw_thumb_url%2Ccategory_id%2Ccategory_name%2Cbrand_id%2Cbrand_name%2Cmerchant_product_id%2Cmerchant_category%2Cean%2Cmodel_number%2Cproduct_name%2Cdescription%2Clanguage%2Cmerchant_deep_link%2Cmerchant_image_url%2Cdelivery_time%2Ccurrency%2Csearch_price%2Cdelivery_cost%2Cin_stock%2Ccondition%2Ccolour%2Calternate_image%2Cmerchant_product_category_path%2Calternate_image_two%2Calternate_image_three%2Calternate_image_four/"
"29549","BINU-Beauty Natural Korean Cosmetics DE","DE","Not Joined","Awin","71209","DE Default","German","","2026-01-06 00:01:30","2026-06-13 04:01:19","2","https://productdata.awin.com/datafeed/download/apikey/fa0ea60ea5f17aca3a0224f06ab4d131/fid/71209/format/csv/language/de/delimiter/%2C/compression/gzip/columns/data_feed_id%2Cmerchant_id%2Cmerchant_name%2Caw_product_id%2Caw_deep_link%2Caw_image_url%2Caw_thumb_url%2Ccategory_id%2Ccategory_name%2Cbrand_id%2Cbrand_name%2Cmerchant_product_id%2Cmerchant_category%2Cean%2Cmpn%2Cproduct_name%2Cdescription%2Cmerchant_deep_link%2Cmerchant_image_url%2Cdelivery_time%2Csearch_price%2Cdelivery_cost%2Cproduct_type%2Cdimensions%2Ccolour%2Ccustom_1/"
"27135","Diamond Smile FR","FR","Not Joined","Awin","72051","Product Data Feed DiamondSmile France","French","","2026-06-13 12:24:00","2026-06-13 12:23:56","105","https://productdata.awin.com/datafeed/download/apikey/fa0ea60ea5f17aca3a0224f06ab4d131/fid/72051/format/csv/language/fr/delimiter/%2C/compression/gzip/columns/data_feed_id%2Cmerchant_id%2Cmerchant_name%2Caw_product_id%2Caw_deep_link%2Caw_image_url%2Caw_thumb_url%2Ccategory_id%2Ccategory_name%2Cbrand_id%2Cbrand_name%2Cmerchant_product_id%2Cmerchant_category%2Cean%2Cmpn%2Cproduct_name%2Cdescription%2Cmerchant_deep_link%2Cmerchant_image_url%2Cdelivery_time%2Csearch_price%2Cdelivery_cost%2Cproduct_type%2Ccolour/"
"31213","Lir Pharmacy","IE","Not Joined","Awin","72659","Awin Feed","English","","2026-06-13 15:05:42","2026-06-13 15:05:32","2882","https://productdata.awin.com/datafeed/download/apikey/fa0ea60ea5f17aca3a0224f06ab4d131/fid/72659/format/csv/language/en/delimiter/%2C/compression/gzip/adultcontent/1/columns/data_feed_id%2Cmerchant_id%2Cmerchant_name%2Caw_product_id%2Caw_deep_link%2Caw_image_url%2Caw_thumb_url%2Ccategory_id%2Ccategory_name%2Cbrand_id%2Cbrand_name%2Cmerchant_product_id%2Cean%2Cmpn%2Cproduct_name%2Cdescription%2Cmerchant_deep_link%2Cmerchant_image_url%2Cdelivery_time%2Csearch_price%2Cdelivery_cost%2Ccolour%2Ccustom_2%2Cmerchant_product_category_path%2Cmerchant_product_second_category/"
"25564","Workout For Less","GB","Not Joined","Awin","73703","Awin","English","","2026-06-13 12:07:42","2026-06-13 12:07:35","1012","https://productdata.awin.com/datafeed/download/apikey/fa0ea60ea5f17aca3a0224f06ab4d131/fid/73703/format/csv/language/en/delimiter/%2C/compression/gzip/adultcontent/1/columns/data_feed_id%2Cmerchant_id%2Cmerchant_name%2Caw_product_id%2Caw_deep_link%2Caw_image_url%2Caw_thumb_url%2Ccategory_id%2Ccategory_name%2Cbrand_id%2Cbrand_name%2Cmerchant_product_id%2Cmerchant_category%2Cean%2Cproduct_name%2Cdescription%2Cmerchant_deep_link%2Cmerchant_image_url%2Cdelivery_time%2Ccurrency%2Csearch_price%2Crrp_price%2Cdelivery_cost%2Cweb_offer%2Cin_stock%2Ccondition%2Ccolour/"
"31539","Mozillion","GB","Not Joined","Awin","74135","Mozillion SIM Free Phones","English","Telcos","2026-06-12 17:05:44","2026-06-13 17:02:05","262","https://productdata.awin.com/datafeed/download/apikey/fa0ea60ea5f17aca3a0224f06ab4d131/fid/74135/format/csv/language/en/delimiter/%2C/compression/gzip/adultcontent/1/columns/aw_deep_link%2Cproduct_name%2Caw_product_id%2Cmerchant_product_id%2Cmerchant_image_url%2Cdescription%2Cmerchant_category%2Csearch_price%2Cmerchant_name%2Cmerchant_id%2Ccategory_name%2Ccategory_id%2Caw_image_url%2Ccurrency%2Cstore_price%2Cdelivery_cost%2Cmerchant_deep_link%2Clanguage%2Clast_updated%2Cbrand_name%2Cbrand_id%2Ccolour%2Cproduct_short_description%2Cspecifications%2Ccondition%2Cproduct_model%2Cmodel_number%2Cdimensions%2Ckeywords%2Cpromotional_text%2Cproduct_type%2Ccommission_group%2Cmerchant_product_category_path%2Cmerchant_product_second_category%2Cmerchant_product_third_category%2Crrp_price%2Csaving%2Csavings_percent%2Cbase_price%2Cbase_price_amount%2Cbase_price_text%2Cproduct_price_old%2Cdelivery_restrictions%2Cdelivery_weight%2Cwarranty%2Cterms_of_contract%2Cdelivery_time%2Cin_stock%2Cstock_quantity%2Cvalid_from%2Cvalid_to%2Cis_for_sale%2Cweb_offer%2Cpre_order%2Cstock_status%2Csize_stock_status%2Csize_stock_amount%2Cmerchant_thumb_url%2Clarge_image%2Calternate_image%2Caw_thumb_url%2Calternate_image_two%2Calternate_image_three%2Calternate_image_four%2Creviews%2Caverage_rating%2Crating%2Cnumber_available%2Ccustom_1%2Ccustom_2%2Ccustom_3%2Ccustom_4%2Ccustom_5%2Ccustom_6%2Ccustom_7%2Ccustom_8%2Ccustom_9%2Cean%2Cisbn%2Cupc%2Cmpn%2Cparent_product_id%2Cproduct_GTIN%2Cbasket_link%2CTelcos%3Aconnectivity%2CTelcos%3Acontract_type%2CTelcos%3Adeal_cashback_json%2CTelcos%3Adeal_cost_json%2CTelcos%3Adeal_discounts_json%2CTelcos%3Adeal_extras_json%2CTelcos%3Adeal_legal_info%2CTelcos%3Adeal_promo_info%2CTelcos%3Adeal_retailer_json%2CTelcos%3Adeal_tags_json%2CTelcos%3Adeal_type_json%2CTelcos%3Adevice_description%2CTelcos%3Adevice_features_json%2CTelcos%3Adevice_full_name%2CTelcos%3Adevice_images_json%2CTelcos%3Adevice_product_edition_json%2CTelcos%3Adevice_product_json%2CTelcos%3Adevice_product_version_json%2CTelcos%3Adevice_specifications_json%2CTelcos%3Agift%2CTelcos%3Ainc_data%2CTelcos%3Ainc_minutes%2CTelcos%3Ainc_texts%2CTelcos%3Ainitial_cost%2CTelcos%3Amonth_cost%2CTelcos%3Anetwork%2CTelcos%3Anetwork_details_json%2CTelcos%3Aoperating_system%2CTelcos%3Aspecial_offer%2CTelcos%3Astorage_size%2CTelcos%3Asubscription_name%2CTelcos%3Asubscription_price_effective%2CTelcos%3Asubscription_renewal%2CTelcos%3Atariff%2CTelcos%3Atariff_allowances_json%2CTelcos%3Atariff_details_json%2CTelcos%3Atariff_group_details_json%2CTelcos%3Atariff_out_of_plan_charges_json%2CTelcos%3Aterm/"
"32531","encalife (US & Canada)","US","Not Joined","Awin","75151","encalife US feed","English","","2026-06-13 12:20:48","2026-06-13 12:20:44","220","https://productdata.awin.com/datafeed/download/apikey/fa0ea60ea5f17aca3a0224f06ab4d131/fid/75151/format/csv/language/en/delimiter/%2C/compression/gzip/adultcontent/1/columns/data_feed_id%2Cmerchant_id%2Cmerchant_name%2Caw_product_id%2Caw_deep_link%2Caw_image_url%2Caw_thumb_url%2Ccategory_id%2Ccategory_name%2Cbrand_id%2Cbrand_name%2Cmerchant_product_id%2Cmerchant_category%2Cproduct_name%2Cdescription%2Cmerchant_deep_link%2Cmerchant_image_url%2Ccurrency%2Csearch_price%2Crrp_price/"
"31401","Diamondsmile DE","DE","Not Joined","Awin","75687","DiamondSmile Prodcuct Data Feed D/A/CH","German","","2026-06-13 12:24:18","2026-06-13 12:24:14","60","https://productdata.awin.com/datafeed/download/apikey/fa0ea60ea5f17aca3a0224f06ab4d131/fid/75687/format/csv/language/de/delimiter/%2C/compression/gzip/columns/data_feed_id%2Cmerchant_id%2Cmerchant_name%2Caw_product_id%2Caw_deep_link%2Caw_image_url%2Caw_thumb_url%2Ccategory_id%2Ccategory_name%2Cbrand_id%2Cbrand_name%2Cmerchant_product_id%2Cmerchant_category%2Cmpn%2Cproduct_name%2Cdescription%2Cspecifications%2Cmerchant_deep_link%2Cmerchant_image_url%2Cdelivery_time%2Csearch_price%2Cdelivery_cost%2Ccolour%2Ccustom_1/"
"39072","DKN UK","GB","Not Joined","Awin","80139","Default","English","","2026-05-15 15:10:40","2026-06-13 04:01:23","105","https://productdata.awin.com/datafeed/download/apikey/fa0ea60ea5f17aca3a0224f06ab4d131/fid/80139/format/csv/language/en/delimiter/%2C/compression/gzip/adultcontent/1/columns/data_feed_id%2Cmerchant_id%2Cmerchant_name%2Caw_product_id%2Caw_deep_link%2Caw_image_url%2Caw_thumb_url%2Ccategory_id%2Ccategory_name%2Cbrand_id%2Cbrand_name%2Cmerchant_product_id%2Cmerchant_category%2Cean%2Cmpn%2Cproduct_name%2Cdescription%2Cmerchant_deep_link%2Cmerchant_image_url%2Cdelivery_time%2Csearch_price%2Cdelivery_cost%2Cproduct_type%2Ccolour/"
"30533","Bare Kind Bamboo Socks","GB","Not Joined","Awin","80577","Default","English","","2026-06-12 12:18:09","2026-06-13 16:01:27","406","https://productdata.awin.com/datafeed/download/apikey/fa0ea60ea5f17aca3a0224f06ab4d131/fid/80577/format/csv/language/en/delimiter/%2C/compression/gzip/adultcontent/1/columns/data_feed_id%2Cmerchant_id%2Cmerchant_name%2Caw_product_id%2Caw_deep_link%2Caw_image_url%2Caw_thumb_url%2Ccategory_id%2Ccategory_name%2Cbrand_id%2Cbrand_name%2Cmerchant_product_id%2Cmerchant_category%2Cean%2Cmpn%2Cproduct_name%2Cdescription%2Cspecifications%2Cmerchant_deep_link%2Cmerchant_image_url%2Cdelivery_time%2Csearch_price%2Cdelivery_cost%2Cproduct_type%2Ccustom_1%2Ccustom_2/"
"40984","Legal Muscle Anabolics","GB","Not Joined","Awin","81653","Default","English","","2026-05-15 15:11:11","","15","https://productdata.awin.com/datafeed/download/apikey/fa0ea60ea5f17aca3a0224f06ab4d131/fid/81653/format/csv/language/en/delimiter/%2C/compression/gzip/adultcontent/1/columns/data_feed_id%2Cmerchant_id%2Cmerchant_name%2Caw_product_id%2Caw_deep_link%2Caw_image_url%2Caw_thumb_url%2Ccategory_id%2Ccategory_name%2Cbrand_id%2Cbrand_name%2Cmerchant_product_id%2Cmerchant_category%2Cproduct_name%2Cdescription%2Cmerchant_deep_link%2Cmerchant_image_url%2Csearch_price/"
"17471","Modellbau-Universe - die Adresse für Modellbau","DE","Not Joined","Awin","81661","AWIN 2023","German","","2026-06-13 14:03:15","2026-06-13 14:02:40","49465","https://productdata.awin.com/datafeed/download/apikey/fa0ea60ea5f17aca3a0224f06ab4d131/fid/81661/format/csv/language/de/delimiter/%2C/compression/gzip/columns/data_feed_id%2Cmerchant_id%2Cmerchant_name%2Caw_product_id%2Caw_deep_link%2Caw_image_url%2Caw_thumb_url%2Ccategory_id%2Ccategory_name%2Cbrand_id%2Cbrand_name%2Cmerchant_product_id%2Cmerchant_category%2Cean%2Cmodel_number%2Cproduct_name%2Cdescription%2Cmerchant_deep_link%2Cmerchant_image_url%2Cdelivery_time%2Csearch_price%2Cdelivery_cost%2Cin_stock%2Ccondition%2Cproduct_short_description/"
"42915","Pets Calm Down","GB","Not Joined","Awin","81975","Default","English","","2026-06-12 18:02:09","2026-06-12 18:02:05","30","https://productdata.awin.com/datafeed/download/apikey/fa0ea60ea5f17aca3a0224f06ab4d131/fid/81975/format/csv/language/en/delimiter/%2C/compression/gzip/adultcontent/1/columns/data_feed_id%2Cmerchant_id%2Cmerchant_name%2Caw_product_id%2Caw_deep_link%2Caw_image_url%2Caw_thumb_url%2Ccategory_id%2Ccategory_name%2Cbrand_id%2Cbrand_name%2Cmerchant_product_id%2Cmerchant_category%2Cean%2Cmpn%2Cproduct_name%2Cdescription%2Cmerchant_deep_link%2Cmerchant_image_url%2Cdelivery_time%2Csearch_price%2Cdelivery_cost%2Ccolour/"
"44555","Workliving NL","NL","Not Joined","Awin","82771","Standaard","Dutch","","2026-06-13 17:07:50","2026-06-13 17:07:44","2167","https://productdata.awin.com/datafeed/download/apikey/fa0ea60ea5f17aca3a0224f06ab4d131/fid/82771/format/csv/language/nl/delimiter/%2C/compression/gzip/columns/data_feed_id%2Cmerchant_id%2Cmerchant_name%2Caw_product_id%2Caw_deep_link%2Caw_image_url%2Caw_thumb_url%2Ccategory_id%2Ccategory_name%2Cbrand_id%2Cbrand_name%2Cmerchant_product_id%2Cmerchant_category%2Cean%2Cmpn%2Cisbn%2Cmodel_number%2Cproduct_name%2Cdescription%2Cspecifications%2Clanguage%2Cmerchant_deep_link%2Cmerchant_thumb_url%2Cmerchant_image_url%2Cdelivery_time%2Cvalid_from%2Cvalid_to%2Ccurrency%2Csearch_price%2Cstore_price%2Cdelivery_cost%2Cweb_offer%2Cpre_order%2Cin_stock%2Cstock_quantity%2Cwarranty%2Ccondition%2Cparent_product_id%2Ccommission_group%2Clast_updated%2Cdimensions%2Ccolour%2Ckeywords%2Ccustom_1%2Ccustom_2%2Csaving%2Crating%2Calternate_image%2Clarge_image%2Cbasket_link%2Cproduct_short_description%2Cmerchant_product_category_path%2Cmerchant_product_second_category%2Cmerchant_product_third_category%2Csavings_percent%2Cproduct_price_old%2Calternate_image_two%2Calternate_image_three%2Calternate_image_four/"
"44683","Cut Plastic Sheeting","GB","Not Joined","Awin","82975","Default","English","","2026-06-07 00:02:33","2026-06-07 00:02:29","604","https://productdata.awin.com/datafeed/download/apikey/fa0ea60ea5f17aca3a0224f06ab4d131/fid/82975/format/csv/language/en/delimiter/%2C/compression/gzip/adultcontent/1/columns/data_feed_id%2Cmerchant_id%2Cmerchant_name%2Caw_product_id%2Caw_deep_link%2Caw_image_url%2Caw_thumb_url%2Ccategory_id%2Ccategory_name%2Cbrand_id%2Cbrand_name%2Cmerchant_product_id%2Cmerchant_category%2Cupc%2Cean%2Cmpn%2Cisbn%2Cmodel_number%2Cproduct_name%2Cdescription%2Cspecifications%2Cpromotional_text%2Clanguage%2Cmerchant_deep_link%2Cmerchant_image_url%2Cdelivery_time%2Cvalid_from%2Cvalid_to%2Ccurrency%2Csearch_price%2Cstore_price%2Crrp_price%2Cdelivery_cost%2Cweb_offer%2Cpre_order%2Cin_stock%2Cstock_quantity%2Cis_for_sale%2Cwarranty%2Ccondition%2Cproduct_type%2Cparent_product_id%2Ccommission_group%2Clast_updated%2Cdimensions%2Ccolour%2Ckeywords%2Csaving%2Cdelivery_weight%2Cdelivery_restrictions%2Creviews%2Caverage_rating%2Cnumber_available%2Crating%2Calternate_image%2Clarge_image%2Cbasket_link%2Cproduct_short_description%2Cproduct_model%2Cmerchant_product_category_path%2Cmerchant_product_second_category%2Cmerchant_product_third_category%2Csavings_percent%2Cbase_price%2Cbase_price_amount%2Cbase_price_text%2Cproduct_price_old%2Cterms_of_contract%2Cstock_status%2Csize_stock_status%2Csize_stock_amount%2Calternate_image_two%2Calternate_image_three%2Cproduct_GTIN%2Calternate_image_four/"
"46177","Go Craft","GB","Not Joined","Awin","83958","Awin Shopify","English","","2026-06-13 15:14:19","2026-06-13 15:14:01","24807","https://productdata.awin.com/datafeed/download/apikey/fa0ea60ea5f17aca3a0224f06ab4d131/fid/83958/format/csv/language/en/delimiter/%2C/compression/gzip/adultcontent/1/columns/data_feed_id%2Cmerchant_id%2Cmerchant_name%2Caw_product_id%2Caw_deep_link%2Caw_image_url%2Caw_thumb_url%2Ccategory_id%2Ccategory_name%2Cbrand_id%2Cbrand_name%2Cmerchant_product_id%2Cmerchant_category%2Cean%2Cmpn%2Cproduct_name%2Cdescription%2Cmerchant_deep_link%2Cmerchant_image_url%2Cdelivery_time%2Csearch_price%2Cdelivery_cost%2Cproduct_type%2Ccolour/"
"47149","Santoro Milan","GB","Not Joined","Awin","84237","awin","English","","2026-06-13 08:27:33","2026-06-13 16:06:55","10000","https://productdata.awin.com/datafeed/download/apikey/fa0ea60ea5f17aca3a0224f06ab4d131/fid/84237/format/csv/language/en/delimiter/%2C/compression/gzip/adultcontent/1/columns/data_feed_id%2Cmerchant_id%2Cmerchant_name%2Caw_product_id%2Caw_deep_link%2Caw_image_url%2Caw_thumb_url%2Ccategory_id%2Ccategory_name%2Cbrand_id%2Cbrand_name%2Cmerchant_product_id%2Cmerchant_category%2Cean%2Cmpn%2Cproduct_name%2Cdescription%2Cmerchant_deep_link%2Cmerchant_image_url%2Cdelivery_time%2Csearch_price%2Cdelivery_cost%2Cproduct_type%2Cdimensions%2Ccolour%2Ccustom_1/"
"48021","SODEAL CH","CH","Not Joined","Awin","84517","SODEAL-PRODUCTS-FRENCH","French","","2026-06-13 08:17:00","2026-06-13 16:06:11","448","https://productdata.awin.com/datafeed/download/apikey/fa0ea60ea5f17aca3a0224f06ab4d131/fid/84517/format/csv/language/fr/delimiter/%2C/compression/gzip/columns/data_feed_id%2Cmerchant_id%2Cmerchant_name%2Caw_product_id%2Caw_deep_link%2Caw_image_url%2Caw_thumb_url%2Ccategory_id%2Ccategory_name%2Cbrand_id%2Cbrand_name%2Cmerchant_product_id%2Cean%2Cproduct_name%2Cdescription%2Cmerchant_deep_link%2Cmerchant_image_url%2Cdelivery_time%2Csearch_price%2Cdelivery_cost%2Ccondition%2Ckeywords%2Cstock_status/"
"48021","SODEAL CH","CH","Not Joined","Awin","84531","SODEAL-DEUTSCH-PRODUCTS-FEED","German","","2026-06-13 07:15:48","2026-06-13 17:03:40","448","https://productdata.awin.com/datafeed/download/apikey/fa0ea60ea5f17aca3a0224f06ab4d131/fid/84531/format/csv/language/de/delimiter/%2C/compression/gzip/columns/data_feed_id%2Cmerchant_id%2Cmerchant_name%2Caw_product_id%2Caw_deep_link%2Caw_image_url%2Caw_thumb_url%2Ccategory_id%2Ccategory_name%2Cbrand_id%2Cbrand_name%2Cmerchant_product_id%2Cean%2Cproduct_name%2Cdescription%2Cmerchant_deep_link%2Cmerchant_image_url%2Cdelivery_time%2Csearch_price%2Cdelivery_cost%2Ccondition%2Ckeywords%2Cstock_status/"
"21251","Lyfespan","GB","Not Joined","Awin","84918","Default","English","","2026-06-13 12:08:13","2026-06-13 12:08:10","197","https://productdata.awin.com/datafeed/download/apikey/fa0ea60ea5f17aca3a0224f06ab4d131/fid/84918/format/csv/language/en/delimiter/%2C/compression/gzip/adultcontent/1/columns/data_feed_id%2Cmerchant_id%2Cmerchant_name%2Caw_product_id%2Caw_deep_link%2Caw_image_url%2Caw_thumb_url%2Ccategory_id%2Ccategory_name%2Cbrand_id%2Cbrand_name%2Cmerchant_product_id%2Cmerchant_category%2Cean%2Cmpn%2Cproduct_name%2Cdescription%2Cmerchant_deep_link%2Cmerchant_image_url%2Cdelivery_time%2Csearch_price%2Cdelivery_cost%2Cproduct_type%2Ccolour/"
"50893","Custom Splashbacks","GB","Not Joined","Awin","85194","Default","English","","2026-05-31 02:01:39","2026-06-07 02:01:19","408","https://productdata.awin.com/datafeed/download/apikey/fa0ea60ea5f17aca3a0224f06ab4d131/fid/85194/format/csv/language/en/delimiter/%2C/compression/gzip/adultcontent/1/columns/data_feed_id%2Cmerchant_id%2Cmerchant_name%2Caw_product_id%2Caw_deep_link%2Caw_image_url%2Caw_thumb_url%2Ccategory_id%2Ccategory_name%2Cbrand_id%2Cbrand_name%2Cmerchant_product_id%2Cmerchant_category%2Cupc%2Cean%2Cmpn%2Cisbn%2Cmodel_number%2Cproduct_name%2Cdescription%2Cspecifications%2Cpromotional_text%2Clanguage%2Cmerchant_deep_link%2Cdelivery_time%2Cvalid_from%2Cvalid_to%2Ccurrency%2Csearch_price%2Cstore_price%2Crrp_price%2Cdelivery_cost%2Cweb_offer%2Cpre_order%2Cin_stock%2Cstock_quantity%2Cis_for_sale%2Cwarranty%2Ccondition%2Cproduct_type%2Cparent_product_id%2Ccommission_group%2Clast_updated%2Cdimensions%2Ccolour%2Ckeywords%2Cdelivery_weight%2Cdelivery_restrictions%2Creviews%2Caverage_rating%2Cnumber_available%2Crating%2Calternate_image%2Clarge_image%2Cbasket_link%2Cproduct_short_description%2Cmerchant_product_second_category%2Cmerchant_product_third_category%2Cbase_price%2Cbase_price_amount%2Cbase_price_text%2Cproduct_price_old%2Cterms_of_contract%2Cstock_status%2Csize_stock_status%2Csize_stock_amount%2Calternate_image_two%2Calternate_image_three%2Cproduct_GTIN%2Calternate_image_four/"
"51891","Revolution Soft","ES","Not Joined","Awin","85464","Feed español","Spanish","","2026-05-15 15:13:20","","264","https://productdata.awin.com/datafeed/download/apikey/fa0ea60ea5f17aca3a0224f06ab4d131/fid/85464/format/csv/language/es/delimiter/%2C/compression/gzip/columns/data_feed_id%2Cmerchant_id%2Cmerchant_name%2Caw_product_id%2Caw_deep_link%2Caw_image_url%2Caw_thumb_url%2Ccategory_id%2Ccategory_name%2Cbrand_id%2Cbrand_name%2Cmerchant_product_id%2Cean%2Cproduct_name%2Cdescription%2Clanguage%2Cmerchant_deep_link%2Cdelivery_time%2Ccurrency%2Csearch_price%2Cstore_price%2Crrp_price%2Cdelivery_cost%2Cweb_offer%2Cpre_order%2Cin_stock%2Cstock_quantity%2Cis_for_sale%2Cwarranty%2Ccondition%2Cproduct_type%2Clast_updated%2Ckeywords%2Calternate_image%2Cproduct_short_description%2Cmerchant_product_category_path/"
"51891","Revolution Soft","ES","Not Joined","Awin","85467","English Feed","English","","2026-05-15 15:13:19","","264","https://productdata.awin.com/datafeed/download/apikey/fa0ea60ea5f17aca3a0224f06ab4d131/fid/85467/format/csv/language/en/delimiter/%2C/compression/gzip/columns/data_feed_id%2Cmerchant_id%2Cmerchant_name%2Caw_product_id%2Caw_deep_link%2Caw_image_url%2Caw_thumb_url%2Ccategory_id%2Ccategory_name%2Cbrand_id%2Cbrand_name%2Cmerchant_product_id%2Cean%2Cproduct_name%2Cdescription%2Clanguage%2Cmerchant_deep_link%2Cdelivery_time%2Ccurrency%2Csearch_price%2Cstore_price%2Crrp_price%2Cdelivery_cost%2Cweb_offer%2Cpre_order%2Cin_stock%2Cstock_quantity%2Cis_for_sale%2Cwarranty%2Ccondition%2Cproduct_type%2Clast_updated%2Ckeywords%2Calternate_image%2Cproduct_short_description%2Cmerchant_product_category_path/"
"51893","Watch Home Awin First","GB","Not Joined","Awin","85486","Awin Mulwi","English","","2026-05-15 15:13:28","2025-08-19 09:21:06","719","https://productdata.awin.com/datafeed/download/apikey/fa0ea60ea5f17aca3a0224f06ab4d131/fid/85486/format/csv/language/en/delimiter/%2C/compression/gzip/adultcontent/1/columns/data_feed_id%2Cmerchant_id%2Cmerchant_name%2Caw_product_id%2Caw_deep_link%2Caw_image_url%2Caw_thumb_url%2Ccategory_id%2Ccategory_name%2Cbrand_id%2Cbrand_name%2Cmerchant_product_id%2Cmerchant_category%2Cmpn%2Cproduct_name%2Cdescription%2Cmerchant_deep_link%2Cmerchant_image_url%2Cdelivery_time%2Csearch_price%2Cdelivery_cost%2Cproduct_type%2Ccolour%2Cproduct_GTIN/"
"52653","PERLETTI - OMBRELLI PER PASSIONE IT","IT","Not Joined","Awin","85556","Awin - PERLETTI","Italian","","2026-06-13 14:16:01","2026-06-13 14:15:54","725","https://productdata.awin.com/datafeed/download/apikey/fa0ea60ea5f17aca3a0224f06ab4d131/fid/85556/format/csv/language/it/delimiter/%2C/compression/gzip/columns/data_feed_id%2Cmerchant_id%2Cmerchant_name%2Caw_product_id%2Caw_deep_link%2Caw_image_url%2Caw_thumb_url%2Ccategory_id%2Ccategory_name%2Cbrand_id%2Cbrand_name%2Cmerchant_product_id%2Cmerchant_category%2Cean%2Cproduct_name%2Cdescription%2Cmerchant_deep_link%2Cmerchant_image_url%2Cdelivery_time%2Csearch_price%2Cdelivery_cost%2Cproduct_type%2Ccolour%2Ccustom_1/"
"54025","aZengear","GB","Not Joined","Awin","85854","Shopify Mulwi Feed","English","","2026-06-10 00:01:41","2026-06-10 00:01:37","79","https://productdata.awin.com/datafeed/download/apikey/fa0ea60ea5f17aca3a0224f06ab4d131/fid/85854/format/csv/language/en/delimiter/%2C/compression/gzip/adultcontent/1/columns/data_feed_id%2Cmerchant_id%2Cmerchant_name%2Caw_product_id%2Caw_deep_link%2Caw_image_url%2Caw_thumb_url%2Ccategory_id%2Ccategory_name%2Cbrand_id%2Cbrand_name%2Cmerchant_product_id%2Cmerchant_category%2Cean%2Cproduct_name%2Cdescription%2Cmerchant_deep_link%2Cmerchant_image_url%2Cdelivery_time%2Csearch_price%2Cdelivery_cost%2Cproduct_type%2Ccolour/"
"53027","FineBuy - Möbel zum Wohlfühlen DE","DE","Not Joined","Awin","86392","FineBuy - gesamtes Sortiment","German","","2026-06-13 14:33:54","2026-06-13 14:33:49","1284","https://productdata.awin.com/datafeed/download/apikey/fa0ea60ea5f17aca3a0224f06ab4d131/fid/86392/format/csv/language/de/delimiter/%2C/compression/gzip/columns/data_feed_id%2Cmerchant_id%2Cmerchant_name%2Caw_product_id%2Caw_deep_link%2Caw_image_url%2Caw_thumb_url%2Ccategory_id%2Ccategory_name%2Cbrand_id%2Cbrand_name%2Cmerchant_product_id%2Cmerchant_category%2Cmodel_number%2Cproduct_name%2Cdescription%2Clanguage%2Cmerchant_deep_link%2Cmerchant_image_url%2Ccurrency%2Csearch_price%2Cdelivery_cost%2Cstock_quantity%2Ccondition%2Ccolour%2Cdelivery_weight%2Calternate_image%2Calternate_image_two%2Calternate_image_three%2Cproduct_GTIN%2Calternate_image_four/"
"54779","KS Cycling DE","DE","Not Joined","Awin","86484","Alle Produkte","German","","2026-05-15 15:14:34","2026-06-13 14:01:23","921","https://productdata.awin.com/datafeed/download/apikey/fa0ea60ea5f17aca3a0224f06ab4d131/fid/86484/format/csv/language/de/delimiter/%2C/compression/gzip/columns/data_feed_id%2Cmerchant_id%2Cmerchant_name%2Caw_product_id%2Caw_deep_link%2Caw_image_url%2Caw_thumb_url%2Ccategory_id%2Ccategory_name%2Cbrand_id%2Cbrand_name%2Cmerchant_product_id%2Cmerchant_category%2Cmpn%2Cproduct_name%2Cdescription%2Cmerchant_deep_link%2Cmerchant_image_url%2Cdelivery_time%2Csearch_price%2Cdelivery_cost%2Cstock_quantity%2Cproduct_GTIN/"
"54305","Cocktail Crates","GB","Not Joined","Awin","86602","Cocktail Crates","English","","2026-06-12 13:02:58","2026-06-13 13:01:55","111","https://productdata.awin.com/datafeed/download/apikey/fa0ea60ea5f17aca3a0224f06ab4d131/fid/86602/format/csv/language/en/delimiter/%2C/compression/gzip/adultcontent/1/columns/data_feed_id%2Cmerchant_id%2Cmerchant_name%2Caw_product_id%2Caw_deep_link%2Caw_image_url%2Caw_thumb_url%2Ccategory_id%2Ccategory_name%2Cbrand_id%2Cbrand_name%2Cmerchant_product_id%2Cmerchant_category%2Cean%2Cmpn%2Cproduct_name%2Cdescription%2Cmerchant_deep_link%2Cmerchant_image_url%2Cdelivery_time%2Csearch_price%2Cdelivery_cost%2Cproduct_type%2Ccolour/"
"49101","Kokoso Baby","GB","Not Joined","Awin","86739","Awin Feed","English","","2026-06-13 14:22:26","2026-06-13 14:22:23","26","https://productdata.awin.com/datafeed/download/apikey/fa0ea60ea5f17aca3a0224f06ab4d131/fid/86739/format/csv/language/en/delimiter/%2C/compression/gzip/adultcontent/1/columns/data_feed_id%2Cmerchant_id%2Cmerchant_name%2Caw_product_id%2Caw_deep_link%2Caw_image_url%2Caw_thumb_url%2Ccategory_id%2Ccategory_name%2Cbrand_id%2Cbrand_name%2Cmerchant_product_id%2Cmerchant_category%2Cean%2Cmpn%2Cproduct_name%2Cdescription%2Cmerchant_deep_link%2Cmerchant_image_url%2Cdelivery_time%2Csearch_price%2Cdelivery_cost%2Cproduct_type%2Ccolour/"
"55601","Vegairoa","ES","Not Joined","Awin","86879","Predeterminado","Spanish","","2026-05-15 15:14:57","","32","https://productdata.awin.com/datafeed/download/apikey/fa0ea60ea5f17aca3a0224f06ab4d131/fid/86879/format/csv/language/es/delimiter/%2C/compression/gzip/columns/data_feed_id%2Cmerchant_id%2Cmerchant_name%2Caw_product_id%2Caw_deep_link%2Caw_image_url%2Caw_thumb_url%2Ccategory_id%2Ccategory_name%2Cbrand_id%2Cbrand_name%2Cmerchant_product_id%2Cmerchant_category%2Cproduct_name%2Cdescription%2Cmerchant_deep_link%2Cmerchant_image_url%2Csearch_price/"
"57285","garden sanctuary.","GB","Not Joined","Awin","86899","Awinfeed","English","Group Buying","2026-06-13 14:11:30","2026-06-13 14:11:25","1021","https://productdata.awin.com/datafeed/download/apikey/fa0ea60ea5f17aca3a0224f06ab4d131/fid/86899/format/csv/language/en/delimiter/%2C/compression/gzip/adultcontent/1/columns/data_feed_id%2Cmerchant_id%2Cmerchant_name%2Caw_product_id%2Caw_deep_link%2Caw_image_url%2Caw_thumb_url%2Ccategory_id%2Ccategory_name%2Cbrand_id%2Cbrand_name%2Cmerchant_product_id%2Cmerchant_category%2Cmpn%2Cproduct_name%2Cdescription%2Cmerchant_deep_link%2Cmerchant_image_url%2Cdelivery_time%2Csearch_price%2Cdelivery_cost%2Ccolour%2Cmerchant_product_second_category%2Cproduct_GTIN/"
"58269","Sportlädchen DE","DE","Not Joined","Awin","87197","Default","German","","2026-06-13 11:09:55","2026-06-13 11:09:50","1796","https://productdata.awin.com/datafeed/download/apikey/fa0ea60ea5f17aca3a0224f06ab4d131/fid/87197/format/csv/language/de/delimiter/%2C/compression/gzip/columns/data_feed_id%2Cmerchant_id%2Cmerchant_name%2Caw_product_id%2Caw_deep_link%2Caw_image_url%2Caw_thumb_url%2Ccategory_id%2Ccategory_name%2Cbrand_id%2Cbrand_name%2Cmerchant_product_id%2Cmerchant_category%2Cean%2Cproduct_name%2Cdescription%2Cspecifications%2Cmerchant_deep_link%2Cmerchant_image_url%2Ccurrency%2Csearch_price%2Cdelivery_cost%2Cin_stock%2Ccondition/"
"57469","Woodstore24 FR","FR","Not Joined","Awin","87242","Awin FR","French","","2026-06-06 00:02:35","2026-06-13 13:01:30","269","https://productdata.awin.com/datafeed/download/apikey/fa0ea60ea5f17aca3a0224f06ab4d131/fid/87242/format/csv/language/fr/delimiter/%2C/compression/gzip/columns/data_feed_id%2Cmerchant_id%2Cmerchant_name%2Caw_product_id%2Caw_deep_link%2Caw_image_url%2Caw_thumb_url%2Ccategory_id%2Ccategory_name%2Cbrand_id%2Cbrand_name%2Cmerchant_product_id%2Cupc%2Cean%2Cproduct_name%2Cdescription%2Cmerchant_deep_link%2Cmerchant_image_url%2Cdelivery_time%2Csearch_price%2Ccustom_2%2Ccustom_3%2Ccustom_4/"
"58623","HOMO NATURALS","ES","Not Joined","Awin","87441","Mulwi app Shopping feed","Spanish","","2026-06-13 12:11:35","2026-06-13 12:11:31","145","https://productdata.awin.com/datafeed/download/apikey/fa0ea60ea5f17aca3a0224f06ab4d131/fid/87441/format/csv/language/es/delimiter/%2C/compression/gzip/columns/data_feed_id%2Cmerchant_id%2Cmerchant_name%2Caw_product_id%2Caw_deep_link%2Caw_image_url%2Caw_thumb_url%2Ccategory_id%2Ccategory_name%2Cbrand_id%2Cbrand_name%2Cmerchant_product_id%2Cmerchant_category%2Cean%2Cmpn%2Cproduct_name%2Cdescription%2Cmerchant_deep_link%2Cmerchant_image_url%2Cdelivery_time%2Csearch_price%2Cdelivery_cost%2Cproduct_type%2Ccolour/"
"46471","Natura Siberica","GB","Not Joined","Awin","88060","Default","English","","2026-05-15 15:16:28","","189","https://productdata.awin.com/datafeed/download/apikey/fa0ea60ea5f17aca3a0224f06ab4d131/fid/88060/format/csv/language/en/delimiter/%2C/compression/gzip/adultcontent/1/columns/data_feed_id%2Cmerchant_id%2Cmerchant_name%2Caw_product_id%2Caw_deep_link%2Caw_image_url%2Caw_thumb_url%2Ccategory_id%2Ccategory_name%2Cbrand_id%2Cbrand_name%2Cmerchant_product_id%2Cproduct_name%2Cmerchant_deep_link%2Cmerchant_image_url%2Csearch_price%2Ccustom_1%2Ccustom_2%2Ccustom_3%2Ccustom_4%2Calternate_image%2Cproduct_short_description%2Cmerchant_product_category_path%2Calternate_image_two%2Calternate_image_three%2Calternate_image_four/"
"496","Tooled Up","GB","Not Joined","Awin","88907","Brand - ARS","English","","2026-06-13 06:01:59","2026-06-13 06:01:55","141","https://productdata.awin.com/datafeed/download/apikey/fa0ea60ea5f17aca3a0224f06ab4d131/fid/88907/format/csv/language/en/delimiter/%2C/compression/gzip/adultcontent/1/columns/data_feed_id%2Cmerchant_id%2Cmerchant_name%2Caw_product_id%2Caw_deep_link%2Caw_image_url%2Caw_thumb_url%2Ccategory_id%2Ccategory_name%2Cbrand_id%2Cbrand_name%2Cmerchant_product_id%2Cmerchant_category%2Cean%2Cmpn%2Cproduct_name%2Cdescription%2Cmerchant_deep_link%2Cmerchant_image_url%2Csearch_price%2Crrp_price%2Cdelivery_cost%2Cin_stock%2Cstock_status/"
"496","Tooled Up","GB","Not Joined","Awin","88909","Brand - Milwaukee","English","","2026-06-13 06:02:27","2026-06-13 06:02:22","792","https://productdata.awin.com/datafeed/download/apikey/fa0ea60ea5f17aca3a0224f06ab4d131/fid/88909/format/csv/language/en/delimiter/%2C/compression/gzip/adultcontent/1/columns/data_feed_id%2Cmerchant_id%2Cmerchant_name%2Caw_product_id%2Caw_deep_link%2Caw_image_url%2Caw_thumb_url%2Ccategory_id%2Ccategory_name%2Cbrand_id%2Cbrand_name%2Cmerchant_product_id%2Cmerchant_category%2Cean%2Cmpn%2Cproduct_name%2Cdescription%2Cmerchant_deep_link%2Cmerchant_image_url%2Csearch_price%2Crrp_price%2Cdelivery_cost%2Cin_stock%2Cstock_status/"
"496","Tooled Up","GB","Not Joined","Awin","88910","Brand - Einhell","English","","2026-06-13 06:02:34","2026-06-13 06:02:29","1135","https://productdata.awin.com/datafeed/download/apikey/fa0ea60ea5f17aca3a0224f06ab4d131/fid/88910/format/csv/language/en/delimiter/%2C/compression/gzip/adultcontent/1/columns/data_feed_id%2Cmerchant_id%2Cmerchant_name%2Caw_product_id%2Caw_deep_link%2Caw_image_url%2Caw_thumb_url%2Ccategory_id%2Ccategory_name%2Cbrand_id%2Cbrand_name%2Cmerchant_product_id%2Cmerchant_category%2Cean%2Cmpn%2Cproduct_name%2Cdescription%2Cmerchant_deep_link%2Cmerchant_image_url%2Csearch_price%2Crrp_price%2Cdelivery_cost%2Cin_stock%2Cstock_status/"
"496","Tooled Up","GB","Not Joined","Awin","88912","Brand - Webb","English","","2026-06-13 06:02:20","2026-06-13 06:02:16","170","https://productdata.awin.com/datafeed/download/apikey/fa0ea60ea5f17aca3a0224f06ab4d131/fid/88912/format/csv/language/en/delimiter/%2C/compression/gzip/adultcontent/1/columns/data_feed_id%2Cmerchant_id%2Cmerchant_name%2Caw_product_id%2Caw_deep_link%2Caw_image_url%2Caw_thumb_url%2Ccategory_id%2Ccategory_name%2Cbrand_id%2Cbrand_name%2Cmerchant_product_id%2Cmerchant_category%2Cean%2Cmpn%2Cproduct_name%2Cdescription%2Cmerchant_deep_link%2Cmerchant_image_url%2Csearch_price%2Crrp_price%2Cdelivery_cost%2Cin_stock%2Cstock_status/"
"496","Tooled Up","GB","Not Joined","Awin","88913","Brand - Greenworks","English","","2026-06-11 06:02:32","2026-06-13 06:01:28","87","https://productdata.awin.com/datafeed/download/apikey/fa0ea60ea5f17aca3a0224f06ab4d131/fid/88913/format/csv/language/en/delimiter/%2C/compression/gzip/adultcontent/1/columns/data_feed_id%2Cmerchant_id%2Cmerchant_name%2Caw_product_id%2Caw_deep_link%2Caw_image_url%2Caw_thumb_url%2Ccategory_id%2Ccategory_name%2Cbrand_id%2Cbrand_name%2Cmerchant_product_id%2Cmerchant_category%2Cean%2Cmpn%2Cproduct_name%2Cdescription%2Cmerchant_deep_link%2Cmerchant_image_url%2Csearch_price%2Crrp_price%2Cdelivery_cost%2Cin_stock%2Cstock_status/"
"496","Tooled Up","GB","Not Joined","Awin","88915","Brand - Handy","English","","2026-06-13 06:01:24","2026-06-13 06:01:20","142","https://productdata.awin.com/datafeed/download/apikey/fa0ea60ea5f17aca3a0224f06ab4d131/fid/88915/format/csv/language/en/delimiter/%2C/compression/gzip/adultcontent/1/columns/data_feed_id%2Cmerchant_id%2Cmerchant_name%2Caw_product_id%2Caw_deep_link%2Caw_image_url%2Caw_thumb_url%2Ccategory_id%2Ccategory_name%2Cbrand_id%2Cbrand_name%2Cmerchant_product_id%2Cmerchant_category%2Cean%2Cmpn%2Cproduct_name%2Cdescription%2Cmerchant_deep_link%2Cmerchant_image_url%2Csearch_price%2Crrp_price%2Cdelivery_cost%2Cin_stock%2Cstock_status/"
"496","Tooled Up","GB","Not Joined","Awin","88916","Brand - Wera","English","","2026-06-12 06:01:41","2026-06-13 06:02:08","1955","https://productdata.awin.com/datafeed/download/apikey/fa0ea60ea5f17aca3a0224f06ab4d131/fid/88916/format/csv/language/en/delimiter/%2C/compression/gzip/adultcontent/1/columns/data_feed_id%2Cmerchant_id%2Cmerchant_name%2Caw_product_id%2Caw_deep_link%2Caw_image_url%2Caw_thumb_url%2Ccategory_id%2Ccategory_name%2Cbrand_id%2Cbrand_name%2Cmerchant_product_id%2Cmerchant_category%2Cean%2Cmpn%2Cproduct_name%2Cdescription%2Cmerchant_deep_link%2Cmerchant_image_url%2Csearch_price%2Crrp_price%2Cdelivery_cost%2Cin_stock%2Cstock_status/"
"25962","BlazeVideo DE","DE","Not Joined","Awin","88951","BlazeVideo DE (shopping 24h)","German","","2026-05-15 15:17:00","2025-11-25 15:01:14","11","https://productdata.awin.com/datafeed/download/apikey/fa0ea60ea5f17aca3a0224f06ab4d131/fid/88951/format/csv/language/de/delimiter/%2C/compression/gzip/columns/aw_deep_link%2Cproduct_name%2Caw_product_id%2Cmerchant_product_id%2Cmerchant_image_url%2Cdescription%2Cmerchant_category%2Csearch_price%2Cmerchant_name%2Cmerchant_id%2Ccategory_name%2Ccategory_id%2Caw_image_url%2Ccurrency%2Cstore_price%2Cdelivery_cost%2Cmerchant_deep_link%2Clanguage%2Clast_updated%2Cbrand_name%2Cbrand_id%2Ccolour%2Cproduct_short_description%2Cspecifications%2Ccondition%2Cproduct_model%2Cmodel_number%2Cdimensions%2Ckeywords%2Cpromotional_text%2Cproduct_type%2Ccommission_group%2Cmerchant_product_category_path%2Cmerchant_product_second_category%2Cmerchant_product_third_category%2Crrp_price%2Csaving%2Csavings_percent%2Cbase_price%2Cbase_price_amount%2Cbase_price_text%2Cproduct_price_old%2Cdelivery_restrictions%2Cdelivery_weight%2Cwarranty%2Cterms_of_contract%2Cdelivery_time%2Cin_stock%2Cstock_quantity%2Cvalid_from%2Cvalid_to%2Cis_for_sale%2Cweb_offer%2Cpre_order%2Cstock_status%2Csize_stock_status%2Csize_stock_amount%2Cmerchant_thumb_url%2Clarge_image%2Calternate_image%2Caw_thumb_url%2Calternate_image_two%2Calternate_image_three%2Calternate_image_four%2Creviews%2Caverage_rating%2Crating%2Cnumber_available%2Ccustom_1%2Ccustom_2%2Ccustom_3%2Ccustom_4%2Ccustom_5%2Ccustom_6%2Ccustom_7%2Ccustom_8%2Ccustom_9%2Cean%2Cisbn%2Cupc%2Cmpn%2Cparent_product_id%2Cproduct_GTIN%2Cbasket_link/"
"496","Tooled Up","GB","Not Joined","Awin","88957","Brand - Hozelock","English","","2026-06-13 06:02:05","2026-06-13 06:02:01","241","https://productdata.awin.com/datafeed/download/apikey/fa0ea60ea5f17aca3a0224f06ab4d131/fid/88957/format/csv/language/en/delimiter/%2C/compression/gzip/adultcontent/1/columns/data_feed_id%2Cmerchant_id%2Cmerchant_name%2Caw_product_id%2Caw_deep_link%2Caw_image_url%2Caw_thumb_url%2Ccategory_id%2Ccategory_name%2Cbrand_id%2Cbrand_name%2Cmerchant_product_id%2Cmerchant_category%2Cean%2Cmpn%2Cproduct_name%2Cdescription%2Cmerchant_deep_link%2Cmerchant_image_url%2Csearch_price%2Crrp_price%2Cdelivery_cost%2Cin_stock%2Cstock_status/"
"496","Tooled Up","GB","Not Joined","Awin","88959","Brand - Siegen","English","","2026-06-13 06:01:53","2026-06-13 06:01:47","426","https://productdata.awin.com/datafeed/download/apikey/fa0ea60ea5f17aca3a0224f06ab4d131/fid/88959/format/csv/language/en/delimiter/%2C/compression/gzip/adultcontent/1/columns/data_feed_id%2Cmerchant_id%2Cmerchant_name%2Caw_product_id%2Caw_deep_link%2Caw_image_url%2Caw_thumb_url%2Ccategory_id%2Ccategory_name%2Cbrand_id%2Cbrand_name%2Cmerchant_product_id%2Cmerchant_category%2Cean%2Cmpn%2Cproduct_name%2Cdescription%2Cmerchant_deep_link%2Cmerchant_image_url%2Csearch_price%2Crrp_price%2Cdelivery_cost%2Cin_stock%2Cstock_status/"
"496","Tooled Up","GB","Not Joined","Awin","88960","Brand - Snickers","English","","2026-06-05 06:01:27","2026-06-13 06:01:09","40","https://productdata.awin.com/datafeed/download/apikey/fa0ea60ea5f17aca3a0224f06ab4d131/fid/88960/format/csv/language/en/delimiter/%2C/compression/gzip/adultcontent/1/columns/data_feed_id%2Cmerchant_id%2Cmerchant_name%2Caw_product_id%2Caw_deep_link%2Caw_image_url%2Caw_thumb_url%2Ccategory_id%2Ccategory_name%2Cbrand_id%2Cbrand_name%2Cmerchant_product_id%2Cmerchant_category%2Cean%2Cmpn%2Cproduct_name%2Cdescription%2Cmerchant_deep_link%2Cmerchant_image_url%2Csearch_price%2Crrp_price%2Cdelivery_cost%2Cin_stock%2Cstock_status/"
"496","Tooled Up","GB","Not Joined","Awin","88961","Brand - Solo","English","","2026-06-10 06:01:31","2026-06-13 06:01:26","12","https://productdata.awin.com/datafeed/download/apikey/fa0ea60ea5f17aca3a0224f06ab4d131/fid/88961/format/csv/language/en/delimiter/%2C/compression/gzip/adultcontent/1/columns/data_feed_id%2Cmerchant_id%2Cmerchant_name%2Caw_product_id%2Caw_deep_link%2Caw_image_url%2Caw_thumb_url%2Ccategory_id%2Ccategory_name%2Cbrand_id%2Cbrand_name%2Cmerchant_product_id%2Cean%2Cmpn%2Cproduct_name%2Cdescription%2Cmerchant_deep_link%2Cmerchant_image_url%2Csearch_price%2Crrp_price%2Cdelivery_cost%2Cin_stock%2Cproduct_price_old%2Cstock_status/"
"496","Tooled Up","GB","Not Joined","Awin","88962","Brand - Steinel","English","","2026-06-08 06:01:38","2026-06-13 06:01:27","46","https://productdata.awin.com/datafeed/download/apikey/fa0ea60ea5f17aca3a0224f06ab4d131/fid/88962/format/csv/language/en/delimiter/%2C/compression/gzip/adultcontent/1/columns/data_feed_id%2Cmerchant_id%2Cmerchant_name%2Caw_product_id%2Caw_deep_link%2Caw_image_url%2Caw_thumb_url%2Ccategory_id%2Ccategory_name%2Cbrand_id%2Cbrand_name%2Cmerchant_product_id%2Cmerchant_category%2Cean%2Cmpn%2Cproduct_name%2Cdescription%2Cmerchant_deep_link%2Cmerchant_image_url%2Csearch_price%2Crrp_price%2Cdelivery_cost%2Cin_stock%2Cstock_status/"
"496","Tooled Up","GB","Not Joined","Awin","88963","Brand - Town & Country","English","","2026-06-13 06:01:18","2026-06-13 06:01:14","231","https://productdata.awin.com/datafeed/download/apikey/fa0ea60ea5f17aca3a0224f06ab4d131/fid/88963/format/csv/language/en/delimiter/%2C/compression/gzip/adultcontent/1/columns/data_feed_id%2Cmerchant_id%2Cmerchant_name%2Caw_product_id%2Caw_deep_link%2Caw_image_url%2Caw_thumb_url%2Ccategory_id%2Ccategory_name%2Cbrand_id%2Cbrand_name%2Cmerchant_product_id%2Cmerchant_category%2Cean%2Cmpn%2Cproduct_name%2Cdescription%2Cmerchant_deep_link%2Cmerchant_image_url%2Csearch_price%2Crrp_price%2Cdelivery_cost%2Cin_stock%2Cstock_status/"
"496","Tooled Up","GB","Not Joined","Awin","88968","Brand - Karcher Pro","English","","2026-06-13 06:01:33","2026-06-13 06:01:28","340","https://productdata.awin.com/datafeed/download/apikey/fa0ea60ea5f17aca3a0224f06ab4d131/fid/88968/format/csv/language/en/delimiter/%2C/compression/gzip/adultcontent/1/columns/data_feed_id%2Cmerchant_id%2Cmerchant_name%2Caw_product_id%2Caw_deep_link%2Caw_image_url%2Caw_thumb_url%2Ccategory_id%2Ccategory_name%2Cbrand_id%2Cbrand_name%2Cmerchant_product_id%2Cmerchant_category%2Cean%2Cmpn%2Cproduct_name%2Cdescription%2Cmerchant_deep_link%2Cmerchant_image_url%2Csearch_price%2Crrp_price%2Cdelivery_cost%2Cin_stock%2Cstock_status/"
"66486","BlazeVideo FR","FR","Not Joined","Awin","89088","BlazeVideo France Top-Selling","French","","2026-06-13 05:01:16","2026-06-13 06:49:34","6","https://productdata.awin.com/datafeed/download/apikey/fa0ea60ea5f17aca3a0224f06ab4d131/fid/89088/format/csv/language/fr/delimiter/%2C/compression/gzip/columns/aw_deep_link%2Cproduct_name%2Caw_product_id%2Cmerchant_product_id%2Cmerchant_image_url%2Cdescription%2Cmerchant_category%2Csearch_price%2Cmerchant_name%2Cmerchant_id%2Ccategory_name%2Ccategory_id%2Caw_image_url%2Ccurrency%2Cstore_price%2Cdelivery_cost%2Cmerchant_deep_link%2Clanguage%2Clast_updated%2Cbrand_name%2Cbrand_id%2Ccolour%2Cproduct_short_description%2Cspecifications%2Ccondition%2Cproduct_model%2Cmodel_number%2Cdimensions%2Ckeywords%2Cpromotional_text%2Cproduct_type%2Ccommission_group%2Cmerchant_product_category_path%2Cmerchant_product_second_category%2Cmerchant_product_third_category%2Crrp_price%2Csaving%2Csavings_percent%2Cbase_price%2Cbase_price_amount%2Cbase_price_text%2Cproduct_price_old%2Cdelivery_restrictions%2Cdelivery_weight%2Cwarranty%2Cterms_of_contract%2Cdelivery_time%2Cin_stock%2Cstock_quantity%2Cvalid_from%2Cvalid_to%2Cis_for_sale%2Cweb_offer%2Cpre_order%2Cstock_status%2Csize_stock_status%2Csize_stock_amount%2Cmerchant_thumb_url%2Clarge_image%2Calternate_image%2Caw_thumb_url%2Calternate_image_two%2Calternate_image_three%2Calternate_image_four%2Creviews%2Caverage_rating%2Crating%2Cnumber_available%2Ccustom_1%2Ccustom_2%2Ccustom_3%2Ccustom_4%2Ccustom_5%2Ccustom_6%2Ccustom_7%2Ccustom_8%2Ccustom_9%2Cean%2Cisbn%2Cupc%2Cmpn%2Cparent_product_id%2Cproduct_GTIN%2Cbasket_link/"
"66486","BlazeVideo FR","FR","Not Joined","Awin","89124","BlazeVideo France idealo - feed price comparison","French","","2026-06-13 12:01:11","2026-06-13 16:15:34","18","https://productdata.awin.com/datafeed/download/apikey/fa0ea60ea5f17aca3a0224f06ab4d131/fid/89124/format/csv/language/fr/delimiter/%2C/compression/gzip/columns/aw_deep_link%2Cproduct_name%2Caw_product_id%2Cmerchant_product_id%2Cmerchant_image_url%2Cdescription%2Cmerchant_category%2Csearch_price%2Cmerchant_name%2Cmerchant_id%2Ccategory_name%2Ccategory_id%2Caw_image_url%2Ccurrency%2Cstore_price%2Cdelivery_cost%2Cmerchant_deep_link%2Clanguage%2Clast_updated%2Cbrand_name%2Cbrand_id%2Ccolour%2Cproduct_short_description%2Cspecifications%2Ccondition%2Cproduct_model%2Cmodel_number%2Cdimensions%2Ckeywords%2Cpromotional_text%2Cproduct_type%2Ccommission_group%2Cmerchant_product_category_path%2Cmerchant_product_second_category%2Cmerchant_product_third_category%2Crrp_price%2Csaving%2Csavings_percent%2Cbase_price%2Cbase_price_amount%2Cbase_price_text%2Cproduct_price_old%2Cdelivery_restrictions%2Cdelivery_weight%2Cwarranty%2Cterms_of_contract%2Cdelivery_time%2Cin_stock%2Cstock_quantity%2Cvalid_from%2Cvalid_to%2Cis_for_sale%2Cweb_offer%2Cpre_order%2Cstock_status%2Csize_stock_status%2Csize_stock_amount%2Cmerchant_thumb_url%2Clarge_image%2Calternate_image%2Caw_thumb_url%2Calternate_image_two%2Calternate_image_three%2Calternate_image_four%2Creviews%2Caverage_rating%2Crating%2Cnumber_available%2Ccustom_1%2Ccustom_2%2Ccustom_3%2Ccustom_4%2Ccustom_5%2Ccustom_6%2Ccustom_7%2Ccustom_8%2Ccustom_9%2Cean%2Cisbn%2Cupc%2Cmpn%2Cparent_product_id%2Cproduct_GTIN%2Cbasket_link/"
"66486","BlazeVideo FR","FR","Not Joined","Awin","89252","BlazeVideo FR (shopping 24h)","French","","2026-06-11 05:01:10","2026-06-11 05:01:05","3","https://productdata.awin.com/datafeed/download/apikey/fa0ea60ea5f17aca3a0224f06ab4d131/fid/89252/format/csv/language/fr/delimiter/%2C/compression/gzip/columns/aw_deep_link%2Cproduct_name%2Caw_product_id%2Cmerchant_product_id%2Cmerchant_image_url%2Cdescription%2Cmerchant_category%2Csearch_price%2Cmerchant_name%2Cmerchant_id%2Ccategory_name%2Ccategory_id%2Caw_image_url%2Ccurrency%2Cstore_price%2Cdelivery_cost%2Cmerchant_deep_link%2Clanguage%2Clast_updated%2Cbrand_name%2Cbrand_id%2Ccolour%2Cproduct_short_description%2Cspecifications%2Ccondition%2Cproduct_model%2Cmodel_number%2Cdimensions%2Ckeywords%2Cpromotional_text%2Cproduct_type%2Ccommission_group%2Cmerchant_product_category_path%2Cmerchant_product_second_category%2Cmerchant_product_third_category%2Crrp_price%2Csaving%2Csavings_percent%2Cbase_price%2Cbase_price_amount%2Cbase_price_text%2Cproduct_price_old%2Cdelivery_restrictions%2Cdelivery_weight%2Cwarranty%2Cterms_of_contract%2Cdelivery_time%2Cin_stock%2Cstock_quantity%2Cvalid_from%2Cvalid_to%2Cis_for_sale%2Cweb_offer%2Cpre_order%2Cstock_status%2Csize_stock_status%2Csize_stock_amount%2Cmerchant_thumb_url%2Clarge_image%2Calternate_image%2Caw_thumb_url%2Calternate_image_two%2Calternate_image_three%2Calternate_image_four%2Creviews%2Caverage_rating%2Crating%2Cnumber_available%2Ccustom_1%2Ccustom_2%2Ccustom_3%2Ccustom_4%2Ccustom_5%2Ccustom_6%2Ccustom_7%2Ccustom_8%2Ccustom_9%2Cean%2Cisbn%2Cupc%2Cmpn%2Cparent_product_id%2Cproduct_GTIN%2Cbasket_link/"
"66486","BlazeVideo FR","FR","Not Joined","Awin","89534","BlazeVideo France","French","","2026-06-13 06:01:27","2026-06-13 07:31:23","20","https://productdata.awin.com/datafeed/download/apikey/fa0ea60ea5f17aca3a0224f06ab4d131/fid/89534/format/csv/language/fr/delimiter/%2C/compression/gzip/columns/aw_deep_link%2Cproduct_name%2Caw_product_id%2Cmerchant_product_id%2Cmerchant_image_url%2Cdescription%2Cmerchant_category%2Csearch_price%2Cmerchant_name%2Cmerchant_id%2Ccategory_name%2Ccategory_id%2Caw_image_url%2Ccurrency%2Cstore_price%2Cdelivery_cost%2Cmerchant_deep_link%2Clanguage%2Clast_updated%2Cbrand_name%2Cbrand_id%2Ccolour%2Cproduct_short_description%2Cspecifications%2Ccondition%2Cproduct_model%2Cmodel_number%2Cdimensions%2Ckeywords%2Cpromotional_text%2Cproduct_type%2Ccommission_group%2Cmerchant_product_category_path%2Cmerchant_product_second_category%2Cmerchant_product_third_category%2Crrp_price%2Csaving%2Csavings_percent%2Cbase_price%2Cbase_price_amount%2Cbase_price_text%2Cproduct_price_old%2Cdelivery_restrictions%2Cdelivery_weight%2Cwarranty%2Cterms_of_contract%2Cdelivery_time%2Cin_stock%2Cstock_quantity%2Cvalid_from%2Cvalid_to%2Cis_for_sale%2Cweb_offer%2Cpre_order%2Cstock_status%2Csize_stock_status%2Csize_stock_amount%2Cmerchant_thumb_url%2Clarge_image%2Calternate_image%2Caw_thumb_url%2Calternate_image_two%2Calternate_image_three%2Calternate_image_four%2Creviews%2Caverage_rating%2Crating%2Cnumber_available%2Ccustom_1%2Ccustom_2%2Ccustom_3%2Ccustom_4%2Ccustom_5%2Ccustom_6%2Ccustom_7%2Ccustom_8%2Ccustom_9%2Cean%2Cisbn%2Cupc%2Cmpn%2Cparent_product_id%2Cproduct_GTIN%2Cbasket_link/"
"38874","Bazta NL","NL","Not Joined","Awin","89758","Awin - Full","Dutch","","2026-06-13 16:14:28","2026-06-13 16:14:16","8631","https://productdata.awin.com/datafeed/download/apikey/fa0ea60ea5f17aca3a0224f06ab4d131/fid/89758/format/csv/language/nl/delimiter/%2C/compression/gzip/columns/data_feed_id%2Cmerchant_id%2Cmerchant_name%2Caw_product_id%2Caw_deep_link%2Caw_image_url%2Caw_thumb_url%2Ccategory_id%2Ccategory_name%2Cbrand_id%2Cbrand_name%2Cmerchant_product_id%2Cmerchant_category%2Cmpn%2Cproduct_name%2Cdescription%2Cmerchant_deep_link%2Cmerchant_image_url%2Csearch_price%2Cdelivery_cost%2Cweb_offer%2Cpre_order%2Cstock_quantity%2Cis_for_sale%2Ccondition%2Ccommission_group%2Ccolour%2Ccustom_1%2Ccustom_2%2Calternate_image%2Cmerchant_product_category_path%2Cmerchant_product_second_category%2Cmerchant_product_third_category%2Cstock_status%2Cproduct_GTIN/"
"16274","Plusshop SE","SE","Not Joined","Awin","89814","Awin - Full Normal Price (For Google CSS partners)","Swedish","","2026-06-13 16:17:07","2026-06-13 16:16:54","8640","https://productdata.awin.com/datafeed/download/apikey/fa0ea60ea5f17aca3a0224f06ab4d131/fid/89814/format/csv/language/sv/delimiter/%2C/compression/gzip/columns/data_feed_id%2Cmerchant_id%2Cmerchant_name%2Caw_product_id%2Caw_deep_link%2Caw_image_url%2Caw_thumb_url%2Ccategory_id%2Ccategory_name%2Cbrand_id%2Cbrand_name%2Cmerchant_product_id%2Cmerchant_category%2Cmpn%2Cproduct_name%2Cdescription%2Cmerchant_deep_link%2Cmerchant_image_url%2Csearch_price%2Cdelivery_cost%2Cweb_offer%2Cpre_order%2Cin_stock%2Cstock_quantity%2Cis_for_sale%2Ccondition%2Ccommission_group%2Ccolour%2Ccustom_1%2Ccustom_2%2Calternate_image%2Cmerchant_product_category_path%2Cmerchant_product_second_category%2Cmerchant_product_third_category%2Ccustom_9%2Cproduct_GTIN/"
"16274","Plusshop SE","SE","Not Joined","Awin","89815","Awin - Full (memberprices)","Swedish","","2026-06-13 16:16:51","2026-06-13 16:16:39","8640","https://productdata.awin.com/datafeed/download/apikey/fa0ea60ea5f17aca3a0224f06ab4d131/fid/89815/format/csv/language/sv/delimiter/%2C/compression/gzip/columns/data_feed_id%2Cmerchant_id%2Cmerchant_name%2Caw_product_id%2Caw_deep_link%2Caw_image_url%2Caw_thumb_url%2Ccategory_id%2Ccategory_name%2Cbrand_id%2Cbrand_name%2Cmerchant_product_id%2Cmerchant_category%2Cmpn%2Cproduct_name%2Cdescription%2Cmerchant_deep_link%2Cmerchant_image_url%2Csearch_price%2Cdelivery_cost%2Cweb_offer%2Cpre_order%2Cin_stock%2Cstock_quantity%2Cis_for_sale%2Ccondition%2Ccommission_group%2Ccolour%2Ccustom_1%2Ccustom_2%2Calternate_image%2Cmerchant_product_category_path%2Cmerchant_product_second_category%2Cmerchant_product_third_category%2Ccustom_9%2Cproduct_GTIN/"
"29511","Plusshop IE","IE","Not Joined","Awin","89816","Awin - Full Normal Price (For Google CSS partners)","English","","2026-06-13 16:16:50","2026-06-13 16:16:38","8530","https://productdata.awin.com/datafeed/download/apikey/fa0ea60ea5f17aca3a0224f06ab4d131/fid/89816/format/csv/language/en/delimiter/%2C/compression/gzip/adultcontent/1/columns/data_feed_id%2Cmerchant_id%2Cmerchant_name%2Caw_product_id%2Caw_deep_link%2Caw_image_url%2Caw_thumb_url%2Ccategory_id%2Ccategory_name%2Cbrand_id%2Cbrand_name%2Cmerchant_product_id%2Cmerchant_category%2Cmpn%2Cproduct_name%2Cdescription%2Cmerchant_deep_link%2Cmerchant_image_url%2Csearch_price%2Cdelivery_cost%2Cweb_offer%2Cpre_order%2Cin_stock%2Cstock_quantity%2Cis_for_sale%2Ccondition%2Ccommission_group%2Ccolour%2Ccustom_1%2Calternate_image%2Cmerchant_product_category_path%2Cmerchant_product_second_category%2Cmerchant_product_third_category%2Ccustom_9%2Cproduct_GTIN/"
"29511","Plusshop IE","IE","Not Joined","Awin","89818","Awin - Full (memberprices)","English","","2026-06-13 14:22:26","2026-06-13 14:22:13","8530","https://productdata.awin.com/datafeed/download/apikey/fa0ea60ea5f17aca3a0224f06ab4d131/fid/89818/format/csv/language/en/delimiter/%2C/compression/gzip/adultcontent/1/columns/data_feed_id%2Cmerchant_id%2Cmerchant_name%2Caw_product_id%2Caw_deep_link%2Caw_image_url%2Caw_thumb_url%2Ccategory_id%2Ccategory_name%2Cbrand_id%2Cbrand_name%2Cmerchant_product_id%2Cmerchant_category%2Cmpn%2Cproduct_name%2Cdescription%2Cmerchant_deep_link%2Cmerchant_image_url%2Csearch_price%2Cdelivery_cost%2Cweb_offer%2Cpre_order%2Cin_stock%2Cstock_quantity%2Cis_for_sale%2Ccondition%2Ccommission_group%2Ccolour%2Ccustom_1%2Ccustom_2%2Calternate_image%2Cmerchant_product_category_path%2Cmerchant_product_second_category%2Cmerchant_product_third_category%2Ccustom_9%2Cproduct_GTIN/"
"38872","Bazta BE","BE","Not Joined","Awin","89827","Awin - Full (memberprices)","Dutch","","2026-06-13 16:14:47","2026-06-13 16:14:34","8626","https://productdata.awin.com/datafeed/download/apikey/fa0ea60ea5f17aca3a0224f06ab4d131/fid/89827/format/csv/language/nl/delimiter/%2C/compression/gzip/columns/data_feed_id%2Cmerchant_id%2Cmerchant_name%2Caw_product_id%2Caw_deep_link%2Caw_image_url%2Caw_thumb_url%2Ccategory_id%2Ccategory_name%2Cbrand_id%2Cbrand_name%2Cmerchant_product_id%2Cmerchant_category%2Cmpn%2Cproduct_name%2Cdescription%2Cmerchant_deep_link%2Cmerchant_image_url%2Csearch_price%2Cdelivery_cost%2Cweb_offer%2Cpre_order%2Cin_stock%2Cstock_quantity%2Cis_for_sale%2Ccondition%2Ccommission_group%2Ccolour%2Ccustom_1%2Calternate_image%2Cmerchant_product_category_path%2Cmerchant_product_second_category%2Cmerchant_product_third_category%2Cproduct_GTIN/"
"496","Tooled Up","GB","Not Joined","Awin","89987","All Products (New Feed with Improved Variations, Colour, Descriptions)","English","","2026-06-13 07:05:32","2026-06-13 07:04:07","83935","https://productdata.awin.com/datafeed/download/apikey/fa0ea60ea5f17aca3a0224f06ab4d131/fid/89987/format/csv/language/en/delimiter/%2C/compression/gzip/adultcontent/1/columns/data_feed_id%2Cmerchant_id%2Cmerchant_name%2Caw_product_id%2Caw_deep_link%2Caw_image_url%2Caw_thumb_url%2Ccategory_id%2Ccategory_name%2Cbrand_id%2Cbrand_name%2Cmerchant_product_id%2Cmerchant_category%2Cean%2Cmpn%2Cproduct_name%2Cdescription%2Cmerchant_deep_link%2Cmerchant_image_url%2Csearch_price%2Crrp_price%2Cdelivery_cost%2Cin_stock%2Ccolour%2Ccustom_1%2Ccustom_2%2Ccustom_3%2Cmerchant_product_category_path%2Cstock_status/"
"68962","My Mini Maker","GB","Not Joined","Awin","89990","Shopify -> Mulwi","English","","2026-06-07 23:01:26","2026-06-07 23:01:22","66","https://productdata.awin.com/datafeed/download/apikey/fa0ea60ea5f17aca3a0224f06ab4d131/fid/89990/format/csv/language/en/delimiter/%2C/compression/gzip/adultcontent/1/columns/data_feed_id%2Cmerchant_id%2Cmerchant_name%2Caw_product_id%2Caw_deep_link%2Caw_image_url%2Caw_thumb_url%2Ccategory_id%2Ccategory_name%2Cbrand_id%2Cbrand_name%2Cmerchant_product_id%2Cmerchant_category%2Cean%2Cmpn%2Cproduct_name%2Cdescription%2Cmerchant_deep_link%2Cmerchant_image_url%2Cdelivery_time%2Csearch_price%2Cdelivery_cost%2Ccolour%2Ccustom_1/"
"69306","Plusshop UK","GB","Not Joined","Awin","89999","Awin - Full Normal Price (For Google CSS partners)","English","","2026-06-13 13:06:44","2026-06-13 13:06:31","8408","https://productdata.awin.com/datafeed/download/apikey/fa0ea60ea5f17aca3a0224f06ab4d131/fid/89999/format/csv/language/en/delimiter/%2C/compression/gzip/adultcontent/1/columns/data_feed_id%2Cmerchant_id%2Cmerchant_name%2Caw_product_id%2Caw_deep_link%2Caw_image_url%2Caw_thumb_url%2Ccategory_id%2Ccategory_name%2Cbrand_id%2Cbrand_name%2Cmerchant_product_id%2Cmerchant_category%2Cmpn%2Cproduct_name%2Cdescription%2Cmerchant_deep_link%2Cmerchant_image_url%2Csearch_price%2Cdelivery_cost%2Cweb_offer%2Cpre_order%2Cstock_quantity%2Cis_for_sale%2Ccondition%2Ccommission_group%2Ccustom_1%2Calternate_image%2Cmerchant_product_category_path%2Cmerchant_product_second_category%2Cmerchant_product_third_category%2Cstock_status%2Ccustom_9%2Cproduct_GTIN/"
"69306","Plusshop UK","GB","Not Joined","Awin","90001","Awin - Full (memberprices)","English","","2026-06-13 17:13:15","2026-06-13 17:13:02","8407","https://productdata.awin.com/datafeed/download/apikey/fa0ea60ea5f17aca3a0224f06ab4d131/fid/90001/format/csv/language/en/delimiter/%2C/compression/gzip/adultcontent/1/columns/data_feed_id%2Cmerchant_id%2Cmerchant_name%2Caw_product_id%2Caw_deep_link%2Caw_image_url%2Caw_thumb_url%2Ccategory_id%2Ccategory_name%2Cbrand_id%2Cbrand_name%2Cmerchant_product_id%2Cmerchant_category%2Cmpn%2Cproduct_name%2Cdescription%2Cmerchant_deep_link%2Cmerchant_image_url%2Csearch_price%2Cdelivery_cost%2Cweb_offer%2Cpre_order%2Cstock_quantity%2Cis_for_sale%2Ccondition%2Ccommission_group%2Ccolour%2Ccustom_1%2Calternate_image%2Cmerchant_product_category_path%2Cmerchant_product_second_category%2Cmerchant_product_third_category%2Cstock_status%2Ccustom_9%2Cproduct_GTIN/"
"69308","Brandsaver NL","NL","Not Joined","Awin","90003","Awin - Full Normal Price (For Google CSS partners)","Dutch","","2026-06-13 16:17:09","2026-06-13 16:16:54","8636","https://productdata.awin.com/datafeed/download/apikey/fa0ea60ea5f17aca3a0224f06ab4d131/fid/90003/format/csv/language/nl/delimiter/%2C/compression/gzip/columns/data_feed_id%2Cmerchant_id%2Cmerchant_name%2Caw_product_id%2Caw_deep_link%2Caw_image_url%2Caw_thumb_url%2Ccategory_id%2Ccategory_name%2Cbrand_id%2Cbrand_name%2Cmerchant_product_id%2Cmerchant_category%2Cmpn%2Cproduct_name%2Cdescription%2Cmerchant_deep_link%2Cmerchant_image_url%2Csearch_price%2Cdelivery_cost%2Cweb_offer%2Cpre_order%2Cstock_quantity%2Cis_for_sale%2Ccondition%2Ccommission_group%2Ccolour%2Ccustom_1%2Calternate_image%2Cmerchant_product_category_path%2Cmerchant_product_second_category%2Cmerchant_product_third_category%2Cstock_status%2Ccustom_9%2Cproduct_GTIN/"
"69308","Brandsaver NL","NL","Not Joined","Awin","90004","Awin - Full (memberprices)","Dutch","","2026-06-13 16:16:50","2026-06-13 16:16:37","8636","https://productdata.awin.com/datafeed/download/apikey/fa0ea60ea5f17aca3a0224f06ab4d131/fid/90004/format/csv/language/nl/delimiter/%2C/compression/gzip/columns/data_feed_id%2Cmerchant_id%2Cmerchant_name%2Caw_product_id%2Caw_deep_link%2Caw_image_url%2Caw_thumb_url%2Ccategory_id%2Ccategory_name%2Cbrand_id%2Cbrand_name%2Cmerchant_product_id%2Cmerchant_category%2Cmpn%2Cproduct_name%2Cdescription%2Cmerchant_deep_link%2Cmerchant_image_url%2Csearch_price%2Cdelivery_cost%2Cweb_offer%2Cpre_order%2Cstock_quantity%2Cis_for_sale%2Ccondition%2Ccommission_group%2Ccolour%2Ccustom_1%2Calternate_image%2Cmerchant_product_category_path%2Cmerchant_product_second_category%2Cmerchant_product_third_category%2Cstock_status%2Ccustom_9%2Cproduct_GTIN/"
"69420","Brandsaver BE","BE","Not Joined","Awin","90005","Awin - Full Normal Price (For Google CSS partners)","Dutch","","2026-06-13 16:17:07","2026-06-13 16:16:54","8632","https://productdata.awin.com/datafeed/download/apikey/fa0ea60ea5f17aca3a0224f06ab4d131/fid/90005/format/csv/language/nl/delimiter/%2C/compression/gzip/columns/data_feed_id%2Cmerchant_id%2Cmerchant_name%2Caw_product_id%2Caw_deep_link%2Caw_image_url%2Caw_thumb_url%2Ccategory_id%2Ccategory_name%2Cbrand_id%2Cbrand_name%2Cmerchant_product_id%2Cmerchant_category%2Cmpn%2Cproduct_name%2Cdescription%2Cmerchant_deep_link%2Csearch_price%2Cdelivery_cost%2Cweb_offer%2Cpre_order%2Cin_stock%2Cstock_quantity%2Cis_for_sale%2Ccondition%2Ccommission_group%2Ccolour%2Ccustom_1%2Calternate_image%2Cmerchant_product_category_path%2Cmerchant_product_second_category%2Cmerchant_product_third_category%2Cstock_status%2Ccustom_9%2Cproduct_GTIN/"
"69420","Brandsaver BE","BE","Not Joined","Awin","90006","Awin - Full (memberprices)","Dutch","","2026-06-13 16:17:26","2026-06-13 16:17:14","8632","https://productdata.awin.com/datafeed/download/apikey/fa0ea60ea5f17aca3a0224f06ab4d131/fid/90006/format/csv/language/nl/delimiter/%2C/compression/gzip/columns/data_feed_id%2Cmerchant_id%2Cmerchant_name%2Caw_product_id%2Caw_deep_link%2Caw_image_url%2Caw_thumb_url%2Ccategory_id%2Ccategory_name%2Cbrand_id%2Cbrand_name%2Cmerchant_product_id%2Cmerchant_category%2Cmpn%2Cproduct_name%2Cdescription%2Cmerchant_deep_link%2Csearch_price%2Cdelivery_cost%2Cweb_offer%2Cpre_order%2Cin_stock%2Cstock_quantity%2Cis_for_sale%2Ccondition%2Ccommission_group%2Ccolour%2Ccustom_1%2Calternate_image%2Cmerchant_product_category_path%2Cmerchant_product_second_category%2Cmerchant_product_third_category%2Cstock_status%2Ccustom_9%2Cproduct_GTIN/"
"59747","Gemax DE","DE","Not Joined","Awin","90031","Sägeblatt Shop","German","","2026-06-12 16:27:27","2026-06-13 16:02:31","2116","https://productdata.awin.com/datafeed/download/apikey/fa0ea60ea5f17aca3a0224f06ab4d131/fid/90031/format/csv/language/de/delimiter/%2C/compression/gzip/columns/data_feed_id%2Cmerchant_id%2Cmerchant_name%2Caw_product_id%2Caw_deep_link%2Caw_image_url%2Caw_thumb_url%2Ccategory_id%2Ccategory_name%2Cbrand_id%2Cbrand_name%2Cmerchant_product_id%2Cmerchant_category%2Cean%2Cmpn%2Cisbn%2Cmodel_number%2Cproduct_name%2Cdescription%2Cspecifications%2Clanguage%2Cmerchant_deep_link%2Cmerchant_thumb_url%2Cmerchant_image_url%2Cdelivery_time%2Cvalid_from%2Cvalid_to%2Ccurrency%2Csearch_price%2Cstore_price%2Cdelivery_cost%2Cweb_offer%2Cpre_order%2Cin_stock%2Cstock_quantity%2Cwarranty%2Ccondition%2Cparent_product_id%2Ccommission_group%2Clast_updated%2Cdimensions%2Ccolour%2Ckeywords%2Ccustom_1%2Ccustom_2%2Csaving%2Crating%2Calternate_image%2Clarge_image%2Cbasket_link%2Cproduct_short_description%2Cmerchant_product_category_path%2Cmerchant_product_second_category%2Cmerchant_product_third_category%2Csavings_percent%2Cproduct_price_old%2Calternate_image_two%2Calternate_image_three%2Calternate_image_four/"
"38110","Bazta SE","SE","Not Joined","Awin","90132","Awin - Full (memberprices)","Swedish","","2026-06-13 16:11:04","2026-06-13 16:10:52","8635","https://productdata.awin.com/datafeed/download/apikey/fa0ea60ea5f17aca3a0224f06ab4d131/fid/90132/format/csv/language/sv/delimiter/%2C/compression/gzip/columns/data_feed_id%2Cmerchant_id%2Cmerchant_name%2Caw_product_id%2Caw_deep_link%2Caw_image_url%2Caw_thumb_url%2Ccategory_id%2Ccategory_name%2Cbrand_id%2Cbrand_name%2Cmerchant_product_id%2Cmerchant_category%2Cmpn%2Cproduct_name%2Cdescription%2Cmerchant_deep_link%2Cmerchant_image_url%2Csearch_price%2Cdelivery_cost%2Cweb_offer%2Cpre_order%2Cstock_quantity%2Cis_for_sale%2Ccondition%2Ccommission_group%2Ccolour%2Ccustom_1%2Calternate_image%2Cmerchant_product_category_path%2Cmerchant_product_second_category%2Cmerchant_product_third_category%2Cstock_status%2Cproduct_GTIN/"
"61197","Stattics","GB","Not Joined","Awin","90135","Default","English","","2026-06-11 20:09:10","2026-06-13 16:01:30","305","https://productdata.awin.com/datafeed/download/apikey/fa0ea60ea5f17aca3a0224f06ab4d131/fid/90135/format/csv/language/en/delimiter/%2C/compression/gzip/adultcontent/1/columns/data_feed_id%2Cmerchant_id%2Cmerchant_name%2Caw_product_id%2Caw_deep_link%2Caw_image_url%2Caw_thumb_url%2Ccategory_id%2Ccategory_name%2Cbrand_id%2Cbrand_name%2Cmerchant_product_id%2Cmerchant_category%2Cmpn%2Cproduct_name%2Cdescription%2Cmerchant_deep_link%2Cmerchant_image_url%2Cdelivery_time%2Csearch_price%2Cdelivery_cost%2Ccolour%2Cmerchant_product_third_category%2Cproduct_GTIN/"
"66486","BlazeVideo FR","FR","Not Joined","Awin","90374","BlazeVideo France BFMTV","French","","2026-05-15 15:19:03","2026-06-13 14:01:24","1","https://productdata.awin.com/datafeed/download/apikey/fa0ea60ea5f17aca3a0224f06ab4d131/fid/90374/format/csv/language/fr/delimiter/%2C/compression/gzip/columns/aw_deep_link%2Cproduct_name%2Caw_product_id%2Cmerchant_product_id%2Cmerchant_image_url%2Cdescription%2Cmerchant_category%2Csearch_price%2Cmerchant_name%2Cmerchant_id%2Ccategory_name%2Ccategory_id%2Caw_image_url%2Ccurrency%2Cstore_price%2Cdelivery_cost%2Cmerchant_deep_link%2Clanguage%2Clast_updated%2Cbrand_name%2Cbrand_id%2Ccolour%2Cproduct_short_description%2Cspecifications%2Ccondition%2Cproduct_model%2Cmodel_number%2Cdimensions%2Ckeywords%2Cpromotional_text%2Cproduct_type%2Ccommission_group%2Cmerchant_product_category_path%2Cmerchant_product_second_category%2Cmerchant_product_third_category%2Crrp_price%2Csaving%2Csavings_percent%2Cbase_price%2Cbase_price_amount%2Cbase_price_text%2Cproduct_price_old%2Cdelivery_restrictions%2Cdelivery_weight%2Cwarranty%2Cterms_of_contract%2Cdelivery_time%2Cin_stock%2Cstock_quantity%2Cvalid_from%2Cvalid_to%2Cis_for_sale%2Cweb_offer%2Cpre_order%2Cstock_status%2Csize_stock_status%2Csize_stock_amount%2Cmerchant_thumb_url%2Clarge_image%2Calternate_image%2Caw_thumb_url%2Calternate_image_two%2Calternate_image_three%2Calternate_image_four%2Creviews%2Caverage_rating%2Crating%2Cnumber_available%2Ccustom_1%2Ccustom_2%2Ccustom_3%2Ccustom_4%2Ccustom_5%2Ccustom_6%2Ccustom_7%2Ccustom_8%2Ccustom_9%2Cean%2Cisbn%2Cupc%2Cmpn%2Cparent_product_id%2Cproduct_GTIN%2Cbasket_link/"
"72059","Just Pleasure","NL","Not Joined","Awin","90906","Standaard NL","Dutch","","2026-06-12 20:02:42","2026-06-13 12:09:11","6401","https://productdata.awin.com/datafeed/download/apikey/fa0ea60ea5f17aca3a0224f06ab4d131/fid/90906/format/csv/language/nl/delimiter/%2C/compression/gzip/columns/data_feed_id%2Cmerchant_id%2Cmerchant_name%2Caw_product_id%2Caw_deep_link%2Caw_image_url%2Caw_thumb_url%2Ccategory_id%2Ccategory_name%2Cbrand_id%2Cbrand_name%2Cmerchant_product_id%2Cmerchant_category%2Cean%2Cmpn%2Cmodel_number%2Cproduct_name%2Cdescription%2Cspecifications%2Clanguage%2Cmerchant_deep_link%2Cmerchant_image_url%2Cdelivery_time%2Ccurrency%2Csearch_price%2Cstore_price%2Cdelivery_cost%2Cin_stock%2Cstock_quantity%2Ccondition%2Cparent_product_id%2Ccolour%2Ckeywords%2Calternate_image%2Cproduct_short_description%2Cmerchant_product_category_path%2Cmerchant_product_second_category%2Cproduct_price_old%2Calternate_image_two/"
"72763","Apex S1 affiliates","US","Not Joined","Awin","91009","RDR Sports AWIN  Data Feed","English","","2026-05-15 15:19:58","2024-01-31 05:01:04","8","https://productdata.awin.com/datafeed/download/apikey/fa0ea60ea5f17aca3a0224f06ab4d131/fid/91009/format/csv/language/en/delimiter/%2C/compression/gzip/adultcontent/1/columns/data_feed_id%2Cmerchant_id%2Cmerchant_name%2Caw_product_id%2Caw_deep_link%2Caw_image_url%2Caw_thumb_url%2Ccategory_id%2Ccategory_name%2Cbrand_id%2Cbrand_name%2Cmerchant_product_id%2Cmerchant_category%2Cean%2Cmpn%2Cproduct_name%2Cdescription%2Cmerchant_deep_link%2Cmerchant_image_url%2Cdelivery_time%2Csearch_price%2Cdelivery_cost%2Cproduct_type%2Ccolour%2Ccustom_1%2Csize_stock_amount/"
"73265","Gains Nutrition","GB","Not Joined","Awin","91012","Default","English","","2026-05-15 15:19:59","2026-06-13 04:01:21","131","https://productdata.awin.com/datafeed/download/apikey/fa0ea60ea5f17aca3a0224f06ab4d131/fid/91012/format/csv/language/en/delimiter/%2C/compression/gzip/adultcontent/1/columns/data_feed_id%2Cmerchant_id%2Cmerchant_name%2Caw_product_id%2Caw_deep_link%2Caw_image_url%2Caw_thumb_url%2Ccategory_id%2Ccategory_name%2Cbrand_id%2Cbrand_name%2Cmerchant_product_id%2Cmerchant_category%2Cproduct_name%2Cdescription%2Cmerchant_deep_link%2Cmerchant_image_url%2Csearch_price/"
"18456","babista.ch","CH","Not Joined","Awin","91081","Babista Channable CH DE","German","Fashion","2026-06-13 07:03:40","2026-06-13 14:07:23","17338","https://productdata.awin.com/datafeed/download/apikey/fa0ea60ea5f17aca3a0224f06ab4d131/fid/91081/format/csv/language/de/delimiter/%2C/compression/gzip/columns/data_feed_id%2Cmerchant_id%2Cmerchant_name%2Caw_product_id%2Caw_deep_link%2Caw_image_url%2Caw_thumb_url%2Ccategory_id%2Ccategory_name%2Cbrand_id%2Cbrand_name%2Cmerchant_product_id%2Cmerchant_category%2Cean%2Cmpn%2Cisbn%2Cmodel_number%2Cproduct_name%2Cdescription%2Cspecifications%2Clanguage%2Cmerchant_deep_link%2Cmerchant_thumb_url%2Cmerchant_image_url%2Cdelivery_time%2Cvalid_from%2Cvalid_to%2Ccurrency%2Csearch_price%2Cstore_price%2Cdelivery_cost%2Cweb_offer%2Cpre_order%2Cin_stock%2Cstock_quantity%2Cwarranty%2Ccondition%2Cparent_product_id%2Ccommission_group%2Clast_updated%2Cdimensions%2Ccolour%2Ckeywords%2Ccustom_1%2Ccustom_2%2Csaving%2CFashion%3Asuitable_for%2CFashion%3Asize%2CFashion%3Amaterial%2CFashion%3Apattern%2CFashion%3Aswatch%2Crating%2Calternate_image%2Clarge_image%2Cbasket_link%2Cproduct_short_description%2Cmerchant_product_category_path%2Cmerchant_product_second_category%2Cmerchant_product_third_category%2Csavings_percent%2Cproduct_price_old%2Calternate_image_two%2Calternate_image_three%2Calternate_image_four/"
"72395","Kadax PL","PL","Not Joined","Awin","91244","Kadax_AWIN","English","","2026-06-13 01:02:22","2026-06-13 01:01:58","18524","https://productdata.awin.com/datafeed/download/apikey/fa0ea60ea5f17aca3a0224f06ab4d131/fid/91244/format/csv/language/en/delimiter/%2C/compression/gzip/columns/data_feed_id%2Cmerchant_id%2Cmerchant_name%2Caw_product_id%2Caw_deep_link%2Caw_image_url%2Caw_thumb_url%2Ccategory_id%2Ccategory_name%2Cbrand_id%2Cbrand_name%2Cmerchant_product_id%2Cmerchant_category%2Cproduct_name%2Cdescription%2Cmerchant_deep_link%2Cmerchant_image_url%2Csearch_price/"
"47173","Natures Way DE","DE","Not Joined","Awin","91377","Default","German","Group Buying","2026-06-11 08:01:56","2026-06-13 14:01:59","26","https://productdata.awin.com/datafeed/download/apikey/fa0ea60ea5f17aca3a0224f06ab4d131/fid/91377/format/csv/language/de/delimiter/%2C/compression/gzip/columns/data_feed_id%2Cmerchant_id%2Cmerchant_name%2Caw_product_id%2Caw_deep_link%2Caw_image_url%2Caw_thumb_url%2Ccategory_id%2Ccategory_name%2Cbrand_id%2Cbrand_name%2Cmerchant_product_id%2Cmerchant_category%2Cean%2Cmpn%2Cproduct_name%2Cdescription%2Cmerchant_deep_link%2Cmerchant_image_url%2Cdelivery_time%2Csearch_price%2Cdelivery_cost%2Cproduct_type%2Cproduct_price_old/"
"50725","We are Nutrified","GB","Not Joined","Awin","91538","WAN Supplements","English","","2026-05-15 15:20:51","2024-02-14 09:47:34","12","https://productdata.awin.com/datafeed/download/apikey/fa0ea60ea5f17aca3a0224f06ab4d131/fid/91538/format/csv/language/en/delimiter/%2C/compression/gzip/adultcontent/1/columns/data_feed_id%2Cmerchant_id%2Cmerchant_name%2Caw_product_id%2Caw_deep_link%2Caw_image_url%2Caw_thumb_url%2Ccategory_id%2Ccategory_name%2Cbrand_id%2Cbrand_name%2Cmerchant_product_id%2Cmerchant_category%2Cproduct_name%2Cdescription%2Cmerchant_deep_link%2Csearch_price%2Clarge_image/"
"72887","Reakiro CBD DE","DE","Not Joined","Awin","91543","Awin","English","","2026-05-15 15:20:52","2025-10-05 12:01:34","52","https://productdata.awin.com/datafeed/download/apikey/fa0ea60ea5f17aca3a0224f06ab4d131/fid/91543/format/csv/language/en/delimiter/%2C/compression/gzip/columns/data_feed_id%2Cmerchant_id%2Cmerchant_name%2Caw_product_id%2Caw_deep_link%2Caw_image_url%2Caw_thumb_url%2Ccategory_id%2Ccategory_name%2Cbrand_id%2Cbrand_name%2Cmerchant_product_id%2Cmerchant_category%2Cmpn%2Cproduct_name%2Cdescription%2Cmerchant_deep_link%2Cmerchant_image_url%2Cdelivery_time%2Csearch_price%2Cdelivery_cost%2Ccolour%2Ckeywords%2Ccustom_1%2Cproduct_short_description/"
"50725","We are Nutrified","GB","Not Joined","Awin","91554","Default","English","","2026-05-15 15:20:54","","10","https://productdata.awin.com/datafeed/download/apikey/fa0ea60ea5f17aca3a0224f06ab4d131/fid/91554/format/csv/language/en/delimiter/%2C/compression/gzip/adultcontent/1/columns/data_feed_id%2Cmerchant_id%2Cmerchant_name%2Caw_product_id%2Caw_deep_link%2Caw_image_url%2Caw_thumb_url%2Ccategory_id%2Ccategory_name%2Cbrand_id%2Cbrand_name%2Cmerchant_product_id%2Cmerchant_category%2Cproduct_name%2Cdescription%2Cmerchant_deep_link%2Csearch_price%2Clarge_image/"
"75108","New Marine IT","IT","Not Joined","Awin","91555","Feed Awin IT","Italian","Fashion","2026-06-13 00:04:38","2026-06-13 00:04:31","999","https://productdata.awin.com/datafeed/download/apikey/fa0ea60ea5f17aca3a0224f06ab4d131/fid/91555/format/csv/language/it/delimiter/%2C/compression/gzip/columns/aw_deep_link%2Cproduct_name%2Caw_product_id%2Cmerchant_product_id%2Cmerchant_image_url%2Cdescription%2Cmerchant_category%2Csearch_price%2Cmerchant_name%2Cmerchant_id%2Ccategory_name%2Ccategory_id%2Caw_image_url%2Ccurrency%2Cstore_price%2Cdelivery_cost%2Cmerchant_deep_link%2Clanguage%2Clast_updated%2Cbrand_name%2Cbrand_id%2Ccolour%2Cproduct_short_description%2Cspecifications%2Ccondition%2Cproduct_model%2Cmodel_number%2Cdimensions%2Ckeywords%2Cpromotional_text%2Cproduct_type%2Ccommission_group%2Cmerchant_product_category_path%2Cmerchant_product_second_category%2Cmerchant_product_third_category%2Crrp_price%2Csaving%2Csavings_percent%2Cbase_price%2Cbase_price_amount%2Cbase_price_text%2Cproduct_price_old%2Cdelivery_restrictions%2Cdelivery_weight%2Cwarranty%2Cterms_of_contract%2Cdelivery_time%2Cin_stock%2Cstock_quantity%2Cvalid_from%2Cvalid_to%2Cis_for_sale%2Cweb_offer%2Cpre_order%2Cstock_status%2Csize_stock_status%2Csize_stock_amount%2Cmerchant_thumb_url%2Clarge_image%2Calternate_image%2Caw_thumb_url%2Calternate_image_two%2Calternate_image_three%2Calternate_image_four%2Creviews%2Caverage_rating%2Crating%2Cnumber_available%2Ccustom_1%2Ccustom_2%2Ccustom_3%2Ccustom_4%2Ccustom_5%2Ccustom_6%2Ccustom_7%2Ccustom_8%2Ccustom_9%2Cean%2Cisbn%2Cupc%2Cmpn%2Cparent_product_id%2Cproduct_GTIN%2Cbasket_link%2CFashion%3Acategory%2CFashion%3Amaterial%2CFashion%3Apattern%2CFashion%3Asize%2CFashion%3Asuitable_for%2CFashion%3Aswatch/"
"72391","Dream Interiors","GB","Not Joined","Awin","91577","Mulwi feed","English","","2026-06-05 15:02:10","2026-06-13 15:01:51","563","https://productdata.awin.com/datafeed/download/apikey/fa0ea60ea5f17aca3a0224f06ab4d131/fid/91577/format/csv/language/en/delimiter/%2C/compression/gzip/adultcontent/1/columns/data_feed_id%2Cmerchant_id%2Cmerchant_name%2Caw_product_id%2Caw_deep_link%2Caw_image_url%2Caw_thumb_url%2Ccategory_id%2Ccategory_name%2Cbrand_id%2Cbrand_name%2Cmerchant_product_id%2Cmerchant_category%2Cean%2Cmpn%2Cproduct_name%2Cdescription%2Cmerchant_deep_link%2Cmerchant_image_url%2Cdelivery_time%2Csearch_price%2Cdelivery_cost%2Cproduct_type%2Ccolour/"
"73924","AlphaBiolabs US","US","Not Joined","Awin","91701","Default","English","","2026-05-15 15:21:06","","16","https://productdata.awin.com/datafeed/download/apikey/fa0ea60ea5f17aca3a0224f06ab4d131/fid/91701/format/csv/language/en/delimiter/%2C/compression/gzip/adultcontent/1/columns/data_feed_id%2Cmerchant_id%2Cmerchant_name%2Caw_product_id%2Caw_deep_link%2Caw_image_url%2Caw_thumb_url%2Ccategory_id%2Ccategory_name%2Cbrand_id%2Cbrand_name%2Cmerchant_product_id%2Cmerchant_category%2Cproduct_name%2Cmerchant_deep_link%2Cmerchant_image_url%2Csearch_price/"
"37292","Gardenista","GB","Not Joined","Awin","91771","GARDENISTA Product Feed","English","","2026-05-15 15:21:40","","1741","https://productdata.awin.com/datafeed/download/apikey/fa0ea60ea5f17aca3a0224f06ab4d131/fid/91771/format/csv/language/en/delimiter/%2C/compression/gzip/adultcontent/1/columns/data_feed_id%2Cmerchant_id%2Cmerchant_name%2Caw_product_id%2Caw_deep_link%2Caw_image_url%2Caw_thumb_url%2Ccategory_id%2Ccategory_name%2Cbrand_id%2Cbrand_name%2Cmerchant_product_id%2Cmerchant_category%2Cupc%2Cean%2Cmpn%2Cisbn%2Cmodel_number%2Cproduct_name%2Cdescription%2Cspecifications%2Cpromotional_text%2Clanguage%2Cmerchant_deep_link%2Cmerchant_image_url%2Cdelivery_time%2Cvalid_from%2Cvalid_to%2Ccurrency%2Csearch_price%2Cstore_price%2Crrp_price%2Cdelivery_cost%2Cweb_offer%2Cpre_order%2Cin_stock%2Cstock_quantity%2Cis_for_sale%2Cwarranty%2Ccondition%2Cproduct_type%2Cparent_product_id%2Ccommission_group%2Clast_updated%2Cdimensions%2Ccolour%2Ckeywords%2Csaving%2Cdelivery_weight%2Cdelivery_restrictions%2Creviews%2Caverage_rating%2Cnumber_available%2Crating%2Calternate_image%2Clarge_image%2Cbasket_link%2Cproduct_short_description%2Cproduct_model%2Cmerchant_product_category_path%2Cmerchant_product_second_category%2Cmerchant_product_third_category%2Csavings_percent%2Cbase_price%2Cbase_price_amount%2Cbase_price_text%2Cproduct_price_old%2Cterms_of_contract%2Cstock_status%2Csize_stock_status%2Csize_stock_amount%2Calternate_image_two%2Calternate_image_three%2Cproduct_GTIN%2Calternate_image_four/"
"71217","Cottsbury","GB","Not Joined","Awin","91947","Awin Feed","English","","2026-06-12 23:01:43","2026-06-13 17:02:33","521","https://productdata.awin.com/datafeed/download/apikey/fa0ea60ea5f17aca3a0224f06ab4d131/fid/91947/format/csv/language/en/delimiter/%2C/compression/gzip/adultcontent/1/columns/data_feed_id%2Cmerchant_id%2Cmerchant_name%2Caw_product_id%2Caw_deep_link%2Caw_image_url%2Caw_thumb_url%2Ccategory_id%2Ccategory_name%2Cbrand_id%2Cbrand_name%2Cmerchant_product_id%2Cmerchant_category%2Cean%2Cmpn%2Cproduct_name%2Cdescription%2Cmerchant_deep_link%2Cmerchant_image_url%2Cdelivery_time%2Csearch_price%2Cdelivery_cost%2Cproduct_type%2Ccolour%2Csize_stock_amount/"
"74768","T.LUXY","GB","Not Joined","Awin","91998","Predefinito","English","Fashion","2026-05-15 15:22:24","2025-02-23 05:01:24","2498","https://productdata.awin.com/datafeed/download/apikey/fa0ea60ea5f17aca3a0224f06ab4d131/fid/91998/format/csv/language/en/delimiter/%2C/compression/gzip/adultcontent/1/columns/data_feed_id%2Cmerchant_id%2Cmerchant_name%2Caw_product_id%2Caw_deep_link%2Caw_image_url%2Caw_thumb_url%2Ccategory_id%2Ccategory_name%2Cbrand_id%2Cbrand_name%2Cmerchant_product_id%2Cmerchant_category%2Cean%2Cmpn%2Cproduct_name%2Cdescription%2Cmerchant_deep_link%2Cmerchant_image_url%2Ccurrency%2Csearch_price%2Cstock_quantity%2Ccolour%2Ccustom_1%2Ccustom_2%2Ccustom_3%2CFashion%3Asize%2Cmerchant_product_second_category/"
"23468","Fußmatten-Welt DE","DE","Not Joined","Awin","92190","Default","English","","2026-06-12 22:03:05","2026-06-13 16:03:02","72974","https://productdata.awin.com/datafeed/download/apikey/fa0ea60ea5f17aca3a0224f06ab4d131/fid/92190/format/csv/language/en/delimiter/%2C/compression/gzip/columns/data_feed_id%2Cmerchant_id%2Cmerchant_name%2Caw_product_id%2Caw_deep_link%2Caw_image_url%2Caw_thumb_url%2Ccategory_id%2Ccategory_name%2Cbrand_id%2Cbrand_name%2Cmerchant_product_id%2Cmerchant_category%2Cean%2Cmpn%2Cproduct_name%2Cdescription%2Cmerchant_deep_link%2Cmerchant_image_url%2Cdelivery_time%2Csearch_price%2Cdelivery_cost%2Cproduct_type%2Ccolour/"
"77278","SOLO-Kleinmotoren DE","DE","Not Joined","Awin","92202","awin Produktfeed","German","","2026-06-13 10:02:44","2026-06-13 14:20:46","108","https://productdata.awin.com/datafeed/download/apikey/fa0ea60ea5f17aca3a0224f06ab4d131/fid/92202/format/csv/language/de/delimiter/%2C/compression/gzip/columns/data_feed_id%2Cmerchant_id%2Cmerchant_name%2Caw_product_id%2Caw_deep_link%2Caw_image_url%2Caw_thumb_url%2Ccategory_id%2Ccategory_name%2Cbrand_id%2Cbrand_name%2Cmerchant_product_id%2Cmerchant_category%2Cean%2Cmodel_number%2Cproduct_name%2Cdescription%2Cmerchant_deep_link%2Cmerchant_image_url%2Cdelivery_time%2Csearch_price%2Cin_stock%2Cproduct_price_old/"
"22158","Matten Welt DE","DE","Not Joined","Awin","92237","Default","English","","2026-06-12 06:31:56","2026-06-13 10:03:36","90111","https://productdata.awin.com/datafeed/download/apikey/fa0ea60ea5f17aca3a0224f06ab4d131/fid/92237/format/csv/language/en/delimiter/%2C/compression/gzip/columns/data_feed_id%2Cmerchant_id%2Cmerchant_name%2Caw_product_id%2Caw_deep_link%2Caw_image_url%2Caw_thumb_url%2Ccategory_id%2Ccategory_name%2Cbrand_id%2Cbrand_name%2Cmerchant_product_id%2Cmerchant_category%2Cean%2Cmpn%2Cproduct_name%2Cdescription%2Cmerchant_deep_link%2Cmerchant_image_url%2Cdelivery_time%2Csearch_price%2Cdelivery_cost%2Cproduct_type%2Ccolour/"
"23275","Ecosusi Fashion (US)","US","Not Joined","Awin","92270","2025 ECOSUSI All Product","English","","2026-05-15 15:23:26","","68","https://productdata.awin.com/datafeed/download/apikey/fa0ea60ea5f17aca3a0224f06ab4d131/fid/92270/format/csv/language/en/delimiter/%2C/compression/gzip/adultcontent/1/columns/data_feed_id%2Cmerchant_id%2Cmerchant_name%2Caw_product_id%2Caw_deep_link%2Caw_image_url%2Caw_thumb_url%2Ccategory_id%2Ccategory_name%2Cbrand_id%2Cbrand_name%2Cmerchant_product_id%2Cmpn%2Cproduct_name%2Cdescription%2Cmerchant_deep_link%2Cmerchant_image_url%2Csearch_price%2Cstock_quantity%2Ccolour/"
"46851","Geepas Partner Program","GB","Not Joined","Awin","92363","AwinTest","English","","2026-06-13 15:19:58","2026-06-13 15:19:52","642","https://productdata.awin.com/datafeed/download/apikey/fa0ea60ea5f17aca3a0224f06ab4d131/fid/92363/format/csv/language/en/delimiter/%2C/compression/gzip/adultcontent/1/columns/data_feed_id%2Cmerchant_id%2Cmerchant_name%2Caw_product_id%2Caw_deep_link%2Caw_image_url%2Caw_thumb_url%2Ccategory_id%2Ccategory_name%2Cbrand_id%2Cbrand_name%2Cmerchant_product_id%2Cmerchant_category%2Cean%2Cproduct_name%2Cdescription%2Cmerchant_deep_link%2Cmerchant_image_url%2Cdelivery_time%2Csearch_price%2Cdelivery_cost%2Cproduct_type%2Ccolour%2Csize_stock_amount%2Cproduct_GTIN/"
"77356","Svensson","NL","Not Joined","Awin","92423","Svensson NL","Dutch","","2026-05-15 15:23:34","","181","https://productdata.awin.com/datafeed/download/apikey/fa0ea60ea5f17aca3a0224f06ab4d131/fid/92423/format/csv/language/nl/delimiter/%2C/compression/gzip/columns/data_feed_id%2Cmerchant_id%2Cmerchant_name%2Caw_product_id%2Caw_deep_link%2Caw_image_url%2Caw_thumb_url%2Ccategory_id%2Ccategory_name%2Cbrand_id%2Cbrand_name%2Cmerchant_product_id%2Cmerchant_category%2Cproduct_name%2Cdescription%2Cmerchant_deep_link%2Cmerchant_image_url%2Csearch_price%2Cmerchant_product_category_path/"
"24617","Raw Beauty Lab","GB","Not Joined","Awin","92464","Awin feed","English","","2026-06-13 07:24:27","2026-06-13 14:07:51","4","https://productdata.awin.com/datafeed/download/apikey/fa0ea60ea5f17aca3a0224f06ab4d131/fid/92464/format/csv/language/en/delimiter/%2C/compression/gzip/adultcontent/1/columns/data_feed_id%2Cmerchant_id%2Cmerchant_name%2Caw_product_id%2Caw_deep_link%2Caw_image_url%2Caw_thumb_url%2Ccategory_id%2Ccategory_name%2Cbrand_id%2Cbrand_name%2Cmerchant_product_id%2Cmerchant_category%2Cmpn%2Cproduct_name%2Cdescription%2Cmerchant_deep_link%2Cmerchant_image_url%2Cdelivery_time%2Csearch_price%2Cdelivery_cost%2Cproduct_type%2Ccolour/"
"78380","WATCH & WATCH","GB","Not Joined","Awin","92744","AWIN WW","English","","2026-06-13 14:16:13","2026-06-13 14:16:08","1128","https://productdata.awin.com/datafeed/download/apikey/fa0ea60ea5f17aca3a0224f06ab4d131/fid/92744/format/csv/language/en/delimiter/%2C/compression/gzip/adultcontent/1/columns/aw_deep_link%2Cproduct_name%2Caw_product_id%2Cmerchant_product_id%2Cmerchant_image_url%2Cdescription%2Cmerchant_category%2Csearch_price%2Cmerchant_name%2Cmerchant_id%2Ccategory_name%2Ccategory_id%2Caw_image_url%2Ccurrency%2Cstore_price%2Cdelivery_cost%2Cmerchant_deep_link%2Clanguage%2Clast_updated%2Cbrand_name%2Cbrand_id%2Ccolour%2Cproduct_short_description%2Cspecifications%2Ccondition%2Cproduct_model%2Cmodel_number%2Cdimensions%2Ckeywords%2Cpromotional_text%2Cproduct_type%2Ccommission_group%2Cmerchant_product_category_path%2Cmerchant_product_second_category%2Cmerchant_product_third_category%2Crrp_price%2Csaving%2Csavings_percent%2Cbase_price%2Cbase_price_amount%2Cbase_price_text%2Cproduct_price_old%2Cdelivery_restrictions%2Cdelivery_weight%2Cwarranty%2Cterms_of_contract%2Cdelivery_time%2Cin_stock%2Cstock_quantity%2Cvalid_from%2Cvalid_to%2Cis_for_sale%2Cweb_offer%2Cpre_order%2Cstock_status%2Csize_stock_status%2Csize_stock_amount%2Cmerchant_thumb_url%2Clarge_image%2Calternate_image%2Caw_thumb_url%2Calternate_image_two%2Calternate_image_three%2Calternate_image_four%2Creviews%2Caverage_rating%2Crating%2Cnumber_available%2Ccustom_1%2Ccustom_2%2Ccustom_3%2Ccustom_4%2Ccustom_5%2Ccustom_6%2Ccustom_7%2Ccustom_8%2Ccustom_9%2Cean%2Cisbn%2Cupc%2Cmpn%2Cparent_product_id%2Cproduct_GTIN%2Cbasket_link/"
"62729","Glamory","DE","Not Joined","Awin","92768","Awin Feed","German","Fashion","2026-05-29 15:19:15","2026-06-13 16:01:55","563","https://productdata.awin.com/datafeed/download/apikey/fa0ea60ea5f17aca3a0224f06ab4d131/fid/92768/format/csv/language/de/delimiter/%2C/compression/gzip/columns/data_feed_id%2Cmerchant_id%2Cmerchant_name%2Caw_product_id%2Caw_deep_link%2Caw_image_url%2Caw_thumb_url%2Ccategory_id%2Ccategory_name%2Cbrand_id%2Cbrand_name%2Cmerchant_product_id%2Cmerchant_category%2Cean%2Cmpn%2Cproduct_name%2Cdescription%2Cmerchant_deep_link%2Cmerchant_image_url%2Cdelivery_time%2Csearch_price%2Crrp_price%2Cdelivery_cost%2Cproduct_type%2Ccolour%2CFashion%3Asize/"
"73047","Aperturee","US","Not Joined","Awin","92775","Aperturee","English","","2026-05-19 15:03:17","2026-06-13 15:02:35","39795","https://productdata.awin.com/datafeed/download/apikey/fa0ea60ea5f17aca3a0224f06ab4d131/fid/92775/format/csv/language/en/delimiter/%2C/compression/gzip/adultcontent/1/columns/data_feed_id%2Cmerchant_id%2Cmerchant_name%2Caw_product_id%2Caw_deep_link%2Caw_image_url%2Caw_thumb_url%2Ccategory_id%2Ccategory_name%2Cbrand_id%2Cbrand_name%2Cmerchant_product_id%2Cmerchant_category%2Cmpn%2Cproduct_name%2Cdescription%2Cmerchant_deep_link%2Cmerchant_image_url%2Csearch_price%2Cin_stock%2Ccondition%2Csize_stock_status%2Cproduct_GTIN/"
"75216","Rainbow Labs","GB","Not Joined","Awin","92854","AwinFeedWoo-M","English","","2026-05-15 15:24:44","2024-05-03 11:01:22","16","https://productdata.awin.com/datafeed/download/apikey/fa0ea60ea5f17aca3a0224f06ab4d131/fid/92854/format/csv/language/en/delimiter/%2C/compression/gzip/adultcontent/1/columns/data_feed_id%2Cmerchant_id%2Cmerchant_name%2Caw_product_id%2Caw_deep_link%2Caw_image_url%2Caw_thumb_url%2Ccategory_id%2Ccategory_name%2Cbrand_id%2Cbrand_name%2Cmerchant_product_id%2Cmerchant_category%2Cproduct_name%2Cdescription%2Cmerchant_deep_link%2Cmerchant_image_url%2Csearch_price/"
"29471","Diamond Smile Italia","IT","Not Joined","Awin","92872","AwinFeeds","Italian","","2026-06-13 12:23:57","2026-06-13 12:23:54","105","https://productdata.awin.com/datafeed/download/apikey/fa0ea60ea5f17aca3a0224f06ab4d131/fid/92872/format/csv/language/it/delimiter/%2C/compression/gzip/columns/data_feed_id%2Cmerchant_id%2Cmerchant_name%2Caw_product_id%2Caw_deep_link%2Caw_image_url%2Caw_thumb_url%2Ccategory_id%2Ccategory_name%2Cbrand_id%2Cbrand_name%2Cmerchant_product_id%2Cmerchant_category%2Cean%2Cmpn%2Cproduct_name%2Cdescription%2Cmerchant_deep_link%2Cmerchant_image_url%2Cdelivery_time%2Csearch_price%2Cdelivery_cost%2Cproduct_type%2Ccolour/"
"28829","Diamond Smile SE","SE","Not Joined","Awin","92875","AwinFeeds","Swedish","","2026-06-13 12:23:58","2026-06-13 12:23:55","63","https://productdata.awin.com/datafeed/download/apikey/fa0ea60ea5f17aca3a0224f06ab4d131/fid/92875/format/csv/language/sv/delimiter/%2C/compression/gzip/columns/data_feed_id%2Cmerchant_id%2Cmerchant_name%2Caw_product_id%2Caw_deep_link%2Caw_image_url%2Caw_thumb_url%2Ccategory_id%2Ccategory_name%2Cbrand_id%2Cbrand_name%2Cmerchant_product_id%2Cmerchant_category%2Cean%2Cmpn%2Cproduct_name%2Cdescription%2Cmerchant_deep_link%2Cmerchant_image_url%2Cdelivery_time%2Csearch_price%2Cdelivery_cost%2Cproduct_type%2Ccolour/"
"28859","Diamond Smile NL","NL","Not Joined","Awin","92876","AwinFeeds","Dutch","","2026-06-13 12:24:01","2026-06-13 12:23:57","58","https://productdata.awin.com/datafeed/download/apikey/fa0ea60ea5f17aca3a0224f06ab4d131/fid/92876/format/csv/language/nl/delimiter/%2C/compression/gzip/columns/data_feed_id%2Cmerchant_id%2Cmerchant_name%2Caw_product_id%2Caw_deep_link%2Caw_image_url%2Caw_thumb_url%2Ccategory_id%2Ccategory_name%2Cbrand_id%2Cbrand_name%2Cmerchant_product_id%2Cmerchant_category%2Cean%2Cmpn%2Cproduct_name%2Cdescription%2Cmerchant_deep_link%2Cmerchant_image_url%2Cdelivery_time%2Csearch_price%2Cdelivery_cost%2Cproduct_type%2Ccolour/"
"72059","Just Pleasure","NL","Not Joined","Awin","92882","Standaard DE","German","","2026-06-12 23:01:57","2026-06-13 12:11:13","5795","https://productdata.awin.com/datafeed/download/apikey/fa0ea60ea5f17aca3a0224f06ab4d131/fid/92882/format/csv/language/de/delimiter/%2C/compression/gzip/columns/data_feed_id%2Cmerchant_id%2Cmerchant_name%2Caw_product_id%2Caw_deep_link%2Caw_image_url%2Caw_thumb_url%2Ccategory_id%2Ccategory_name%2Cbrand_id%2Cbrand_name%2Cmerchant_product_id%2Cmerchant_category%2Cean%2Cproduct_name%2Cdescription%2Cspecifications%2Clanguage%2Cmerchant_deep_link%2Cmerchant_image_url%2Cdelivery_time%2Ccurrency%2Csearch_price%2Cdelivery_cost%2Cin_stock%2Cstock_quantity%2Cparent_product_id%2Ccolour%2Calternate_image%2Cproduct_short_description%2Cmerchant_product_category_path%2Cproduct_price_old%2Calternate_image_two/"
"72059","Just Pleasure","NL","Not Joined","Awin","93083","Standaard JP.COM","English","","2026-06-12 23:02:09","2026-06-13 14:03:42","6430","https://productdata.awin.com/datafeed/download/apikey/fa0ea60ea5f17aca3a0224f06ab4d131/fid/93083/format/csv/language/en/delimiter/%2C/compression/gzip/columns/data_feed_id%2Cmerchant_id%2Cmerchant_name%2Caw_product_id%2Caw_deep_link%2Caw_image_url%2Caw_thumb_url%2Ccategory_id%2Ccategory_name%2Cbrand_id%2Cbrand_name%2Cmerchant_product_id%2Cmerchant_category%2Cean%2Cproduct_name%2Cdescription%2Cspecifications%2Clanguage%2Cmerchant_deep_link%2Cmerchant_image_url%2Ccurrency%2Csearch_price%2Cin_stock%2Cstock_quantity%2Cparent_product_id%2Ccolour%2Calternate_image%2Cproduct_short_description%2Cmerchant_product_category_path%2Cproduct_price_old%2Calternate_image_two/"
"78850","TantalyDE","DE","Not Joined","Awin","93220","TantalyDE 20250108","German","","2026-05-15 15:25:54","","72","https://productdata.awin.com/datafeed/download/apikey/fa0ea60ea5f17aca3a0224f06ab4d131/fid/93220/format/csv/language/de/delimiter/%2C/compression/gzip/columns/data_feed_id%2Cmerchant_id%2Cmerchant_name%2Caw_product_id%2Caw_deep_link%2Caw_image_url%2Caw_thumb_url%2Ccategory_id%2Ccategory_name%2Cbrand_id%2Cbrand_name%2Cmerchant_product_id%2Cproduct_name%2Cdescription%2Cmerchant_deep_link%2Cmerchant_image_url%2Ccurrency%2Csearch_price%2Ccolour%2Cmerchant_product_category_path%2Cproduct_price_old/"
"80242","SA Aligners","US","Not Joined","Awin","93241","Manual Data Feed","English","","2026-05-15 15:25:58","","11","https://productdata.awin.com/datafeed/download/apikey/fa0ea60ea5f17aca3a0224f06ab4d131/fid/93241/format/csv/language/en/delimiter/%2C/compression/gzip/adultcontent/1/columns/data_feed_id%2Cmerchant_id%2Cmerchant_name%2Caw_product_id%2Caw_deep_link%2Caw_image_url%2Caw_thumb_url%2Ccategory_id%2Ccategory_name%2Cbrand_id%2Cbrand_name%2Cmerchant_product_id%2Cmerchant_category%2Cproduct_name%2Cdescription%2Cmerchant_deep_link%2Cmerchant_image_url%2Csearch_price%2Cproduct_type/"
"20856","Flowers & Plants Co.","GB","Not Joined","Awin","93311","Main Product Feed","English","","2026-05-18 09:01:54","2026-06-13 09:01:19","160","https://productdata.awin.com/datafeed/download/apikey/fa0ea60ea5f17aca3a0224f06ab4d131/fid/93311/format/csv/language/en/delimiter/%2C/compression/gzip/adultcontent/1/columns/data_feed_id%2Cmerchant_id%2Cmerchant_name%2Caw_product_id%2Caw_deep_link%2Caw_image_url%2Caw_thumb_url%2Ccategory_id%2Ccategory_name%2Cbrand_id%2Cbrand_name%2Cmerchant_product_id%2Cmerchant_category%2Cproduct_name%2Cdescription%2Cmerchant_deep_link%2Cdelivery_time%2Csearch_price%2Cdelivery_cost%2Clarge_image/"
"77658","Mvolo","NL","Not Joined","Awin","93680","feediyo","Dutch","ShoppingNL","2026-06-13 16:01:48","2026-06-13 16:01:44","30","https://productdata.awin.com/datafeed/download/apikey/fa0ea60ea5f17aca3a0224f06ab4d131/fid/93680/format/csv/language/nl/delimiter/%2C/compression/gzip/columns/aw_deep_link%2Cproduct_name%2Caw_product_id%2Cmerchant_product_id%2Cmerchant_image_url%2Cdescription%2Cmerchant_category%2Csearch_price%2Cmerchant_name%2Cmerchant_id%2Ccategory_name%2Ccategory_id%2Caw_image_url%2Ccurrency%2Cstore_price%2Cdelivery_cost%2Cmerchant_deep_link%2Clanguage%2Clast_updated%2Cbrand_name%2Cbrand_id%2Ccolour%2Cproduct_short_description%2Cspecifications%2Ccondition%2Cproduct_model%2Cmodel_number%2Cdimensions%2Ckeywords%2Cpromotional_text%2Cproduct_type%2Ccommission_group%2Cmerchant_product_category_path%2Cmerchant_product_second_category%2Cmerchant_product_third_category%2Crrp_price%2Csaving%2Csavings_percent%2Cbase_price%2Cbase_price_amount%2Cbase_price_text%2Cproduct_price_old%2Cdelivery_restrictions%2Cdelivery_weight%2Cwarranty%2Cterms_of_contract%2Cdelivery_time%2Cin_stock%2Cstock_quantity%2Cvalid_from%2Cvalid_to%2Cis_for_sale%2Cweb_offer%2Cpre_order%2Cstock_status%2Csize_stock_status%2Csize_stock_amount%2Cmerchant_thumb_url%2Clarge_image%2Calternate_image%2Caw_thumb_url%2Calternate_image_two%2Calternate_image_three%2Calternate_image_four%2Creviews%2Caverage_rating%2Crating%2Cnumber_available%2Ccustom_1%2Ccustom_2%2Ccustom_3%2Ccustom_4%2Ccustom_5%2Ccustom_6%2Ccustom_7%2Ccustom_8%2Ccustom_9%2Cean%2Cisbn%2Cupc%2Cmpn%2Cparent_product_id%2Cproduct_GTIN%2Cbasket_link%2CShoppingNL%3Aenergy_label%2CShoppingNL%3Aenergy_label_link%2CShoppingNL%3Aenergy_label_logo%2CShoppingNL%3Agoogle_taxonomy%2CShoppingNL%3Amaterial%2CShoppingNL%3Apattern%2CShoppingNL%3Asize/"
"43615","Medicross-Labs DE","DE","Not Joined","Awin","93900","Produkte","English","","2026-05-15 15:57:02","2025-05-18 00:01:12","7","https://productdata.awin.com/datafeed/download/apikey/fa0ea60ea5f17aca3a0224f06ab4d131/fid/93900/format/csv/language/en/delimiter/%2C/compression/gzip/columns/data_feed_id%2Cmerchant_id%2Cmerchant_name%2Caw_product_id%2Caw_deep_link%2Caw_image_url%2Caw_thumb_url%2Ccategory_id%2Ccategory_name%2Cbrand_id%2Cbrand_name%2Cmerchant_product_id%2Cproduct_name%2Cdescription%2Cmerchant_deep_link%2Cmerchant_image_url%2Csearch_price%2Cin_stock%2Ccondition%2Cproduct_type%2Cparent_product_id%2Ccustom_1%2Cmerchant_product_category_path%2Cbase_price%2Cstock_status%2Cproduct_GTIN/"
"83439","Star Wurst Grillschürzen DE","DE","Not Joined","Awin","93970","Feediyo Shopify","German","","2026-06-02 06:01:25","2026-06-09 06:01:20","17","https://productdata.awin.com/datafeed/download/apikey/fa0ea60ea5f17aca3a0224f06ab4d131/fid/93970/format/csv/language/de/delimiter/%2C/compression/gzip/columns/aw_deep_link%2Cproduct_name%2Caw_product_id%2Cmerchant_product_id%2Cmerchant_image_url%2Cdescription%2Cmerchant_category%2Csearch_price%2Cmerchant_name%2Cmerchant_id%2Ccategory_name%2Ccategory_id%2Caw_image_url%2Ccurrency%2Cstore_price%2Cdelivery_cost%2Cmerchant_deep_link%2Clanguage%2Clast_updated%2Cbrand_name%2Cbrand_id%2Ccolour%2Cproduct_short_description%2Cspecifications%2Ccondition%2Cproduct_model%2Cmodel_number%2Cdimensions%2Ckeywords%2Cpromotional_text%2Cproduct_type%2Ccommission_group%2Cmerchant_product_category_path%2Cmerchant_product_second_category%2Cmerchant_product_third_category%2Crrp_price%2Csaving%2Csavings_percent%2Cbase_price%2Cbase_price_amount%2Cbase_price_text%2Cproduct_price_old%2Cdelivery_restrictions%2Cdelivery_weight%2Cwarranty%2Cterms_of_contract%2Cdelivery_time%2Cin_stock%2Cstock_quantity%2Cvalid_from%2Cvalid_to%2Cis_for_sale%2Cweb_offer%2Cpre_order%2Cstock_status%2Csize_stock_status%2Csize_stock_amount%2Cmerchant_thumb_url%2Clarge_image%2Calternate_image%2Caw_thumb_url%2Calternate_image_two%2Calternate_image_three%2Calternate_image_four%2Creviews%2Caverage_rating%2Crating%2Cnumber_available%2Ccustom_1%2Ccustom_2%2Ccustom_3%2Ccustom_4%2Ccustom_5%2Ccustom_6%2Ccustom_7%2Ccustom_8%2Ccustom_9%2Cean%2Cisbn%2Cupc%2Cmpn%2Cparent_product_id%2Cproduct_GTIN%2Cbasket_link/"
"83599","4kidsonly","NL","Not Joined","Awin","94107","Standaard","Dutch","","2026-06-13 07:02:42","2026-06-13 07:02:33","6495","https://productdata.awin.com/datafeed/download/apikey/fa0ea60ea5f17aca3a0224f06ab4d131/fid/94107/format/csv/language/nl/delimiter/%2C/compression/gzip/columns/data_feed_id%2Cmerchant_id%2Cmerchant_name%2Caw_product_id%2Caw_deep_link%2Caw_image_url%2Caw_thumb_url%2Ccategory_id%2Ccategory_name%2Cbrand_id%2Cbrand_name%2Cmerchant_product_id%2Cmerchant_category%2Cean%2Cmpn%2Cisbn%2Cmodel_number%2Cproduct_name%2Cdescription%2Cspecifications%2Clanguage%2Cmerchant_deep_link%2Cmerchant_thumb_url%2Cmerchant_image_url%2Cdelivery_time%2Cvalid_from%2Cvalid_to%2Ccurrency%2Csearch_price%2Cstore_price%2Cdelivery_cost%2Cweb_offer%2Cpre_order%2Cin_stock%2Cstock_quantity%2Cwarranty%2Ccondition%2Cparent_product_id%2Ccommission_group%2Clast_updated%2Cdimensions%2Ccolour%2Ckeywords%2Ccustom_1%2Ccustom_2%2Csaving%2Crating%2Calternate_image%2Clarge_image%2Cbasket_link%2Cproduct_short_description%2Cmerchant_product_category_path%2Cmerchant_product_second_category%2Cmerchant_product_third_category%2Csavings_percent%2Cproduct_price_old%2Calternate_image_two%2Calternate_image_three%2Calternate_image_four/"
"79526","DAME","GB","Not Joined","Awin","94228","All products","English","","2026-06-12 00:01:56","2026-06-13 16:01:22","50","https://productdata.awin.com/datafeed/download/apikey/fa0ea60ea5f17aca3a0224f06ab4d131/fid/94228/format/csv/language/en/delimiter/%2C/compression/gzip/adultcontent/1/columns/data_feed_id%2Cmerchant_id%2Cmerchant_name%2Caw_product_id%2Caw_deep_link%2Caw_image_url%2Caw_thumb_url%2Ccategory_id%2Ccategory_name%2Cbrand_id%2Cbrand_name%2Cmerchant_product_id%2Cmerchant_category%2Cean%2Cmpn%2Cproduct_name%2Cdescription%2Cmerchant_deep_link%2Cmerchant_image_url%2Cdelivery_time%2Csearch_price%2Cdelivery_cost%2Cproduct_type%2Ccolour%2Ccustom_1/"
"69050","AKKO FR","FR","Not Joined","Awin","94349","Default","English","","2026-06-13 12:25:01","2026-06-13 12:24:57","987","https://productdata.awin.com/datafeed/download/apikey/fa0ea60ea5f17aca3a0224f06ab4d131/fid/94349/format/csv/language/en/delimiter/%2C/compression/gzip/columns/data_feed_id%2Cmerchant_id%2Cmerchant_name%2Caw_product_id%2Caw_deep_link%2Caw_image_url%2Caw_thumb_url%2Ccategory_id%2Ccategory_name%2Cbrand_id%2Cbrand_name%2Cmerchant_product_id%2Cmerchant_category%2Cmpn%2Cproduct_name%2Cdescription%2Cmerchant_deep_link%2Cmerchant_image_url%2Cdelivery_time%2Csearch_price%2Cdelivery_cost%2Ccolour%2Cproduct_short_description%2Csize_stock_amount%2Cproduct_GTIN/"
"83279","Happy Days Factory Flowers","GB","Not Joined","Awin","94366","shopify 12june","English","","2026-05-15 15:59:28","2024-06-23 04:01:19","497","https://productdata.awin.com/datafeed/download/apikey/fa0ea60ea5f17aca3a0224f06ab4d131/fid/94366/format/csv/language/en/delimiter/%2C/compression/gzip/adultcontent/1/columns/data_feed_id%2Cmerchant_id%2Cmerchant_name%2Caw_product_id%2Caw_deep_link%2Caw_image_url%2Caw_thumb_url%2Ccategory_id%2Ccategory_name%2Cbrand_id%2Cbrand_name%2Cmerchant_product_id%2Cmerchant_category%2Cmpn%2Cproduct_name%2Cdescription%2Cmerchant_deep_link%2Cmerchant_image_url%2Csearch_price/"
"69178","AKKO UK","GB","Not Joined","Awin","94438","Default","English","","2026-06-13 12:25:02","2026-06-13 12:24:57","987","https://productdata.awin.com/datafeed/download/apikey/fa0ea60ea5f17aca3a0224f06ab4d131/fid/94438/format/csv/language/en/delimiter/%2C/compression/gzip/adultcontent/1/columns/data_feed_id%2Cmerchant_id%2Cmerchant_name%2Caw_product_id%2Caw_deep_link%2Caw_image_url%2Caw_thumb_url%2Ccategory_id%2Ccategory_name%2Cbrand_id%2Cbrand_name%2Cmerchant_product_id%2Cmerchant_category%2Cmpn%2Cmodel_number%2Cproduct_name%2Cdescription%2Cmerchant_deep_link%2Cmerchant_image_url%2Cdelivery_time%2Csearch_price%2Cdelivery_cost%2Ccolour%2Cproduct_short_description%2Csize_stock_status%2Cproduct_GTIN/"
"83423","BioGaia","GB","Not Joined","Awin","94551","Default","English","","2026-05-15 16:00:32","","8","https://productdata.awin.com/datafeed/download/apikey/fa0ea60ea5f17aca3a0224f06ab4d131/fid/94551/format/csv/language/en/delimiter/%2C/compression/gzip/adultcontent/1/columns/data_feed_id%2Cmerchant_id%2Cmerchant_name%2Caw_product_id%2Caw_deep_link%2Caw_image_url%2Caw_thumb_url%2Ccategory_id%2Ccategory_name%2Cbrand_id%2Cbrand_name%2Cmerchant_product_id%2Cmerchant_category%2Cproduct_name%2Cdescription%2Cmerchant_deep_link%2Cmerchant_image_url%2Csearch_price/"
"69032","AKKO IT","IT","Not Joined","Awin","94599","Default","English","","2026-06-13 14:08:01","2026-06-13 14:07:55","986","https://productdata.awin.com/datafeed/download/apikey/fa0ea60ea5f17aca3a0224f06ab4d131/fid/94599/format/csv/language/en/delimiter/%2C/compression/gzip/columns/data_feed_id%2Cmerchant_id%2Cmerchant_name%2Caw_product_id%2Caw_deep_link%2Caw_image_url%2Caw_thumb_url%2Ccategory_id%2Ccategory_name%2Cbrand_id%2Cbrand_name%2Cmerchant_product_id%2Cmerchant_category%2Cean%2Cmpn%2Cproduct_name%2Cdescription%2Cmerchant_deep_link%2Cmerchant_image_url%2Cdelivery_time%2Csearch_price%2Cdelivery_cost%2Cproduct_type%2Ccolour/"
"86283","Sanitair Online NL","NL","Not Joined","Awin","94972","Channable","Dutch","","2026-05-15 16:10:09","2025-09-30 02:01:18","78","https://productdata.awin.com/datafeed/download/apikey/fa0ea60ea5f17aca3a0224f06ab4d131/fid/94972/format/csv/language/nl/delimiter/%2C/compression/gzip/columns/data_feed_id%2Cmerchant_id%2Cmerchant_name%2Caw_product_id%2Caw_deep_link%2Caw_image_url%2Caw_thumb_url%2Ccategory_id%2Ccategory_name%2Cbrand_id%2Cbrand_name%2Cmerchant_product_id%2Cmerchant_category%2Cean%2Cmpn%2Cisbn%2Cmodel_number%2Cproduct_name%2Cdescription%2Cspecifications%2Clanguage%2Cmerchant_deep_link%2Cmerchant_thumb_url%2Cmerchant_image_url%2Cdelivery_time%2Cvalid_from%2Cvalid_to%2Ccurrency%2Csearch_price%2Cstore_price%2Cdelivery_cost%2Cweb_offer%2Cpre_order%2Cin_stock%2Cstock_quantity%2Cwarranty%2Ccondition%2Cparent_product_id%2Ccommission_group%2Clast_updated%2Cdimensions%2Ccolour%2Ckeywords%2Ccustom_1%2Ccustom_2%2Csaving%2Crating%2Calternate_image%2Clarge_image%2Cbasket_link%2Cproduct_short_description%2Cmerchant_product_category_path%2Cmerchant_product_second_category%2Cmerchant_product_third_category%2Csavings_percent%2Cproduct_price_old%2Calternate_image_two%2Calternate_image_three%2Calternate_image_four/"
"86283","Sanitair Online NL","NL","Not Joined","Awin","94973","Channable xml","Dutch","","2026-05-15 16:10:11","2025-09-30 02:01:34","78","https://productdata.awin.com/datafeed/download/apikey/fa0ea60ea5f17aca3a0224f06ab4d131/fid/94973/format/csv/language/nl/delimiter/%2C/compression/gzip/columns/aw_deep_link%2Cproduct_name%2Caw_product_id%2Cmerchant_product_id%2Cmerchant_image_url%2Cdescription%2Cmerchant_category%2Csearch_price%2Cmerchant_name%2Cmerchant_id%2Ccategory_name%2Ccategory_id%2Caw_image_url%2Ccurrency%2Cstore_price%2Cdelivery_cost%2Cmerchant_deep_link%2Clanguage%2Clast_updated%2Cbrand_name%2Cbrand_id%2Ccolour%2Cproduct_short_description%2Cspecifications%2Ccondition%2Cproduct_model%2Cmodel_number%2Cdimensions%2Ckeywords%2Cpromotional_text%2Cproduct_type%2Ccommission_group%2Cmerchant_product_category_path%2Cmerchant_product_second_category%2Cmerchant_product_third_category%2Crrp_price%2Csaving%2Csavings_percent%2Cbase_price%2Cbase_price_amount%2Cbase_price_text%2Cproduct_price_old%2Cdelivery_restrictions%2Cdelivery_weight%2Cwarranty%2Cterms_of_contract%2Cdelivery_time%2Cin_stock%2Cstock_quantity%2Cvalid_from%2Cvalid_to%2Cis_for_sale%2Cweb_offer%2Cpre_order%2Cstock_status%2Csize_stock_status%2Csize_stock_amount%2Cmerchant_thumb_url%2Clarge_image%2Calternate_image%2Caw_thumb_url%2Calternate_image_two%2Calternate_image_three%2Calternate_image_four%2Creviews%2Caverage_rating%2Crating%2Cnumber_available%2Ccustom_1%2Ccustom_2%2Ccustom_3%2Ccustom_4%2Ccustom_5%2Ccustom_6%2Ccustom_7%2Ccustom_8%2Ccustom_9%2Cean%2Cisbn%2Cupc%2Cmpn%2Cparent_product_id%2Cproduct_GTIN%2Cbasket_link/"
"84647","Little Women Lingerie","GB","Not Joined","Awin","95150","LW FP AWIN","English","","2026-06-10 10:03:04","2026-06-10 10:02:58","789","https://productdata.awin.com/datafeed/download/apikey/fa0ea60ea5f17aca3a0224f06ab4d131/fid/95150/format/csv/language/en/delimiter/%2C/compression/gzip/adultcontent/1/columns/data_feed_id%2Cmerchant_id%2Cmerchant_name%2Caw_product_id%2Caw_deep_link%2Caw_image_url%2Caw_thumb_url%2Ccategory_id%2Ccategory_name%2Cbrand_id%2Cbrand_name%2Cmerchant_product_id%2Cmerchant_category%2Cean%2Cmpn%2Cproduct_name%2Cdescription%2Cmerchant_deep_link%2Cmerchant_image_url%2Cdelivery_time%2Csearch_price%2Cdelivery_cost%2Cproduct_type%2Ccolour%2Csize_stock_status/"
"86541","THE MAGPIE DE","DE","Not Joined","Awin","95154","Default","German","","2026-06-13 10:02:14","2026-06-13 10:02:10","325","https://productdata.awin.com/datafeed/download/apikey/fa0ea60ea5f17aca3a0224f06ab4d131/fid/95154/format/csv/language/de/delimiter/%2C/compression/gzip/columns/data_feed_id%2Cmerchant_id%2Cmerchant_name%2Caw_product_id%2Caw_deep_link%2Caw_image_url%2Caw_thumb_url%2Ccategory_id%2Ccategory_name%2Cbrand_id%2Cbrand_name%2Cmerchant_product_id%2Cmerchant_category%2Cean%2Cmpn%2Cproduct_name%2Cdescription%2Cmerchant_deep_link%2Cmerchant_image_url%2Csearch_price%2Cproduct_type/"
"87091","ISOQAR Academy","GB","Not Joined","Awin","95245","Default","English","EducationNL","2026-05-15 16:12:46","2024-07-11 11:33:12","332","https://productdata.awin.com/datafeed/download/apikey/fa0ea60ea5f17aca3a0224f06ab4d131/fid/95245/format/csv/language/en/delimiter/%2C/compression/gzip/adultcontent/1/columns/data_feed_id%2Cmerchant_id%2Cmerchant_name%2Caw_product_id%2Caw_deep_link%2Caw_image_url%2Caw_thumb_url%2Ccategory_id%2Ccategory_name%2Cbrand_id%2Cbrand_name%2Cmerchant_product_id%2Cproduct_name%2Cmerchant_deep_link%2Cmerchant_image_url%2Csearch_price/"
"86775","Brian James","IE","Not Joined","Awin","95318","Product Feed - EUR","English","","2026-06-13 07:02:47","2026-06-13 14:07:06","5584","https://productdata.awin.com/datafeed/download/apikey/fa0ea60ea5f17aca3a0224f06ab4d131/fid/95318/format/csv/language/en/delimiter/%2C/compression/gzip/adultcontent/1/columns/data_feed_id%2Cmerchant_id%2Cmerchant_name%2Caw_product_id%2Caw_deep_link%2Caw_image_url%2Caw_thumb_url%2Ccategory_id%2Ccategory_name%2Cbrand_id%2Cbrand_name%2Cmerchant_product_id%2Cmerchant_category%2Cupc%2Cean%2Cmpn%2Cisbn%2Cmodel_number%2Cproduct_name%2Cdescription%2Cpromotional_text%2Cmerchant_deep_link%2Cmerchant_image_url%2Cdelivery_time%2Ccurrency%2Csearch_price%2Crrp_price%2Cdelivery_cost%2Cin_stock%2Cstock_quantity%2Ccondition%2Ccolour%2Csaving%2Calternate_image%2Cbasket_link%2Cproduct_short_description%2Csavings_percent%2Calternate_image_two%2Calternate_image_three%2Cproduct_GTIN%2Calternate_image_four/"
"86775","Brian James","IE","Not Joined","Awin","95347","Brain James Product Feed - GBP","English","","2026-06-13 01:02:03","2026-06-13 14:03:55","5584","https://productdata.awin.com/datafeed/download/apikey/fa0ea60ea5f17aca3a0224f06ab4d131/fid/95347/format/csv/language/en/delimiter/%2C/compression/gzip/adultcontent/1/columns/data_feed_id%2Cmerchant_id%2Cmerchant_name%2Caw_product_id%2Caw_deep_link%2Caw_image_url%2Caw_thumb_url%2Ccategory_id%2Ccategory_name%2Cbrand_id%2Cbrand_name%2Cmerchant_product_id%2Cmerchant_category%2Cupc%2Cean%2Cmpn%2Cisbn%2Cmodel_number%2Cproduct_name%2Cdescription%2Cpromotional_text%2Cmerchant_deep_link%2Cmerchant_image_url%2Cdelivery_time%2Ccurrency%2Csearch_price%2Crrp_price%2Cdelivery_cost%2Cweb_offer%2Cin_stock%2Cstock_quantity%2Ccommission_group%2Ccolour%2Csaving%2Calternate_image%2Clarge_image%2Cbasket_link%2Cproduct_short_description%2Csavings_percent%2Calternate_image_two%2Calternate_image_three%2Cproduct_GTIN%2Calternate_image_four/"
"87253","Schnelltest-Check DE","DE","Not Joined","Awin","95395","awin1","German","","2026-05-15 16:14:37","2026-06-13 16:01:31","11","https://productdata.awin.com/datafeed/download/apikey/fa0ea60ea5f17aca3a0224f06ab4d131/fid/95395/format/csv/language/de/delimiter/%2C/compression/gzip/columns/data_feed_id%2Cmerchant_id%2Cmerchant_name%2Caw_product_id%2Caw_deep_link%2Caw_image_url%2Caw_thumb_url%2Ccategory_id%2Ccategory_name%2Cbrand_id%2Cbrand_name%2Cmerchant_product_id%2Cmerchant_category%2Cean%2Cmpn%2Cproduct_name%2Cdescription%2Cmerchant_deep_link%2Cmerchant_image_url%2Cdelivery_time%2Csearch_price%2Cdelivery_cost%2Cproduct_type%2Ccolour/"
"86627","GreatBeanBags.com","GB","Not Joined","Awin","95417","Default","English","","2026-05-15 16:14:38","2026-06-13 14:01:30","266","https://productdata.awin.com/datafeed/download/apikey/fa0ea60ea5f17aca3a0224f06ab4d131/fid/95417/format/csv/language/en/delimiter/%2C/compression/gzip/adultcontent/1/columns/data_feed_id%2Cmerchant_id%2Cmerchant_name%2Caw_product_id%2Caw_deep_link%2Caw_image_url%2Caw_thumb_url%2Ccategory_id%2Ccategory_name%2Cbrand_id%2Cbrand_name%2Cmerchant_product_id%2Cmerchant_category%2Cproduct_name%2Cdescription%2Cmerchant_deep_link%2Cmerchant_image_url%2Csearch_price%2Ccondition/"
"87569","Amazgifts DE","DE","Not Joined","Awin","95470","DE0720","German","","2026-05-15 16:14:47","","2958","https://productdata.awin.com/datafeed/download/apikey/fa0ea60ea5f17aca3a0224f06ab4d131/fid/95470/format/csv/language/de/delimiter/%2C/compression/gzip/columns/data_feed_id%2Cmerchant_id%2Cmerchant_name%2Caw_product_id%2Caw_deep_link%2Caw_image_url%2Caw_thumb_url%2Ccategory_id%2Ccategory_name%2Cbrand_id%2Cbrand_name%2Cmerchant_product_id%2Cmerchant_category%2Cean%2Cmpn%2Cproduct_name%2Cdescription%2Cmerchant_deep_link%2Cmerchant_image_url%2Cdelivery_time%2Csearch_price%2Cdelivery_cost%2Cproduct_type%2Ccolour/"
"87569","Amazgifts DE","DE","Not Joined","Awin","95497","amazgiftsDE0723","German","","2026-05-15 16:14:48","","2964","https://productdata.awin.com/datafeed/download/apikey/fa0ea60ea5f17aca3a0224f06ab4d131/fid/95497/format/csv/language/de/delimiter/%2C/compression/gzip/columns/data_feed_id%2Cmerchant_id%2Cmerchant_name%2Caw_product_id%2Caw_deep_link%2Caw_image_url%2Caw_thumb_url%2Ccategory_id%2Ccategory_name%2Cbrand_id%2Cbrand_name%2Cmerchant_product_id%2Cmerchant_category%2Cean%2Cmpn%2Cproduct_name%2Cdescription%2Cmerchant_deep_link%2Cmerchant_image_url%2Cdelivery_time%2Csearch_price%2Cdelivery_cost%2Cproduct_type%2Ccolour/"
"34883","MF Traders Limited","GB","Not Joined","Awin","95660","Default","English","","2026-06-13 14:22:26","2026-06-13 14:22:19","660","https://productdata.awin.com/datafeed/download/apikey/fa0ea60ea5f17aca3a0224f06ab4d131/fid/95660/format/csv/language/en/delimiter/%2C/compression/gzip/adultcontent/1/columns/data_feed_id%2Cmerchant_id%2Cmerchant_name%2Caw_product_id%2Caw_deep_link%2Caw_image_url%2Caw_thumb_url%2Ccategory_id%2Ccategory_name%2Cbrand_id%2Cbrand_name%2Cmerchant_product_id%2Cmerchant_category%2Cmpn%2Cmodel_number%2Cproduct_name%2Cdescription%2Cmerchant_deep_link%2Cmerchant_image_url%2Cdelivery_time%2Csearch_price%2Cdelivery_cost%2Ccondition%2Cproduct_type%2Ccolour%2Ccustom_1%2Ccustom_2%2Cstock_status%2Cproduct_GTIN/"
"99483","BOXAH","GB","Not Joined","Awin","95730","BOXAH AWIN FEED","English","","2026-05-15 16:16:01","2024-08-13 04:01:40","172","https://productdata.awin.com/datafeed/download/apikey/fa0ea60ea5f17aca3a0224f06ab4d131/fid/95730/format/csv/language/en/delimiter/%2C/compression/gzip/adultcontent/1/columns/data_feed_id%2Cmerchant_id%2Cmerchant_name%2Caw_product_id%2Caw_deep_link%2Caw_image_url%2Caw_thumb_url%2Ccategory_id%2Ccategory_name%2Cbrand_id%2Cbrand_name%2Cmerchant_product_id%2Cmerchant_category%2Cean%2Cmpn%2Cproduct_name%2Cdescription%2Cmerchant_deep_link%2Cmerchant_image_url%2Cdelivery_time%2Csearch_price%2Cdelivery_cost%2Ccolour/"
"78850","TantalyDE","DE","Not Joined","Awin","95774","TantalyDE 20240805","English","","2026-05-15 16:16:10","","67","https://productdata.awin.com/datafeed/download/apikey/fa0ea60ea5f17aca3a0224f06ab4d131/fid/95774/format/csv/language/en/delimiter/%2C/compression/gzip/columns/data_feed_id%2Cmerchant_id%2Cmerchant_name%2Caw_product_id%2Caw_deep_link%2Caw_image_url%2Caw_thumb_url%2Ccategory_id%2Ccategory_name%2Cbrand_id%2Cbrand_name%2Cmerchant_product_id%2Cproduct_name%2Cdescription%2Cmerchant_deep_link%2Cmerchant_image_url%2Ccurrency%2Csearch_price%2Ccolour%2Cmerchant_product_category_path%2Cproduct_price_old/"
"87341","Luxvinduer Denmark","DK","Not Joined","Awin","95805","Luxvinduer","Danish","","2026-06-10 17:01:21","2026-06-13 17:01:17","22","https://productdata.awin.com/datafeed/download/apikey/fa0ea60ea5f17aca3a0224f06ab4d131/fid/95805/format/csv/language/da/delimiter/%2C/compression/gzip/columns/aw_deep_link%2Cproduct_name%2Caw_product_id%2Cmerchant_product_id%2Cmerchant_image_url%2Cdescription%2Cmerchant_category%2Csearch_price%2Cmerchant_name%2Cmerchant_id%2Ccategory_name%2Ccategory_id%2Caw_image_url%2Ccurrency%2Cstore_price%2Cdelivery_cost%2Cmerchant_deep_link%2Clanguage%2Clast_updated%2Cbrand_name%2Cbrand_id%2Ccolour%2Cproduct_short_description%2Cspecifications%2Ccondition%2Cproduct_model%2Cmodel_number%2Cdimensions%2Ckeywords%2Cpromotional_text%2Cproduct_type%2Ccommission_group%2Cmerchant_product_category_path%2Cmerchant_product_second_category%2Cmerchant_product_third_category%2Crrp_price%2Csaving%2Csavings_percent%2Cbase_price%2Cbase_price_amount%2Cbase_price_text%2Cproduct_price_old%2Cdelivery_restrictions%2Cdelivery_weight%2Cwarranty%2Cterms_of_contract%2Cdelivery_time%2Cin_stock%2Cstock_quantity%2Cvalid_from%2Cvalid_to%2Cis_for_sale%2Cweb_offer%2Cpre_order%2Cstock_status%2Csize_stock_status%2Csize_stock_amount%2Cmerchant_thumb_url%2Clarge_image%2Calternate_image%2Caw_thumb_url%2Calternate_image_two%2Calternate_image_three%2Calternate_image_four%2Creviews%2Caverage_rating%2Crating%2Cnumber_available%2Ccustom_1%2Ccustom_2%2Ccustom_3%2Ccustom_4%2Ccustom_5%2Ccustom_6%2Ccustom_7%2Ccustom_8%2Ccustom_9%2Cean%2Cisbn%2Cupc%2Cmpn%2Cparent_product_id%2Cproduct_GTIN%2Cbasket_link/"
"73818","GERMENS DE","DE","Not Joined","Awin","95838","JTL Shop - Germens - 01","German","","2026-05-15 16:16:29","2026-06-13 10:01:39","1399","https://productdata.awin.com/datafeed/download/apikey/fa0ea60ea5f17aca3a0224f06ab4d131/fid/95838/format/csv/language/de/delimiter/%2C/compression/gzip/columns/data_feed_id%2Cmerchant_id%2Cmerchant_name%2Caw_product_id%2Caw_deep_link%2Caw_image_url%2Caw_thumb_url%2Ccategory_id%2Ccategory_name%2Cbrand_id%2Cbrand_name%2Cmerchant_product_id%2Cproduct_name%2Cdescription%2Cmerchant_deep_link%2Cmerchant_image_url%2Csearch_price/"
"100541","Lucasgift - US","US","Not Joined","Awin","96099","from mulwi","English","","2026-05-15 16:18:34","2024-08-16 18:40:15","15596","https://productdata.awin.com/datafeed/download/apikey/fa0ea60ea5f17aca3a0224f06ab4d131/fid/96099/format/csv/language/en/delimiter/%2C/compression/gzip/adultcontent/1/columns/data_feed_id%2Cmerchant_id%2Cmerchant_name%2Caw_product_id%2Caw_deep_link%2Caw_image_url%2Caw_thumb_url%2Ccategory_id%2Ccategory_name%2Cbrand_id%2Cbrand_name%2Cmerchant_product_id%2Cmerchant_category%2Cproduct_name%2Cdescription%2Cmerchant_deep_link%2Cmerchant_image_url%2Csearch_price%2Cproduct_type/"
"100113","Tantaly UK","GB","Not Joined","Awin","96182","Tantaly UK 20240821","English","","2026-05-15 16:26:17","","68","https://productdata.awin.com/datafeed/download/apikey/fa0ea60ea5f17aca3a0224f06ab4d131/fid/96182/format/csv/language/en/delimiter/%2C/compression/gzip/adultcontent/1/columns/data_feed_id%2Cmerchant_id%2Cmerchant_name%2Caw_product_id%2Caw_deep_link%2Caw_image_url%2Caw_thumb_url%2Ccategory_id%2Ccategory_name%2Cbrand_id%2Cbrand_name%2Cmerchant_product_id%2Cmerchant_category%2Cproduct_name%2Cdescription%2Cmerchant_deep_link%2Cmerchant_image_url%2Ccurrency%2Csearch_price%2Ccolour%2Cproduct_price_old/"
"18456","babista.ch","CH","Not Joined","Awin","96260","Babista CH fr","French","Fashion","2026-06-13 06:04:09","2026-06-13 14:05:15","17338","https://productdata.awin.com/datafeed/download/apikey/fa0ea60ea5f17aca3a0224f06ab4d131/fid/96260/format/csv/language/fr/delimiter/%2C/compression/gzip/columns/data_feed_id%2Cmerchant_id%2Cmerchant_name%2Caw_product_id%2Caw_deep_link%2Caw_image_url%2Caw_thumb_url%2Ccategory_id%2Ccategory_name%2Cbrand_id%2Cbrand_name%2Cmerchant_product_id%2Cmerchant_category%2Cean%2Cmpn%2Cisbn%2Cmodel_number%2Cproduct_name%2Cdescription%2Cspecifications%2Clanguage%2Cmerchant_deep_link%2Cmerchant_thumb_url%2Cmerchant_image_url%2Cdelivery_time%2Cvalid_from%2Cvalid_to%2Ccurrency%2Csearch_price%2Cstore_price%2Cdelivery_cost%2Cweb_offer%2Cpre_order%2Cin_stock%2Cstock_quantity%2Cwarranty%2Ccondition%2Cparent_product_id%2Ccommission_group%2Clast_updated%2Cdimensions%2Ccolour%2Ckeywords%2Ccustom_1%2Ccustom_2%2Csaving%2CFashion%3Asuitable_for%2CFashion%3Asize%2CFashion%3Amaterial%2CFashion%3Apattern%2CFashion%3Aswatch%2Crating%2Calternate_image%2Clarge_image%2Cbasket_link%2Cproduct_short_description%2Cmerchant_product_category_path%2Cmerchant_product_second_category%2Cmerchant_product_third_category%2Csavings_percent%2Cproduct_price_old%2Calternate_image_two%2Calternate_image_three%2Calternate_image_four/"
"101325","ShinningU - US","US","Not Joined","Awin","96342","ShinningU","English","","2026-05-15 16:28:02","","41","https://productdata.awin.com/datafeed/download/apikey/fa0ea60ea5f17aca3a0224f06ab4d131/fid/96342/format/csv/language/en/delimiter/%2C/compression/gzip/adultcontent/1/columns/data_feed_id%2Cmerchant_id%2Cmerchant_name%2Caw_product_id%2Caw_deep_link%2Caw_image_url%2Caw_thumb_url%2Ccategory_id%2Ccategory_name%2Cbrand_id%2Cbrand_name%2Cmerchant_product_id%2Cmerchant_category%2Cproduct_name%2Cdescription%2Cmerchant_deep_link%2Csearch_price/"
"99855","Young Soles","GB","Not Joined","Awin","96369","Awin Feed","English","","2026-05-15 16:28:56","2024-09-10 04:01:58","981","https://productdata.awin.com/datafeed/download/apikey/fa0ea60ea5f17aca3a0224f06ab4d131/fid/96369/format/csv/language/en/delimiter/%2C/compression/gzip/adultcontent/1/columns/data_feed_id%2Cmerchant_id%2Cmerchant_name%2Caw_product_id%2Caw_deep_link%2Caw_image_url%2Caw_thumb_url%2Ccategory_id%2Ccategory_name%2Cbrand_id%2Cbrand_name%2Cmerchant_product_id%2Cmerchant_category%2Cean%2Cmpn%2Cproduct_name%2Cdescription%2Cmerchant_deep_link%2Cmerchant_image_url%2Cdelivery_time%2Csearch_price%2Cdelivery_cost%2Cproduct_type%2Cdimensions%2Ccolour/"
"101325","ShinningU - US","US","Not Joined","Awin","96517","ShinningU0909","English","","2026-05-15 16:29:41","","26","https://productdata.awin.com/datafeed/download/apikey/fa0ea60ea5f17aca3a0224f06ab4d131/fid/96517/format/csv/language/en/delimiter/%2C/compression/gzip/adultcontent/1/columns/data_feed_id%2Cmerchant_id%2Cmerchant_name%2Caw_product_id%2Caw_deep_link%2Caw_image_url%2Caw_thumb_url%2Ccategory_id%2Ccategory_name%2Cbrand_id%2Cbrand_name%2Cmerchant_product_id%2Cmerchant_category%2Cproduct_name%2Cdescription%2Cmerchant_deep_link%2Csearch_price/"
"101325","ShinningU - US","US","Not Joined","Awin","96549","ShinningU0910","English","","2026-05-15 16:29:41","","9","https://productdata.awin.com/datafeed/download/apikey/fa0ea60ea5f17aca3a0224f06ab4d131/fid/96549/format/csv/language/en/delimiter/%2C/compression/gzip/adultcontent/1/columns/data_feed_id%2Cmerchant_id%2Cmerchant_name%2Caw_product_id%2Caw_deep_link%2Caw_image_url%2Caw_thumb_url%2Ccategory_id%2Ccategory_name%2Cbrand_id%2Cbrand_name%2Cmerchant_product_id%2Cmerchant_category%2Cproduct_name%2Cdescription%2Cmerchant_deep_link%2Csearch_price/"
"102233","Goedkoopste-Kantoorartikelen NL","NL","Not Joined","Awin","96564","Standaard","Dutch","","2026-06-13 10:03:56","2026-06-13 15:12:46","21902","https://productdata.awin.com/datafeed/download/apikey/fa0ea60ea5f17aca3a0224f06ab4d131/fid/96564/format/csv/language/nl/delimiter/%2C/compression/gzip/columns/data_feed_id%2Cmerchant_id%2Cmerchant_name%2Caw_product_id%2Caw_deep_link%2Caw_image_url%2Caw_thumb_url%2Ccategory_id%2Ccategory_name%2Cbrand_id%2Cbrand_name%2Cmerchant_product_id%2Cmerchant_category%2Cean%2Cmpn%2Cisbn%2Cmodel_number%2Cproduct_name%2Cdescription%2Cspecifications%2Clanguage%2Cmerchant_deep_link%2Cmerchant_thumb_url%2Cmerchant_image_url%2Cdelivery_time%2Cvalid_from%2Cvalid_to%2Ccurrency%2Csearch_price%2Cstore_price%2Cdelivery_cost%2Cweb_offer%2Cpre_order%2Cin_stock%2Cstock_quantity%2Cwarranty%2Ccondition%2Cparent_product_id%2Ccommission_group%2Clast_updated%2Cdimensions%2Ccolour%2Ckeywords%2Ccustom_1%2Ccustom_2%2Csaving%2Crating%2Calternate_image%2Clarge_image%2Cbasket_link%2Cproduct_short_description%2Cmerchant_product_category_path%2Cmerchant_product_second_category%2Cmerchant_product_third_category%2Csavings_percent%2Cproduct_price_old%2Calternate_image_two%2Calternate_image_three%2Calternate_image_four/"
"102231","PartyPro NL","NL","Not Joined","Awin","96567","Default","Dutch","","2026-06-13 12:20:39","2026-06-13 12:20:36","101","https://productdata.awin.com/datafeed/download/apikey/fa0ea60ea5f17aca3a0224f06ab4d131/fid/96567/format/csv/language/nl/delimiter/%2C/compression/gzip/columns/data_feed_id%2Cmerchant_id%2Cmerchant_name%2Caw_product_id%2Caw_deep_link%2Caw_image_url%2Caw_thumb_url%2Ccategory_id%2Ccategory_name%2Cbrand_id%2Cbrand_name%2Cmerchant_product_id%2Cmerchant_category%2Cproduct_name%2Cdescription%2Cmerchant_deep_link%2Cmerchant_image_url%2Cdelivery_time%2Csearch_price%2Cdelivery_cost%2Cstock_quantity%2Ccondition%2Cdimensions%2Ccolour%2Ccustom_1%2Ccustom_2%2Calternate_image/"
"101543","Skirting King UK","GB","Not Joined","Awin","96587","Skirting King - Product Feed","English","","2026-05-15 16:29:50","","197","https://productdata.awin.com/datafeed/download/apikey/fa0ea60ea5f17aca3a0224f06ab4d131/fid/96587/format/csv/language/en/delimiter/%2C/compression/gzip/adultcontent/1/columns/data_feed_id%2Cmerchant_id%2Cmerchant_name%2Caw_product_id%2Caw_deep_link%2Caw_image_url%2Caw_thumb_url%2Ccategory_id%2Ccategory_name%2Cbrand_id%2Cbrand_name%2Cmerchant_product_id%2Cmerchant_category%2Cproduct_name%2Cdescription%2Cmerchant_deep_link%2Cmerchant_image_url%2Ccurrency%2Csearch_price/"
"102431","Emensuits Affiliate Program US","US","Not Joined","Awin","96721","Emensuits Feed","English","","2026-05-15 16:31:15","2024-09-28 01:02:26","48537","https://productdata.awin.com/datafeed/download/apikey/fa0ea60ea5f17aca3a0224f06ab4d131/fid/96721/format/csv/language/en/delimiter/%2C/compression/gzip/adultcontent/1/columns/data_feed_id%2Cmerchant_id%2Cmerchant_name%2Caw_product_id%2Caw_deep_link%2Caw_image_url%2Caw_thumb_url%2Ccategory_id%2Ccategory_name%2Cbrand_id%2Cbrand_name%2Cmerchant_product_id%2Cmerchant_category%2Cmpn%2Cproduct_name%2Cdescription%2Cmerchant_deep_link%2Cmerchant_image_url%2Cdelivery_time%2Csearch_price%2Cdelivery_cost%2Cproduct_type%2Ccolour/"
"102429","Alberto Nardoni Affiliate Program US","US","Not Joined","Awin","96767","Alberto Nardoni","English","Fashion","2026-05-15 16:39:56","2024-09-19 15:19:05","250001","https://productdata.awin.com/datafeed/download/apikey/fa0ea60ea5f17aca3a0224f06ab4d131/fid/96767/format/csv/language/en/delimiter/%2C/compression/gzip/adultcontent/1/columns/data_feed_id%2Cmerchant_id%2Cmerchant_name%2Caw_product_id%2Caw_deep_link%2Caw_image_url%2Caw_thumb_url%2Ccategory_id%2Ccategory_name%2Cbrand_id%2Cbrand_name%2Cmerchant_product_id%2Cmerchant_category%2Cean%2Cmpn%2Cproduct_name%2Cdescription%2Cmerchant_deep_link%2Cmerchant_image_url%2Cdelivery_time%2Csearch_price%2Cdelivery_cost%2Cproduct_type%2Ccolour%2CFashion%3Asize/"
"101665","SKINWORK","GB","Not Joined","Awin","96803","Awin","English","Fashion","2026-06-09 23:01:25","2026-06-13 17:01:13","9","https://productdata.awin.com/datafeed/download/apikey/fa0ea60ea5f17aca3a0224f06ab4d131/fid/96803/format/csv/language/en/delimiter/%2C/compression/gzip/adultcontent/1/columns/data_feed_id%2Cmerchant_id%2Cmerchant_name%2Caw_product_id%2Caw_deep_link%2Caw_image_url%2Caw_thumb_url%2Ccategory_id%2Ccategory_name%2Cbrand_id%2Cbrand_name%2Cmerchant_product_id%2Cmerchant_category%2Cean%2Cmpn%2Cproduct_name%2Cdescription%2Cmerchant_deep_link%2Cmerchant_image_url%2Cdelivery_time%2Csearch_price%2Cdelivery_cost%2Cproduct_type%2Ccolour%2CFashion%3Asize/"
"101763","Mirlux Spiegels Affiliate","NL","Not Joined","Awin","96942","Productfeed","Dutch","","2026-05-15 16:31:43","2024-09-25 07:42:05","40","https://productdata.awin.com/datafeed/download/apikey/fa0ea60ea5f17aca3a0224f06ab4d131/fid/96942/format/csv/language/nl/delimiter/%2C/compression/gzip/columns/data_feed_id%2Cmerchant_id%2Cmerchant_name%2Caw_product_id%2Caw_deep_link%2Caw_image_url%2Caw_thumb_url%2Ccategory_id%2Ccategory_name%2Cbrand_id%2Cbrand_name%2Cmerchant_product_id%2Cmerchant_category%2Cean%2Cmpn%2Cisbn%2Cmodel_number%2Cproduct_name%2Cdescription%2Cspecifications%2Clanguage%2Cmerchant_deep_link%2Cmerchant_thumb_url%2Cmerchant_image_url%2Cdelivery_time%2Cvalid_from%2Cvalid_to%2Ccurrency%2Csearch_price%2Cstore_price%2Cdelivery_cost%2Cweb_offer%2Cpre_order%2Cin_stock%2Cstock_quantity%2Cwarranty%2Ccondition%2Cparent_product_id%2Ccommission_group%2Clast_updated%2Cdimensions%2Ccolour%2Ckeywords%2Ccustom_1%2Ccustom_2%2Csaving%2Crating%2Calternate_image%2Clarge_image%2Cbasket_link%2Cproduct_short_description%2Cmerchant_product_category_path%2Cmerchant_product_second_category%2Cmerchant_product_third_category%2Csavings_percent%2Cproduct_price_old%2Calternate_image_two%2Calternate_image_three%2Calternate_image_four/"
"102989","Netzwerkartikel.de","DE","Not Joined","Awin","97006","Netzwerkartikel","German","","2026-06-13 06:07:07","2026-06-13 15:04:52","82481","https://productdata.awin.com/datafeed/download/apikey/fa0ea60ea5f17aca3a0224f06ab4d131/fid/97006/format/csv/language/de/delimiter/%2C/compression/gzip/columns/data_feed_id%2Cmerchant_id%2Cmerchant_name%2Caw_product_id%2Caw_deep_link%2Caw_image_url%2Caw_thumb_url%2Ccategory_id%2Ccategory_name%2Cbrand_id%2Cbrand_name%2Cmerchant_product_id%2Cmerchant_category%2Cean%2Cproduct_name%2Cdescription%2Cmerchant_deep_link%2Cmerchant_image_url%2Cdelivery_time%2Cvalid_from%2Cvalid_to%2Ccurrency%2Csearch_price%2Cin_stock%2Ccolour%2Cproduct_short_description%2Cmerchant_product_category_path%2Csavings_percent%2Cstock_status/"
"59763","isinwheel.ES","ES","Not Joined","Awin","97023","Default","Spanish","","2026-06-12 19:01:49","2026-06-13 13:03:06","116","https://productdata.awin.com/datafeed/download/apikey/fa0ea60ea5f17aca3a0224f06ab4d131/fid/97023/format/csv/language/es/delimiter/%2C/compression/gzip/columns/data_feed_id%2Cmerchant_id%2Cmerchant_name%2Caw_product_id%2Caw_deep_link%2Caw_image_url%2Caw_thumb_url%2Ccategory_id%2Ccategory_name%2Cbrand_id%2Cbrand_name%2Cmerchant_product_id%2Cmerchant_category%2Cean%2Cmpn%2Cproduct_name%2Cdescription%2Cmerchant_deep_link%2Cmerchant_image_url%2Cdelivery_time%2Csearch_price%2Cdelivery_cost%2Cproduct_type%2Cdimensions%2Ccolour/"
"102901","Silver Cloud Beauty","GB","Not Joined","Awin","97041","Silver Beauty - Automatic","English","","2026-06-13 12:11:19","2026-06-13 12:11:15","53","https://productdata.awin.com/datafeed/download/apikey/fa0ea60ea5f17aca3a0224f06ab4d131/fid/97041/format/csv/language/en/delimiter/%2C/compression/gzip/adultcontent/1/columns/data_feed_id%2Cmerchant_id%2Cmerchant_name%2Caw_product_id%2Caw_deep_link%2Caw_image_url%2Caw_thumb_url%2Ccategory_id%2Ccategory_name%2Cbrand_id%2Cbrand_name%2Cmerchant_product_id%2Cmerchant_category%2Cean%2Cmpn%2Cproduct_name%2Cdescription%2Cmerchant_deep_link%2Cmerchant_image_url%2Cdelivery_time%2Csearch_price%2Cdelivery_cost%2Cproduct_type%2Ccolour/"
"102901","Silver Cloud Beauty","GB","Not Joined","Awin","97074","Silver Cloud - Hair Care","English","","2026-06-13 12:11:07","2026-06-13 12:11:02","53","https://productdata.awin.com/datafeed/download/apikey/fa0ea60ea5f17aca3a0224f06ab4d131/fid/97074/format/csv/language/en/delimiter/%2C/compression/gzip/adultcontent/1/columns/data_feed_id%2Cmerchant_id%2Cmerchant_name%2Caw_product_id%2Caw_deep_link%2Caw_image_url%2Caw_thumb_url%2Ccategory_id%2Ccategory_name%2Cbrand_id%2Cbrand_name%2Cmerchant_product_id%2Cmerchant_category%2Cean%2Cmpn%2Cproduct_name%2Cdescription%2Cmerchant_deep_link%2Cmerchant_image_url%2Cdelivery_time%2Csearch_price%2Cdelivery_cost%2Cproduct_type%2Ccolour/"
"31539","Mozillion","GB","Not Joined","Awin","97090","Pay Monthly Contract Phones","English","Telcos","2026-06-13 14:30:56","2026-06-13 14:30:37","6191","https://productdata.awin.com/datafeed/download/apikey/fa0ea60ea5f17aca3a0224f06ab4d131/fid/97090/format/csv/language/en/delimiter/%2C/compression/gzip/adultcontent/1/columns/data_feed_id%2Cmerchant_id%2Cmerchant_name%2Caw_product_id%2Caw_deep_link%2Caw_image_url%2Caw_thumb_url%2Ccategory_id%2Ccategory_name%2Cbrand_id%2Cbrand_name%2Cmerchant_product_id%2Cmerchant_category%2Cproduct_name%2Cdescription%2Cmerchant_deep_link%2Cmerchant_image_url%2Csearch_price%2Cdelivery_cost%2Cin_stock%2Ccondition%2Ccolour%2Ccustom_1%2Ccustom_3%2Ccustom_4%2Ccustom_5%2CTelcos%3Aterm%2CTelcos%3Ainitial_cost%2CTelcos%3Amonth_cost%2CTelcos%3Agift%2CTelcos%3Ainc_minutes%2CTelcos%3Ainc_data%2CTelcos%3Ainc_texts%2CTelcos%3Astorage_size%2CTelcos%3Anetwork%2CTelcos%3Adevice_full_name%2CTelcos%3Atariff_details_json%2Cproduct_model%2Ccustom_6%2Ccustom_7%2Ccustom_8/"
"103211","Binocular Base","GB","Not Joined","Awin","97114","Default Feed","English","","2026-06-12 09:01:21","2026-06-13 16:01:13","269","https://productdata.awin.com/datafeed/download/apikey/fa0ea60ea5f17aca3a0224f06ab4d131/fid/97114/format/csv/language/en/delimiter/%2C/compression/gzip/adultcontent/1/columns/data_feed_id%2Cmerchant_id%2Cmerchant_name%2Caw_product_id%2Caw_deep_link%2Caw_image_url%2Caw_thumb_url%2Ccategory_id%2Ccategory_name%2Cbrand_id%2Cbrand_name%2Cmerchant_product_id%2Cmerchant_category%2Cean%2Cproduct_name%2Cdescription%2Cmerchant_deep_link%2Cmerchant_image_url%2Ccurrency%2Csearch_price/"
"31539","Mozillion","GB","Not Joined","Awin","97136","SIM Only Plans Hosted Feed","English","Telcos","2026-06-02 12:01:21","2026-06-13 14:01:17","39","https://productdata.awin.com/datafeed/download/apikey/fa0ea60ea5f17aca3a0224f06ab4d131/fid/97136/format/csv/language/en/delimiter/%2C/compression/gzip/adultcontent/1/columns/data_feed_id%2Cmerchant_id%2Cmerchant_name%2Caw_product_id%2Caw_deep_link%2Caw_image_url%2Caw_thumb_url%2Ccategory_id%2Ccategory_name%2Cbrand_id%2Cbrand_name%2Cmerchant_product_id%2Cmerchant_category%2Cproduct_name%2Cdescription%2Cmerchant_deep_link%2Cmerchant_image_url%2Csearch_price%2Cdelivery_cost%2Ccustom_3%2Ccustom_4%2Ccustom_5%2CTelcos%3Aterm%2CTelcos%3Ainitial_cost%2CTelcos%3Amonth_cost%2CTelcos%3Ainc_minutes%2CTelcos%3Ainc_data%2CTelcos%3Ainc_texts%2CTelcos%3Aspecial_offer%2CTelcos%3Anetwork%2CTelcos%3Adevice_full_name%2CTelcos%3Atariff_details_json%2Ccustom_6%2Ccustom_7/"
"69970","Venustein DE","DE","Not Joined","Awin","97279","Default","German","","2026-05-15 16:36:02","","1725","https://productdata.awin.com/datafeed/download/apikey/fa0ea60ea5f17aca3a0224f06ab4d131/fid/97279/format/csv/language/de/delimiter/%2C/compression/gzip/columns/data_feed_id%2Cmerchant_id%2Cmerchant_name%2Caw_product_id%2Caw_deep_link%2Caw_image_url%2Caw_thumb_url%2Ccategory_id%2Ccategory_name%2Cbrand_id%2Cbrand_name%2Cmerchant_product_id%2Cproduct_name%2Cdescription%2Cmerchant_deep_link%2Cmerchant_image_url%2Ccurrency%2Csearch_price/"
"105475","Perfumeria Comas FR","FR","Not Joined","Awin","97867","Perfumerias Comas FR PDF","French","","2026-06-13 15:20:04","2026-06-13 15:19:49","6992","https://productdata.awin.com/datafeed/download/apikey/fa0ea60ea5f17aca3a0224f06ab4d131/fid/97867/format/csv/language/fr/delimiter/%2C/compression/gzip/columns/data_feed_id%2Cmerchant_id%2Cmerchant_name%2Caw_product_id%2Caw_deep_link%2Caw_image_url%2Caw_thumb_url%2Ccategory_id%2Ccategory_name%2Cbrand_id%2Cbrand_name%2Cmerchant_product_id%2Cmerchant_category%2Cean%2Cmpn%2Cproduct_name%2Cdescription%2Cspecifications%2Cmerchant_deep_link%2Cmerchant_image_url%2Cdelivery_time%2Csearch_price%2Cdelivery_cost%2Cweb_offer%2Ccustom_1/"
"105615","Leveros BR","BR","Not Joined","Awin","97939","Leveros BR - Product Feed","Portuguese","","2026-06-13 00:08:04","2026-06-13 12:12:14","211","https://productdata.awin.com/datafeed/download/apikey/fa0ea60ea5f17aca3a0224f06ab4d131/fid/97939/format/csv/language/pt/delimiter/%2C/compression/gzip/columns/data_feed_id%2Cmerchant_id%2Cmerchant_name%2Caw_product_id%2Caw_deep_link%2Caw_image_url%2Caw_thumb_url%2Ccategory_id%2Ccategory_name%2Cbrand_id%2Cbrand_name%2Cmerchant_product_id%2Cmerchant_category%2Cproduct_name%2Cdescription%2Cmerchant_deep_link%2Cmerchant_image_url%2Csearch_price%2Cin_stock%2Ccondition%2Cproduct_type%2Cparent_product_id%2Ccolour%2Ccustom_1%2Ccustom_2%2Ccustom_3%2Cbase_price%2Cbase_price_amount/"
"106747","Alianças Imperiais BR","BR","Not Joined","Awin","97992","Alianças Imperiais BR - Feed de Produtos","Portuguese","","2026-06-09 00:02:30","2026-06-13 12:02:15","435","https://productdata.awin.com/datafeed/download/apikey/fa0ea60ea5f17aca3a0224f06ab4d131/fid/97992/format/csv/language/pt/delimiter/%2C/compression/gzip/columns/data_feed_id%2Cmerchant_id%2Cmerchant_name%2Caw_product_id%2Caw_deep_link%2Caw_image_url%2Caw_thumb_url%2Ccategory_id%2Ccategory_name%2Cbrand_id%2Cbrand_name%2Cmerchant_product_id%2Cmerchant_category%2Cmpn%2Cproduct_name%2Cdescription%2Cmerchant_deep_link%2Cmerchant_image_url%2Csearch_price%2Cin_stock%2Ccondition%2Cproduct_type%2Ccustom_1%2Ccustom_2%2Ccustom_3%2Ccustom_4%2Ccustom_5%2Cbase_price_amount/"
"104547","io Gut Health","GB","Not Joined","Awin","98011","Awin Feed","English","","2026-05-21 12:03:26","2026-06-13 12:01:07","10","https://productdata.awin.com/datafeed/download/apikey/fa0ea60ea5f17aca3a0224f06ab4d131/fid/98011/format/csv/language/en/delimiter/%2C/compression/gzip/adultcontent/1/columns/data_feed_id%2Cmerchant_id%2Cmerchant_name%2Caw_product_id%2Caw_deep_link%2Caw_image_url%2Caw_thumb_url%2Ccategory_id%2Ccategory_name%2Cbrand_id%2Cbrand_name%2Cmerchant_product_id%2Cmerchant_category%2Cmpn%2Cproduct_name%2Cdescription%2Cmerchant_deep_link%2Cmerchant_image_url%2Cdelivery_time%2Csearch_price%2Cdelivery_cost%2Ccolour/"
"106979","Lightsin UK","GB","Not Joined","Awin","98013","Awin feed","English","","2026-06-13 14:04:29","2026-06-13 14:04:22","1312","https://productdata.awin.com/datafeed/download/apikey/fa0ea60ea5f17aca3a0224f06ab4d131/fid/98013/format/csv/language/en/delimiter/%2C/compression/gzip/adultcontent/1/columns/data_feed_id%2Cmerchant_id%2Cmerchant_name%2Caw_product_id%2Caw_deep_link%2Caw_image_url%2Caw_thumb_url%2Ccategory_id%2Ccategory_name%2Cbrand_id%2Cbrand_name%2Cmerchant_product_id%2Cmerchant_category%2Cean%2Cmpn%2Cproduct_name%2Cdescription%2Cmerchant_deep_link%2Cmerchant_image_url%2Cdelivery_time%2Csearch_price%2Cdelivery_cost%2Cproduct_type%2Ccolour/"
"106925","MyBeauty.Boutique","GB","Not Joined","Awin","98142","Default","English","","2026-06-13 14:03:51","2026-06-13 14:03:18","8913","https://productdata.awin.com/datafeed/download/apikey/fa0ea60ea5f17aca3a0224f06ab4d131/fid/98142/format/csv/language/en/delimiter/%2C/compression/gzip/adultcontent/1/columns/data_feed_id%2Cmerchant_id%2Cmerchant_name%2Caw_product_id%2Caw_deep_link%2Caw_image_url%2Caw_thumb_url%2Ccategory_id%2Ccategory_name%2Cbrand_id%2Cbrand_name%2Cmerchant_product_id%2Cmerchant_category%2Cmpn%2Cproduct_name%2Cdescription%2Cmerchant_deep_link%2Cmerchant_image_url%2Csearch_price%2Cin_stock%2Ccondition%2Ccustom_1%2Ccustom_2%2Ccustom_3%2Cproduct_model/"
"106791","Unipolar DE","DE","Not Joined","Awin","98216","Product Feed CSV","German","Fashion","2026-06-10 20:06:40","2026-06-13 15:01:45","5439","https://productdata.awin.com/datafeed/download/apikey/fa0ea60ea5f17aca3a0224f06ab4d131/fid/98216/format/csv/language/de/delimiter/%2C/compression/gzip/columns/data_feed_id%2Cmerchant_id%2Cmerchant_name%2Caw_product_id%2Caw_deep_link%2Caw_image_url%2Caw_thumb_url%2Ccategory_id%2Ccategory_name%2Cbrand_id%2Cbrand_name%2Cmerchant_product_id%2Cproduct_name%2Cdescription%2Cmerchant_deep_link%2Cmerchant_image_url%2Cdelivery_time%2Ccurrency%2Csearch_price%2Crrp_price%2Cdelivery_cost%2Cin_stock%2Ccolour%2Ccustom_1%2Ccustom_2%2Ccustom_3%2CFashion%3Asize%2CFashion%3Amaterial%2Cmerchant_product_category_path%2Cproduct_GTIN/"
"107560","Piano Luxury Group","US","Not Joined","Awin","98241","Awin Piano Feed","English","","2026-05-15 16:40:08","2025-02-27 02:01:22","26","https://productdata.awin.com/datafeed/download/apikey/fa0ea60ea5f17aca3a0224f06ab4d131/fid/98241/format/csv/language/en/delimiter/%2C/compression/gzip/adultcontent/1/columns/data_feed_id%2Cmerchant_id%2Cmerchant_name%2Caw_product_id%2Caw_deep_link%2Caw_image_url%2Caw_thumb_url%2Ccategory_id%2Ccategory_name%2Cbrand_id%2Cbrand_name%2Cmerchant_product_id%2Cmerchant_category%2Cean%2Cmpn%2Cproduct_name%2Cdescription%2Cmerchant_deep_link%2Cmerchant_image_url%2Cdelivery_time%2Csearch_price%2Cdelivery_cost%2Cproduct_type%2Ccolour/"
"66912","Beyond Shakers","GB","Not Joined","Awin","98325","Protein Shakers","English","","2026-05-15 16:40:40","2026-06-13 12:01:02","11","https://productdata.awin.com/datafeed/download/apikey/fa0ea60ea5f17aca3a0224f06ab4d131/fid/98325/format/csv/language/en/delimiter/%2C/compression/gzip/adultcontent/1/columns/data_feed_id%2Cmerchant_id%2Cmerchant_name%2Caw_product_id%2Caw_deep_link%2Caw_image_url%2Caw_thumb_url%2Ccategory_id%2Ccategory_name%2Cbrand_id%2Cbrand_name%2Cmerchant_product_id%2Cmerchant_category%2Cean%2Cmpn%2Cproduct_name%2Cdescription%2Cmerchant_deep_link%2Cmerchant_image_url%2Cdelivery_time%2Csearch_price%2Cdelivery_cost%2Cproduct_type%2Ccolour/"
"66912","Beyond Shakers","GB","Not Joined","Awin","98389","Water Bottles","English","","2026-05-15 16:40:51","2026-06-13 12:01:08","7","https://productdata.awin.com/datafeed/download/apikey/fa0ea60ea5f17aca3a0224f06ab4d131/fid/98389/format/csv/language/en/delimiter/%2C/compression/gzip/adultcontent/1/columns/data_feed_id%2Cmerchant_id%2Cmerchant_name%2Caw_product_id%2Caw_deep_link%2Caw_image_url%2Caw_thumb_url%2Ccategory_id%2Ccategory_name%2Cbrand_id%2Cbrand_name%2Cmerchant_product_id%2Cmerchant_category%2Cean%2Cmpn%2Cproduct_name%2Cdescription%2Cmerchant_deep_link%2Cmerchant_image_url%2Cdelivery_time%2Csearch_price%2Cdelivery_cost%2Cproduct_type%2Ccolour/"
"108000","Love Tech Hate Waste","GB","Not Joined","Awin","98466","Default","English","","2026-05-15 16:43:47","2026-05-17 00:03:36","18049","https://productdata.awin.com/datafeed/download/apikey/fa0ea60ea5f17aca3a0224f06ab4d131/fid/98466/format/csv/language/en/delimiter/%2C/compression/gzip/adultcontent/1/columns/data_feed_id%2Cmerchant_id%2Cmerchant_name%2Caw_product_id%2Caw_deep_link%2Caw_image_url%2Caw_thumb_url%2Ccategory_id%2Ccategory_name%2Cbrand_id%2Cbrand_name%2Cmerchant_product_id%2Cmerchant_category%2Cmpn%2Cproduct_name%2Cdescription%2Cmerchant_deep_link%2Cmerchant_image_url%2Csearch_price%2Cin_stock%2Ccondition%2Ccustom_1%2Ccustom_2%2Ccustom_3%2Ccustom_4%2Ccustom_5/"
"29511","Plusshop IE","IE","Not Joined","Awin","98493","Awin Data Feed - Plusshop IE","English","","2026-05-15 16:43:24","","5983","https://productdata.awin.com/datafeed/download/apikey/fa0ea60ea5f17aca3a0224f06ab4d131/fid/98493/format/csv/language/en/delimiter/%2C/compression/gzip/adultcontent/1/columns/data_feed_id%2Cmerchant_id%2Cmerchant_name%2Caw_product_id%2Caw_deep_link%2Caw_image_url%2Caw_thumb_url%2Ccategory_id%2Ccategory_name%2Cbrand_id%2Cbrand_name%2Cmerchant_product_id%2Cproduct_name%2Cdescription%2Cmerchant_deep_link%2Cmerchant_image_url%2Csearch_price/"
"16274","Plusshop SE","SE","Not Joined","Awin","98498","Awin Data Feed - Plusshop SE","Swedish","","2026-05-15 16:43:31","","6653","https://productdata.awin.com/datafeed/download/apikey/fa0ea60ea5f17aca3a0224f06ab4d131/fid/98498/format/csv/language/sv/delimiter/%2C/compression/gzip/columns/data_feed_id%2Cmerchant_id%2Cmerchant_name%2Caw_product_id%2Caw_deep_link%2Caw_image_url%2Caw_thumb_url%2Ccategory_id%2Ccategory_name%2Cbrand_id%2Cbrand_name%2Cmerchant_product_id%2Cproduct_name%2Cdescription%2Cmerchant_deep_link%2Cmerchant_image_url%2Csearch_price/"
"108408","VETEXPERT Tiergesundheit AT","AT","Not Joined","Awin","98610","VETEXPERT AT","English","","2026-06-13 11:01:54","2026-06-13 11:01:50","375","https://productdata.awin.com/datafeed/download/apikey/fa0ea60ea5f17aca3a0224f06ab4d131/fid/98610/format/csv/language/en/delimiter/%2C/compression/gzip/columns/data_feed_id%2Cmerchant_id%2Cmerchant_name%2Caw_product_id%2Caw_deep_link%2Caw_image_url%2Caw_thumb_url%2Ccategory_id%2Ccategory_name%2Cbrand_id%2Cbrand_name%2Cmerchant_product_id%2Cproduct_name%2Cdescription%2Cmerchant_deep_link%2Cmerchant_image_url%2Csearch_price%2Cin_stock%2Ccondition%2Cproduct_type%2Cdelivery_weight%2Calternate_image/"
"107702","Clovis Calçados BR","BR","Not Joined","Awin","98680","Clovis Calçados BR - Feed de Produtos","Portuguese","Fashion","2026-05-15 16:45:25","2025-12-24 00:04:58","8198","https://productdata.awin.com/datafeed/download/apikey/fa0ea60ea5f17aca3a0224f06ab4d131/fid/98680/format/csv/language/pt/delimiter/%2C/compression/gzip/columns/data_feed_id%2Cmerchant_id%2Cmerchant_name%2Caw_product_id%2Caw_deep_link%2Caw_image_url%2Caw_thumb_url%2Ccategory_id%2Ccategory_name%2Cbrand_id%2Cbrand_name%2Cmerchant_product_id%2Cmpn%2Cproduct_name%2Cdescription%2Cmerchant_deep_link%2Cmerchant_image_url%2Csearch_price%2Cin_stock%2Ccondition%2Cproduct_type%2CFashion%3Asize/"
"108386","LENA Nail Polish","GB","Not Joined","Awin","98788","Default","English","","2026-06-07 00:01:58","2026-06-07 00:01:54","480","https://productdata.awin.com/datafeed/download/apikey/fa0ea60ea5f17aca3a0224f06ab4d131/fid/98788/format/csv/language/en/delimiter/%2C/compression/gzip/adultcontent/1/columns/data_feed_id%2Cmerchant_id%2Cmerchant_name%2Caw_product_id%2Caw_deep_link%2Caw_image_url%2Caw_thumb_url%2Ccategory_id%2Ccategory_name%2Cbrand_id%2Cbrand_name%2Cmerchant_product_id%2Cmerchant_category%2Cmpn%2Cproduct_name%2Cdescription%2Cspecifications%2Cmerchant_deep_link%2Cmerchant_image_url%2Cdelivery_time%2Csearch_price%2Cdelivery_cost%2Ccolour%2Csize_stock_amount/"
"108408","VETEXPERT Tiergesundheit AT","AT","Not Joined","Awin","98799","VETEXPERT  AT","German","","2026-06-13 11:01:47","2026-06-13 11:01:42","375","https://productdata.awin.com/datafeed/download/apikey/fa0ea60ea5f17aca3a0224f06ab4d131/fid/98799/format/csv/language/de/delimiter/%2C/compression/gzip/columns/data_feed_id%2Cmerchant_id%2Cmerchant_name%2Caw_product_id%2Caw_deep_link%2Caw_image_url%2Caw_thumb_url%2Ccategory_id%2Ccategory_name%2Cbrand_id%2Cbrand_name%2Cmerchant_product_id%2Cproduct_name%2Cdescription%2Cmerchant_deep_link%2Cmerchant_image_url%2Csearch_price%2Cin_stock%2Ccondition%2Cproduct_type%2Cdelivery_weight%2Cdelivery_restrictions%2Calternate_image/"
"102233","Goedkoopste-Kantoorartikelen NL","NL","Not Joined","Awin","99064","België","Dutch","","2026-06-13 09:03:44","2026-06-13 14:15:05","20957","https://productdata.awin.com/datafeed/download/apikey/fa0ea60ea5f17aca3a0224f06ab4d131/fid/99064/format/csv/language/nl/delimiter/%2C/compression/gzip/columns/data_feed_id%2Cmerchant_id%2Cmerchant_name%2Caw_product_id%2Caw_deep_link%2Caw_image_url%2Caw_thumb_url%2Ccategory_id%2Ccategory_name%2Cbrand_id%2Cbrand_name%2Cmerchant_product_id%2Cmerchant_category%2Cean%2Cisbn%2Cproduct_name%2Cdescription%2Clanguage%2Cmerchant_deep_link%2Cmerchant_thumb_url%2Cmerchant_image_url%2Cdelivery_time%2Cvalid_from%2Cvalid_to%2Ccurrency%2Csearch_price%2Cdelivery_cost%2Cin_stock%2Cstock_quantity%2Ccondition%2Cparent_product_id%2Ccommission_group%2Clast_updated%2Cdimensions%2Ccolour%2Ckeywords%2Ccustom_2%2Calternate_image%2Cbasket_link%2Cproduct_short_description%2Cmerchant_product_category_path%2Cmerchant_product_second_category%2Cmerchant_product_third_category%2Calternate_image_two%2Calternate_image_three%2Calternate_image_four/"
"109364","Printerval","US","Not Joined","Awin","99188","US_Sold","English","","2026-05-15 16:56:28","2026-06-13 00:04:32","542455","https://productdata.awin.com/datafeed/download/apikey/fa0ea60ea5f17aca3a0224f06ab4d131/fid/99188/format/csv/language/en/delimiter/%2C/compression/gzip/adultcontent/1/columns/data_feed_id%2Cmerchant_id%2Cmerchant_name%2Caw_product_id%2Caw_deep_link%2Caw_image_url%2Caw_thumb_url%2Ccategory_id%2Ccategory_name%2Cbrand_id%2Cbrand_name%2Cmerchant_product_id%2Cmerchant_category%2Cproduct_name%2Cdescription%2Clanguage%2Cmerchant_deep_link%2Cmerchant_image_url%2Ccurrency%2Csearch_price%2Cdelivery_cost%2Ccondition%2Ccustom_1%2Ccustom_2%2Ccustom_3%2Cmerchant_product_category_path/"
"109020","Nixodor","GB","Not Joined","Awin","99196","awin","English","","2026-05-15 16:46:55","2024-12-27 13:10:48","16","https://productdata.awin.com/datafeed/download/apikey/fa0ea60ea5f17aca3a0224f06ab4d131/fid/99196/format/csv/language/en/delimiter/%2C/compression/gzip/adultcontent/1/columns/data_feed_id%2Cmerchant_id%2Cmerchant_name%2Caw_product_id%2Caw_deep_link%2Caw_image_url%2Caw_thumb_url%2Ccategory_id%2Ccategory_name%2Cbrand_id%2Cbrand_name%2Cmerchant_product_id%2Cmerchant_category%2Cproduct_name%2Cdescription%2Cmerchant_deep_link%2Cmerchant_image_url%2Ccurrency%2Csearch_price/"
"109838","Crownie","US","Not Joined","Awin","99203","Crownie.co Feed","English","","2026-05-15 16:47:01","2025-08-07 01:02:14","2058","https://productdata.awin.com/datafeed/download/apikey/fa0ea60ea5f17aca3a0224f06ab4d131/fid/99203/format/csv/language/en/delimiter/%2C/compression/gzip/adultcontent/1/columns/data_feed_id%2Cmerchant_id%2Cmerchant_name%2Caw_product_id%2Caw_deep_link%2Caw_image_url%2Caw_thumb_url%2Ccategory_id%2Ccategory_name%2Cbrand_id%2Cbrand_name%2Cmerchant_product_id%2Cmerchant_category%2Cean%2Cmpn%2Cproduct_name%2Cdescription%2Cmerchant_deep_link%2Cmerchant_image_url%2Cdelivery_time%2Csearch_price%2Cdelivery_cost%2Cproduct_type%2Ccolour/"
"108198","A1Markt - Artikel direkt vom Hersteller DE","DE","Not Joined","Awin","99233","Default","German","","2026-05-15 16:47:13","2025-01-17 00:02:29","1362","https://productdata.awin.com/datafeed/download/apikey/fa0ea60ea5f17aca3a0224f06ab4d131/fid/99233/format/csv/language/de/delimiter/%2C/compression/gzip/columns/data_feed_id%2Cmerchant_id%2Cmerchant_name%2Caw_product_id%2Caw_deep_link%2Caw_image_url%2Caw_thumb_url%2Ccategory_id%2Ccategory_name%2Cbrand_id%2Cbrand_name%2Cmerchant_product_id%2Cproduct_name%2Cdescription%2Cmerchant_deep_link%2Cmerchant_image_url%2Csearch_price/"
"32471","Eonon (US)","US","Not Joined","Awin","99237","Product_Feed_250106","English","","2026-05-15 16:47:16","","42","https://productdata.awin.com/datafeed/download/apikey/fa0ea60ea5f17aca3a0224f06ab4d131/fid/99237/format/csv/language/en/delimiter/%2C/compression/gzip/adultcontent/1/columns/data_feed_id%2Cmerchant_id%2Cmerchant_name%2Caw_product_id%2Caw_deep_link%2Caw_image_url%2Caw_thumb_url%2Ccategory_id%2Ccategory_name%2Cbrand_id%2Cbrand_name%2Cmerchant_product_id%2Cmerchant_category%2Cproduct_name%2Cdescription%2Cmerchant_deep_link%2Cmerchant_image_url%2Csearch_price/"
"110790","Byvoks","NO","Not Joined","Awin","99323","Default","Norwegian","","2026-06-05 14:01:36","2026-06-13 14:01:46","166","https://productdata.awin.com/datafeed/download/apikey/fa0ea60ea5f17aca3a0224f06ab4d131/fid/99323/format/csv/language/no/delimiter/%2C/compression/gzip/columns/data_feed_id%2Cmerchant_id%2Cmerchant_name%2Caw_product_id%2Caw_deep_link%2Caw_image_url%2Caw_thumb_url%2Ccategory_id%2Ccategory_name%2Cbrand_id%2Cbrand_name%2Cmerchant_product_id%2Cmerchant_category%2Cproduct_name%2Cdescription%2Cmerchant_deep_link%2Cmerchant_image_url%2Csearch_price/"
"26560","Nature's Skin And Body Food (US)","US","Not Joined","Awin","99340","product feed","English","","2026-06-01 18:01:49","2026-06-13 12:01:09","32","https://productdata.awin.com/datafeed/download/apikey/fa0ea60ea5f17aca3a0224f06ab4d131/fid/99340/format/csv/language/en/delimiter/%2C/compression/gzip/adultcontent/1/columns/aw_deep_link%2Cproduct_name%2Caw_product_id%2Cmerchant_product_id%2Cmerchant_image_url%2Cdescription%2Cmerchant_category%2Csearch_price%2Cmerchant_name%2Cmerchant_id%2Ccategory_name%2Ccategory_id%2Caw_image_url%2Ccurrency%2Cstore_price%2Cdelivery_cost%2Cmerchant_deep_link%2Clanguage%2Clast_updated%2Cbrand_name%2Cbrand_id%2Ccolour%2Cproduct_short_description%2Cspecifications%2Ccondition%2Cproduct_model%2Cmodel_number%2Cdimensions%2Ckeywords%2Cpromotional_text%2Cproduct_type%2Ccommission_group%2Cmerchant_product_category_path%2Cmerchant_product_second_category%2Cmerchant_product_third_category%2Crrp_price%2Csaving%2Csavings_percent%2Cbase_price%2Cbase_price_amount%2Cbase_price_text%2Cproduct_price_old%2Cdelivery_restrictions%2Cdelivery_weight%2Cwarranty%2Cterms_of_contract%2Cdelivery_time%2Cin_stock%2Cstock_quantity%2Cvalid_from%2Cvalid_to%2Cis_for_sale%2Cweb_offer%2Cpre_order%2Cstock_status%2Csize_stock_status%2Csize_stock_amount%2Cmerchant_thumb_url%2Clarge_image%2Calternate_image%2Caw_thumb_url%2Calternate_image_two%2Calternate_image_three%2Calternate_image_four%2Creviews%2Caverage_rating%2Crating%2Cnumber_available%2Ccustom_1%2Ccustom_2%2Ccustom_3%2Ccustom_4%2Ccustom_5%2Ccustom_6%2Ccustom_7%2Ccustom_8%2Ccustom_9%2Cean%2Cisbn%2Cupc%2Cmpn%2Cparent_product_id%2Cproduct_GTIN%2Cbasket_link/"
"110912","ComputersDeal","GB","Not Joined","Awin","99381","Full Feed","English","","2026-06-12 21:05:17","2026-06-13 15:03:23","235667","https://productdata.awin.com/datafeed/download/apikey/fa0ea60ea5f17aca3a0224f06ab4d131/fid/99381/format/csv/language/en/delimiter/%2C/compression/gzip/adultcontent/1/columns/data_feed_id%2Cmerchant_id%2Cmerchant_name%2Caw_product_id%2Caw_deep_link%2Caw_image_url%2Caw_thumb_url%2Ccategory_id%2Ccategory_name%2Cbrand_id%2Cbrand_name%2Cmerchant_product_id%2Cmerchant_category%2Cean%2Cmpn%2Cproduct_name%2Cdescription%2Cspecifications%2Clanguage%2Cmerchant_deep_link%2Cmerchant_image_url%2Cdelivery_time%2Csearch_price%2Crrp_price%2Cdelivery_cost%2Cstock_quantity%2Cwarranty%2Ccondition%2Cproduct_type%2Ckeywords/"
"111020","Kuishi","GB","Not Joined","Awin","99400","UK _GBP","English","","2026-06-12 22:01:22","2026-06-13 12:10:13","1240","https://productdata.awin.com/datafeed/download/apikey/fa0ea60ea5f17aca3a0224f06ab4d131/fid/99400/format/csv/language/en/delimiter/%2C/compression/gzip/adultcontent/1/columns/aw_deep_link%2Cproduct_name%2Caw_product_id%2Cmerchant_product_id%2Cmerchant_image_url%2Cdescription%2Cmerchant_category%2Csearch_price%2Cmerchant_name%2Cmerchant_id%2Ccategory_name%2Ccategory_id%2Caw_image_url%2Ccurrency%2Cstore_price%2Cdelivery_cost%2Cmerchant_deep_link%2Clanguage%2Clast_updated%2Cbrand_name%2Cbrand_id%2Ccolour%2Cproduct_short_description%2Cspecifications%2Ccondition%2Cproduct_model%2Cmodel_number%2Cdimensions%2Ckeywords%2Cpromotional_text%2Cproduct_type%2Ccommission_group%2Cmerchant_product_category_path%2Cmerchant_product_second_category%2Cmerchant_product_third_category%2Crrp_price%2Csaving%2Csavings_percent%2Cbase_price%2Cbase_price_amount%2Cbase_price_text%2Cproduct_price_old%2Cdelivery_restrictions%2Cdelivery_weight%2Cwarranty%2Cterms_of_contract%2Cdelivery_time%2Cin_stock%2Cstock_quantity%2Cvalid_from%2Cvalid_to%2Cis_for_sale%2Cweb_offer%2Cpre_order%2Cstock_status%2Csize_stock_status%2Csize_stock_amount%2Cmerchant_thumb_url%2Clarge_image%2Calternate_image%2Caw_thumb_url%2Calternate_image_two%2Calternate_image_three%2Calternate_image_four%2Creviews%2Caverage_rating%2Crating%2Cnumber_available%2Ccustom_1%2Ccustom_2%2Ccustom_3%2Ccustom_4%2Ccustom_5%2Ccustom_6%2Ccustom_7%2Ccustom_8%2Ccustom_9%2Cean%2Cisbn%2Cupc%2Cmpn%2Cparent_product_id%2Cproduct_GTIN%2Cbasket_link/"
"111020","Kuishi","GB","Not Joined","Awin","99430","FR-EUR","French","","2026-06-12 19:01:38","2026-06-13 11:03:47","1240","https://productdata.awin.com/datafeed/download/apikey/fa0ea60ea5f17aca3a0224f06ab4d131/fid/99430/format/csv/language/fr/delimiter/%2C/compression/gzip/adultcontent/1/columns/aw_deep_link%2Cproduct_name%2Caw_product_id%2Cmerchant_product_id%2Cmerchant_image_url%2Cdescription%2Cmerchant_category%2Csearch_price%2Cmerchant_name%2Cmerchant_id%2Ccategory_name%2Ccategory_id%2Caw_image_url%2Ccurrency%2Cstore_price%2Cdelivery_cost%2Cmerchant_deep_link%2Clanguage%2Clast_updated%2Cbrand_name%2Cbrand_id%2Ccolour%2Cproduct_short_description%2Cspecifications%2Ccondition%2Cproduct_model%2Cmodel_number%2Cdimensions%2Ckeywords%2Cpromotional_text%2Cproduct_type%2Ccommission_group%2Cmerchant_product_category_path%2Cmerchant_product_second_category%2Cmerchant_product_third_category%2Crrp_price%2Csaving%2Csavings_percent%2Cbase_price%2Cbase_price_amount%2Cbase_price_text%2Cproduct_price_old%2Cdelivery_restrictions%2Cdelivery_weight%2Cwarranty%2Cterms_of_contract%2Cdelivery_time%2Cin_stock%2Cstock_quantity%2Cvalid_from%2Cvalid_to%2Cis_for_sale%2Cweb_offer%2Cpre_order%2Cstock_status%2Csize_stock_status%2Csize_stock_amount%2Cmerchant_thumb_url%2Clarge_image%2Calternate_image%2Caw_thumb_url%2Calternate_image_two%2Calternate_image_three%2Calternate_image_four%2Creviews%2Caverage_rating%2Crating%2Cnumber_available%2Ccustom_1%2Ccustom_2%2Ccustom_3%2Ccustom_4%2Ccustom_5%2Ccustom_6%2Ccustom_7%2Ccustom_8%2Ccustom_9%2Cean%2Cisbn%2Cupc%2Cmpn%2Cparent_product_id%2Cproduct_GTIN%2Cbasket_link/"
"111020","Kuishi","GB","Not Joined","Awin","99464","USA_USD","English","","2026-06-12 18:02:24","2026-06-13 11:03:33","1240","https://productdata.awin.com/datafeed/download/apikey/fa0ea60ea5f17aca3a0224f06ab4d131/fid/99464/format/csv/language/en/delimiter/%2C/compression/gzip/adultcontent/1/columns/aw_deep_link%2Cproduct_name%2Caw_product_id%2Cmerchant_product_id%2Cmerchant_image_url%2Cdescription%2Cmerchant_category%2Csearch_price%2Cmerchant_name%2Cmerchant_id%2Ccategory_name%2Ccategory_id%2Caw_image_url%2Ccurrency%2Cstore_price%2Cdelivery_cost%2Cmerchant_deep_link%2Clanguage%2Clast_updated%2Cbrand_name%2Cbrand_id%2Ccolour%2Cproduct_short_description%2Cspecifications%2Ccondition%2Cproduct_model%2Cmodel_number%2Cdimensions%2Ckeywords%2Cpromotional_text%2Cproduct_type%2Ccommission_group%2Cmerchant_product_category_path%2Cmerchant_product_second_category%2Cmerchant_product_third_category%2Crrp_price%2Csaving%2Csavings_percent%2Cbase_price%2Cbase_price_amount%2Cbase_price_text%2Cproduct_price_old%2Cdelivery_restrictions%2Cdelivery_weight%2Cwarranty%2Cterms_of_contract%2Cdelivery_time%2Cin_stock%2Cstock_quantity%2Cvalid_from%2Cvalid_to%2Cis_for_sale%2Cweb_offer%2Cpre_order%2Cstock_status%2Csize_stock_status%2Csize_stock_amount%2Cmerchant_thumb_url%2Clarge_image%2Calternate_image%2Caw_thumb_url%2Calternate_image_two%2Calternate_image_three%2Calternate_image_four%2Creviews%2Caverage_rating%2Crating%2Cnumber_available%2Ccustom_1%2Ccustom_2%2Ccustom_3%2Ccustom_4%2Ccustom_5%2Ccustom_6%2Ccustom_7%2Ccustom_8%2Ccustom_9%2Cean%2Cisbn%2Cupc%2Cmpn%2Cparent_product_id%2Cproduct_GTIN%2Cbasket_link/"
"111020","Kuishi","GB","Not Joined","Awin","99465","DE_EUR","German","","2026-06-12 18:02:30","2026-06-13 11:03:35","1240","https://productdata.awin.com/datafeed/download/apikey/fa0ea60ea5f17aca3a0224f06ab4d131/fid/99465/format/csv/language/de/delimiter/%2C/compression/gzip/adultcontent/1/columns/aw_deep_link%2Cproduct_name%2Caw_product_id%2Cmerchant_product_id%2Cmerchant_image_url%2Cdescription%2Cmerchant_category%2Csearch_price%2Cmerchant_name%2Cmerchant_id%2Ccategory_name%2Ccategory_id%2Caw_image_url%2Ccurrency%2Cstore_price%2Cdelivery_cost%2Cmerchant_deep_link%2Clanguage%2Clast_updated%2Cbrand_name%2Cbrand_id%2Ccolour%2Cproduct_short_description%2Cspecifications%2Ccondition%2Cproduct_model%2Cmodel_number%2Cdimensions%2Ckeywords%2Cpromotional_text%2Cproduct_type%2Ccommission_group%2Cmerchant_product_category_path%2Cmerchant_product_second_category%2Cmerchant_product_third_category%2Crrp_price%2Csaving%2Csavings_percent%2Cbase_price%2Cbase_price_amount%2Cbase_price_text%2Cproduct_price_old%2Cdelivery_restrictions%2Cdelivery_weight%2Cwarranty%2Cterms_of_contract%2Cdelivery_time%2Cin_stock%2Cstock_quantity%2Cvalid_from%2Cvalid_to%2Cis_for_sale%2Cweb_offer%2Cpre_order%2Cstock_status%2Csize_stock_status%2Csize_stock_amount%2Cmerchant_thumb_url%2Clarge_image%2Calternate_image%2Caw_thumb_url%2Calternate_image_two%2Calternate_image_three%2Calternate_image_four%2Creviews%2Caverage_rating%2Crating%2Cnumber_available%2Ccustom_1%2Ccustom_2%2Ccustom_3%2Ccustom_4%2Ccustom_5%2Ccustom_6%2Ccustom_7%2Ccustom_8%2Ccustom_9%2Cean%2Cisbn%2Cupc%2Cmpn%2Cparent_product_id%2Cproduct_GTIN%2Cbasket_link/"
"111342","Milk Bar Babystore","BE","Not Joined","Awin","99568","Product feed Milk Bar","Dutch","","2026-06-13 01:07:59","2026-06-13 13:04:14","8492","https://productdata.awin.com/datafeed/download/apikey/fa0ea60ea5f17aca3a0224f06ab4d131/fid/99568/format/csv/language/nl/delimiter/%2C/compression/gzip/columns/data_feed_id%2Cmerchant_id%2Cmerchant_name%2Caw_product_id%2Caw_deep_link%2Caw_image_url%2Caw_thumb_url%2Ccategory_id%2Ccategory_name%2Cbrand_id%2Cbrand_name%2Cmerchant_product_id%2Cean%2Cproduct_name%2Cdescription%2Cmerchant_deep_link%2Cmerchant_image_url%2Csearch_price%2Cdelivery_cost%2Ccustom_1%2Cstock_status/"
"109298","Legale Lover BR","BR","Not Joined","Awin","99634","Padrão","Portuguese","","2026-05-15 16:48:59","2025-10-14 17:50:33","361","https://productdata.awin.com/datafeed/download/apikey/fa0ea60ea5f17aca3a0224f06ab4d131/fid/99634/format/csv/language/pt/delimiter/%2C/compression/gzip/columns/data_feed_id%2Cmerchant_id%2Cmerchant_name%2Caw_product_id%2Caw_deep_link%2Caw_image_url%2Caw_thumb_url%2Ccategory_id%2Ccategory_name%2Cbrand_id%2Cbrand_name%2Cmerchant_product_id%2Cmpn%2Cproduct_name%2Cdescription%2Cmerchant_deep_link%2Cmerchant_image_url%2Csearch_price%2Cin_stock%2Ccondition/"
"83319","Garden Troughs and Planters","GB","Not Joined","Awin","99685","main feed","English","","2026-05-15 16:49:08","","49","https://productdata.awin.com/datafeed/download/apikey/fa0ea60ea5f17aca3a0224f06ab4d131/fid/99685/format/csv/language/en/delimiter/%2C/compression/gzip/adultcontent/1/columns/data_feed_id%2Cmerchant_id%2Cmerchant_name%2Caw_product_id%2Caw_deep_link%2Caw_image_url%2Caw_thumb_url%2Ccategory_id%2Ccategory_name%2Cbrand_id%2Cbrand_name%2Cmerchant_product_id%2Cmerchant_category%2Cmodel_number%2Cproduct_name%2Cdescription%2Cspecifications%2Cpromotional_text%2Clanguage%2Cmerchant_deep_link%2Cmerchant_image_url%2Cdelivery_time%2Cvalid_from%2Cvalid_to%2Ccurrency%2Csearch_price%2Cstore_price%2Cdelivery_cost%2Cin_stock%2Cstock_quantity%2Cwarranty%2Ccondition%2Cparent_product_id%2Ccommission_group%2Clast_updated%2Cdimensions%2Ccolour%2Ckeywords%2Cdelivery_weight%2Creviews%2Crating%2Clarge_image%2Cbasket_link%2Cproduct_short_description%2Cmerchant_product_second_category%2Cmerchant_product_third_category%2Cbase_price_text%2Csize_stock_status%2Csize_stock_amount%2Cproduct_GTIN/"
"108282","Sol Labs","US","Not Joined","Awin","99929","Default","English","","2026-05-15 17:04:38","2025-02-06 20:43:30","8","https://productdata.awin.com/datafeed/download/apikey/fa0ea60ea5f17aca3a0224f06ab4d131/fid/99929/format/csv/language/en/delimiter/%2C/compression/gzip/adultcontent/1/columns/data_feed_id%2Cmerchant_id%2Cmerchant_name%2Caw_product_id%2Caw_deep_link%2Caw_image_url%2Caw_thumb_url%2Ccategory_id%2Ccategory_name%2Cbrand_id%2Cbrand_name%2Cmerchant_product_id%2Cupc%2Cproduct_name%2Cdescription%2Cmerchant_deep_link%2Cmerchant_image_url%2Csearch_price/"
"107998","Cheap Furniture Warehouse","GB","Not Joined","Awin","99953","Orichi_feed","English","ShoppingNL","2026-05-15 17:04:58","2026-03-22 18:34:49","2000","https://productdata.awin.com/datafeed/download/apikey/fa0ea60ea5f17aca3a0224f06ab4d131/fid/99953/format/csv/language/en/delimiter/%2C/compression/gzip/adultcontent/1/columns/data_feed_id%2Cmerchant_id%2Cmerchant_name%2Caw_product_id%2Caw_deep_link%2Caw_image_url%2Caw_thumb_url%2Ccategory_id%2Ccategory_name%2Cbrand_id%2Cbrand_name%2Cmerchant_product_id%2Cmerchant_category%2Cproduct_name%2Cdescription%2Cmerchant_deep_link%2Cmerchant_image_url%2Csearch_price%2Cin_stock%2Ccondition%2Ccolour%2Ccustom_1%2Ccustom_2%2CShoppingNL%3Asize%2Calternate_image%2Calternate_image_two%2Calternate_image_three%2Calternate_image_four/"
"111902","Convié","GB","Not Joined","Awin","99964","Awin Feed from Shopify","English","Fashion","2026-05-15 17:04:42","2026-06-13 12:01:28","5","https://productdata.awin.com/datafeed/download/apikey/fa0ea60ea5f17aca3a0224f06ab4d131/fid/99964/format/csv/language/en/delimiter/%2C/compression/gzip/adultcontent/1/columns/data_feed_id%2Cmerchant_id%2Cmerchant_name%2Caw_product_id%2Caw_deep_link%2Caw_image_url%2Caw_thumb_url%2Ccategory_id%2Ccategory_name%2Cbrand_id%2Cbrand_name%2Cmerchant_product_id%2Cmerchant_category%2Cean%2Cmpn%2Cproduct_name%2Cdescription%2Cmerchant_deep_link%2Cmerchant_image_url%2Cdelivery_time%2Csearch_price%2Cdelivery_cost%2Cproduct_type%2Ccolour/"
"58127","logo-matten DE","DE","Not Joined","Awin","100009","Austria","English","","2026-06-13 00:10:18","2026-06-13 13:03:43","71538","https://productdata.awin.com/datafeed/download/apikey/fa0ea60ea5f17aca3a0224f06ab4d131/fid/100009/format/csv/language/en/delimiter/%2C/compression/gzip/columns/data_feed_id%2Cmerchant_id%2Cmerchant_name%2Caw_product_id%2Caw_deep_link%2Caw_image_url%2Caw_thumb_url%2Ccategory_id%2Ccategory_name%2Cbrand_id%2Cbrand_name%2Cmerchant_product_id%2Cmerchant_category%2Cean%2Cmpn%2Cproduct_name%2Cdescription%2Cmerchant_deep_link%2Cmerchant_image_url%2Cdelivery_time%2Csearch_price%2Cdelivery_cost%2Cproduct_type%2Ccolour/"
"108282","Sol Labs","US","Not Joined","Awin","100198","Default","English","","2026-05-15 17:11:51","","8","https://productdata.awin.com/datafeed/download/apikey/fa0ea60ea5f17aca3a0224f06ab4d131/fid/100198/format/csv/language/en/delimiter/%2C/compression/gzip/adultcontent/1/columns/data_feed_id%2Cmerchant_id%2Cmerchant_name%2Caw_product_id%2Caw_deep_link%2Caw_image_url%2Caw_thumb_url%2Ccategory_id%2Ccategory_name%2Cbrand_id%2Cbrand_name%2Cmerchant_product_id%2Cmerchant_category%2Cupc%2Cproduct_name%2Cdescription%2Cmerchant_deep_link%2Cmerchant_image_url%2Csearch_price/"
"25243","Sportdirect.ca (Canada)","CA","Not Joined","Awin","100199","SportdirectCanadaFrench","French","ShoppingNL","2026-06-09 15:02:31","2026-06-09 15:02:12","11258","https://productdata.awin.com/datafeed/download/apikey/fa0ea60ea5f17aca3a0224f06ab4d131/fid/100199/format/csv/language/fr/delimiter/%2C/compression/gzip/adultcontent/1/columns/data_feed_id%2Cmerchant_id%2Cmerchant_name%2Caw_product_id%2Caw_deep_link%2Caw_image_url%2Caw_thumb_url%2Ccategory_id%2Ccategory_name%2Cbrand_id%2Cbrand_name%2Cmerchant_product_id%2Cmpn%2Cproduct_name%2Cdescription%2Cmerchant_deep_link%2Cmerchant_image_url%2Csearch_price%2Crrp_price%2Cin_stock%2Ccondition%2Cproduct_type%2Cparent_product_id%2Ccolour%2CShoppingNL%3Asize%2CShoppingNL%3Amaterial%2CShoppingNL%3Apattern%2Calternate_image%2Cproduct_short_description%2Cproduct_GTIN%2CShoppingNL%3Agoogle_taxonomy/"
"18285","Botanycl","GB","Not Joined","Awin","100248","Default","English","","2026-05-15 17:12:40","","5","https://productdata.awin.com/datafeed/download/apikey/fa0ea60ea5f17aca3a0224f06ab4d131/fid/100248/format/csv/language/en/delimiter/%2C/compression/gzip/adultcontent/1/columns/data_feed_id%2Cmerchant_id%2Cmerchant_name%2Caw_product_id%2Caw_deep_link%2Caw_image_url%2Caw_thumb_url%2Ccategory_id%2Ccategory_name%2Cbrand_id%2Cbrand_name%2Cmerchant_product_id%2Cmerchant_category%2Cproduct_name%2Cdescription%2Cmerchant_deep_link%2Cmerchant_image_url%2Csearch_price%2Cproduct_GTIN/"
"49229","GS Equestrian","GB","Not Joined","Awin","100252","Default","English","","2026-05-15 17:15:05","2026-06-13 01:02:13","99613","https://productdata.awin.com/datafeed/download/apikey/fa0ea60ea5f17aca3a0224f06ab4d131/fid/100252/format/csv/language/en/delimiter/%2C/compression/gzip/adultcontent/1/columns/data_feed_id%2Cmerchant_id%2Cmerchant_name%2Caw_product_id%2Caw_deep_link%2Caw_image_url%2Caw_thumb_url%2Ccategory_id%2Ccategory_name%2Cbrand_id%2Cbrand_name%2Cmerchant_product_id%2Cean%2Cmpn%2Cproduct_name%2Cdescription%2Cmerchant_deep_link%2Cmerchant_image_url%2Csearch_price%2Ccondition%2Cstock_status/"
"108194","Kaliedy Baby & Nursery Store","IE","Not Joined","Awin","100291","Shopify Data Feed","English","","2026-06-13 17:10:19","2026-06-13 17:10:13","2394","https://productdata.awin.com/datafeed/download/apikey/fa0ea60ea5f17aca3a0224f06ab4d131/fid/100291/format/csv/language/en/delimiter/%2C/compression/gzip/adultcontent/1/columns/data_feed_id%2Cmerchant_id%2Cmerchant_name%2Caw_product_id%2Caw_deep_link%2Caw_image_url%2Caw_thumb_url%2Ccategory_id%2Ccategory_name%2Cbrand_id%2Cbrand_name%2Cmerchant_product_id%2Cmerchant_category%2Cean%2Cmpn%2Cproduct_name%2Cdescription%2Cmerchant_deep_link%2Cmerchant_image_url%2Cdelivery_time%2Csearch_price%2Cdelivery_cost%2Cproduct_type%2Ccolour/"
"111672","CLOUVOU - Ergonomische Bürostühle DE","DE","Not Joined","Awin","100296","Bürostühle","English","","2026-06-01 07:26:41","","21","https://productdata.awin.com/datafeed/download/apikey/fa0ea60ea5f17aca3a0224f06ab4d131/fid/100296/format/csv/language/en/delimiter/%2C/compression/gzip/columns/data_feed_id%2Cmerchant_id%2Cmerchant_name%2Caw_product_id%2Caw_deep_link%2Caw_image_url%2Caw_thumb_url%2Ccategory_id%2Ccategory_name%2Cbrand_id%2Cbrand_name%2Cmerchant_product_id%2Cmerchant_category%2Cean%2Cproduct_name%2Cdescription%2Cmerchant_deep_link%2Cmerchant_image_url%2Cdelivery_time%2Csearch_price%2Cdelivery_cost%2Cstock_status/"
"113104","Lumy Health","US","Not Joined","Awin","100392","Default","English","","2026-05-15 17:17:51","","43","https://productdata.awin.com/datafeed/download/apikey/fa0ea60ea5f17aca3a0224f06ab4d131/fid/100392/format/csv/language/en/delimiter/%2C/compression/gzip/adultcontent/1/columns/data_feed_id%2Cmerchant_id%2Cmerchant_name%2Caw_product_id%2Caw_deep_link%2Caw_image_url%2Caw_thumb_url%2Ccategory_id%2Ccategory_name%2Cbrand_id%2Cbrand_name%2Cmerchant_product_id%2Cmerchant_category%2Cproduct_name%2Cdescription%2Cmerchant_deep_link%2Cmerchant_image_url%2Csearch_price%2Cproduct_type%2Calternate_image%2Cproduct_model/"
"30693","8wines DACH","DE","Not Joined","Awin","100594","Awin DE XML feed","German","","2026-06-13 05:02:18","2026-06-13 05:02:11","2215","https://productdata.awin.com/datafeed/download/apikey/fa0ea60ea5f17aca3a0224f06ab4d131/fid/100594/format/csv/language/de/delimiter/%2C/compression/gzip/columns/aw_deep_link%2Cproduct_name%2Caw_product_id%2Cmerchant_product_id%2Cmerchant_image_url%2Cdescription%2Cmerchant_category%2Csearch_price%2Cmerchant_name%2Cmerchant_id%2Ccategory_name%2Ccategory_id%2Caw_image_url%2Ccurrency%2Cstore_price%2Cdelivery_cost%2Cmerchant_deep_link%2Clanguage%2Clast_updated%2Cbrand_name%2Cbrand_id%2Ccolour%2Cproduct_short_description%2Cspecifications%2Ccondition%2Cproduct_model%2Cmodel_number%2Cdimensions%2Ckeywords%2Cpromotional_text%2Cproduct_type%2Ccommission_group%2Cmerchant_product_category_path%2Cmerchant_product_second_category%2Cmerchant_product_third_category%2Crrp_price%2Csaving%2Csavings_percent%2Cbase_price%2Cbase_price_amount%2Cbase_price_text%2Cproduct_price_old%2Cdelivery_restrictions%2Cdelivery_weight%2Cwarranty%2Cterms_of_contract%2Cdelivery_time%2Cin_stock%2Cstock_quantity%2Cvalid_from%2Cvalid_to%2Cis_for_sale%2Cweb_offer%2Cpre_order%2Cstock_status%2Csize_stock_status%2Csize_stock_amount%2Cmerchant_thumb_url%2Clarge_image%2Calternate_image%2Caw_thumb_url%2Calternate_image_two%2Calternate_image_three%2Calternate_image_four%2Creviews%2Caverage_rating%2Crating%2Cnumber_available%2Ccustom_1%2Ccustom_2%2Ccustom_3%2Ccustom_4%2Ccustom_5%2Ccustom_6%2Ccustom_7%2Ccustom_8%2Ccustom_9%2Cean%2Cisbn%2Cupc%2Cmpn%2Cparent_product_id%2Cproduct_GTIN%2Cbasket_link/"
"107822","Besselink Licht","NL","Not Joined","Awin","100608","Channable","Dutch","ShoppingNL","2026-06-13 14:11:09","2026-06-13 14:11:04","1323","https://productdata.awin.com/datafeed/download/apikey/fa0ea60ea5f17aca3a0224f06ab4d131/fid/100608/format/csv/language/nl/delimiter/%2C/compression/gzip/columns/data_feed_id%2Cmerchant_id%2Cmerchant_name%2Caw_product_id%2Caw_deep_link%2Caw_image_url%2Caw_thumb_url%2Ccategory_id%2Ccategory_name%2Cbrand_id%2Cbrand_name%2Cmerchant_product_id%2Cmerchant_category%2Cean%2Cmpn%2Cmodel_number%2Cproduct_name%2Cdescription%2Cspecifications%2Clanguage%2Cmerchant_deep_link%2Cmerchant_thumb_url%2Cmerchant_image_url%2Cdelivery_time%2Cvalid_from%2Cvalid_to%2Ccurrency%2Csearch_price%2Cstore_price%2Cdelivery_cost%2Cweb_offer%2Cpre_order%2Cin_stock%2Cstock_quantity%2Cwarranty%2Ccondition%2Cparent_product_id%2Ccommission_group%2Clast_updated%2Cdimensions%2Ccolour%2Ckeywords%2Ccustom_1%2Ccustom_2%2Csaving%2Crating%2Calternate_image%2Clarge_image%2Cbasket_link%2Cproduct_short_description%2Cmerchant_product_category_path%2Cmerchant_product_second_category%2Cmerchant_product_third_category%2Csavings_percent%2Cproduct_price_old%2Calternate_image_two%2Calternate_image_three%2Calternate_image_four%2CShoppingNL%3Aenergy_label%2CShoppingNL%3Aenergy_label_link%2CShoppingNL%3Aenergy_label_logo%2CShoppingNL%3Agoogle_taxonomy/"
"106707","8wines UK","GB","Not Joined","Awin","100644","UK xml feed","English","","2026-06-13 01:01:47","2026-06-13 01:01:40","2219","https://productdata.awin.com/datafeed/download/apikey/fa0ea60ea5f17aca3a0224f06ab4d131/fid/100644/format/csv/language/en/delimiter/%2C/compression/gzip/adultcontent/1/columns/aw_deep_link%2Cproduct_name%2Caw_product_id%2Cmerchant_product_id%2Cmerchant_image_url%2Cdescription%2Cmerchant_category%2Csearch_price%2Cmerchant_name%2Cmerchant_id%2Ccategory_name%2Ccategory_id%2Caw_image_url%2Ccurrency%2Cstore_price%2Cdelivery_cost%2Cmerchant_deep_link%2Clanguage%2Clast_updated%2Cbrand_name%2Cbrand_id%2Ccolour%2Cproduct_short_description%2Cspecifications%2Ccondition%2Cproduct_model%2Cmodel_number%2Cdimensions%2Ckeywords%2Cpromotional_text%2Cproduct_type%2Ccommission_group%2Cmerchant_product_category_path%2Cmerchant_product_second_category%2Cmerchant_product_third_category%2Crrp_price%2Csaving%2Csavings_percent%2Cbase_price%2Cbase_price_amount%2Cbase_price_text%2Cproduct_price_old%2Cdelivery_restrictions%2Cdelivery_weight%2Cwarranty%2Cterms_of_contract%2Cdelivery_time%2Cin_stock%2Cstock_quantity%2Cvalid_from%2Cvalid_to%2Cis_for_sale%2Cweb_offer%2Cpre_order%2Cstock_status%2Csize_stock_status%2Csize_stock_amount%2Cmerchant_thumb_url%2Clarge_image%2Calternate_image%2Caw_thumb_url%2Calternate_image_two%2Calternate_image_three%2Calternate_image_four%2Creviews%2Caverage_rating%2Crating%2Cnumber_available%2Ccustom_1%2Ccustom_2%2Ccustom_3%2Ccustom_4%2Ccustom_5%2Ccustom_6%2Ccustom_7%2Ccustom_8%2Ccustom_9%2Cean%2Cisbn%2Cupc%2Cmpn%2Cparent_product_id%2Cproduct_GTIN%2Cbasket_link/"
"113182","Giftomory","US","Not Joined","Awin","100659","Gifts-10March2024","English","","2026-05-15 17:24:47","","1000","https://productdata.awin.com/datafeed/download/apikey/fa0ea60ea5f17aca3a0224f06ab4d131/fid/100659/format/csv/language/en/delimiter/%2C/compression/gzip/adultcontent/1/columns/data_feed_id%2Cmerchant_id%2Cmerchant_name%2Caw_product_id%2Caw_deep_link%2Caw_image_url%2Caw_thumb_url%2Ccategory_id%2Ccategory_name%2Cbrand_id%2Cbrand_name%2Cmerchant_product_id%2Cmerchant_category%2Cproduct_name%2Cdescription%2Cmerchant_deep_link%2Cmerchant_image_url%2Csearch_price/"
"113182","Giftomory","US","Not Joined","Awin","100660","Wall Art 10March2024","English","","2026-05-15 17:24:49","","1000","https://productdata.awin.com/datafeed/download/apikey/fa0ea60ea5f17aca3a0224f06ab4d131/fid/100660/format/csv/language/en/delimiter/%2C/compression/gzip/adultcontent/1/columns/data_feed_id%2Cmerchant_id%2Cmerchant_name%2Caw_product_id%2Caw_deep_link%2Caw_image_url%2Caw_thumb_url%2Ccategory_id%2Ccategory_name%2Cbrand_id%2Cbrand_name%2Cmerchant_product_id%2Cmerchant_category%2Cproduct_name%2Cdescription%2Cmerchant_deep_link%2Cmerchant_image_url%2Csearch_price/"
"113754","Monsgeek EU","GB","Not Joined","Awin","100736","Default","English","","2026-06-13 14:10:59","2026-06-13 14:10:52","922","https://productdata.awin.com/datafeed/download/apikey/fa0ea60ea5f17aca3a0224f06ab4d131/fid/100736/format/csv/language/en/delimiter/%2C/compression/gzip/adultcontent/1/columns/data_feed_id%2Cmerchant_id%2Cmerchant_name%2Caw_product_id%2Caw_deep_link%2Caw_image_url%2Caw_thumb_url%2Ccategory_id%2Ccategory_name%2Cbrand_id%2Cbrand_name%2Cmerchant_product_id%2Cmerchant_category%2Cean%2Cmpn%2Cproduct_name%2Cdescription%2Cmerchant_deep_link%2Cmerchant_image_url%2Cdelivery_time%2Ccurrency%2Csearch_price%2Cdelivery_cost%2Cin_stock%2Cstock_quantity%2Ccondition%2Cproduct_type%2Ccolour%2Calternate_image%2Cproduct_price_old%2Calternate_image_two%2Calternate_image_three%2Calternate_image_four/"
"114046","Cerqular","US","Not Joined","Awin","100794","Cerqular USA","English","Fashion","2026-05-15 17:36:48","2025-12-22 04:02:50","217765","https://productdata.awin.com/datafeed/download/apikey/fa0ea60ea5f17aca3a0224f06ab4d131/fid/100794/format/csv/language/en/delimiter/%2C/compression/gzip/adultcontent/1/columns/data_feed_id%2Cmerchant_id%2Cmerchant_name%2Caw_product_id%2Caw_deep_link%2Caw_image_url%2Caw_thumb_url%2Ccategory_id%2Ccategory_name%2Cbrand_id%2Cbrand_name%2Cmerchant_product_id%2Cmerchant_category%2Cean%2Cmpn%2Cproduct_name%2Cdescription%2Cmerchant_deep_link%2Cmerchant_image_url%2Cdelivery_time%2Csearch_price%2Cdelivery_cost%2Ccondition%2Cproduct_type%2Ccolour%2CFashion%3Asuitable_for%2CFashion%3Asize%2CFashion%3Amaterial%2CFashion%3Apattern%2Cproduct_price_old/"
"114094","Mint Outdoor","GB","Not Joined","Awin","100804","awin","English","","2026-06-13 09:23:07","2026-06-13 09:22:06","301","https://productdata.awin.com/datafeed/download/apikey/fa0ea60ea5f17aca3a0224f06ab4d131/fid/100804/format/csv/language/en/delimiter/%2C/compression/gzip/adultcontent/1/columns/data_feed_id%2Cmerchant_id%2Cmerchant_name%2Caw_product_id%2Caw_deep_link%2Caw_image_url%2Caw_thumb_url%2Ccategory_id%2Ccategory_name%2Cbrand_id%2Cbrand_name%2Cmerchant_product_id%2Cmerchant_category%2Cean%2Cmpn%2Cproduct_name%2Cdescription%2Cmerchant_deep_link%2Cmerchant_image_url%2Cdelivery_time%2Csearch_price%2Cdelivery_cost%2Cproduct_type%2Ccolour/"
"111968","Home Deluxe ES","ES","Not Joined","Awin","100826","Default","Spanish","","2026-06-13 16:25:26","2026-06-13 16:25:19","4825","https://productdata.awin.com/datafeed/download/apikey/fa0ea60ea5f17aca3a0224f06ab4d131/fid/100826/format/csv/language/es/delimiter/%2C/compression/gzip/columns/data_feed_id%2Cmerchant_id%2Cmerchant_name%2Caw_product_id%2Caw_deep_link%2Caw_image_url%2Caw_thumb_url%2Ccategory_id%2Ccategory_name%2Cbrand_id%2Cbrand_name%2Cmerchant_product_id%2Cmerchant_category%2Cean%2Cmpn%2Cisbn%2Cmodel_number%2Cproduct_name%2Cdescription%2Cspecifications%2Clanguage%2Cmerchant_deep_link%2Cmerchant_thumb_url%2Cmerchant_image_url%2Cdelivery_time%2Cvalid_from%2Cvalid_to%2Ccurrency%2Csearch_price%2Cstore_price%2Cdelivery_cost%2Cweb_offer%2Cpre_order%2Cin_stock%2Cstock_quantity%2Cwarranty%2Ccondition%2Cparent_product_id%2Ccommission_group%2Clast_updated%2Cdimensions%2Ccolour%2Ckeywords%2Ccustom_1%2Ccustom_2%2Csaving%2Crating%2Calternate_image%2Clarge_image%2Cbasket_link%2Cproduct_short_description%2Cmerchant_product_category_path%2Cmerchant_product_second_category%2Cmerchant_product_third_category%2Csavings_percent%2Cproduct_price_old%2Calternate_image_two%2Calternate_image_three%2Calternate_image_four/"
"111970","Home Deluxe IT","IT","Not Joined","Awin","100827","Default","Italian","","2026-06-13 16:25:26","2026-06-13 16:25:19","4830","https://productdata.awin.com/datafeed/download/apikey/fa0ea60ea5f17aca3a0224f06ab4d131/fid/100827/format/csv/language/it/delimiter/%2C/compression/gzip/columns/data_feed_id%2Cmerchant_id%2Cmerchant_name%2Caw_product_id%2Caw_deep_link%2Caw_image_url%2Caw_thumb_url%2Ccategory_id%2Ccategory_name%2Cbrand_id%2Cbrand_name%2Cmerchant_product_id%2Cmerchant_category%2Cean%2Cmpn%2Cisbn%2Cmodel_number%2Cproduct_name%2Cdescription%2Cspecifications%2Clanguage%2Cmerchant_deep_link%2Cmerchant_thumb_url%2Cmerchant_image_url%2Cdelivery_time%2Cvalid_from%2Cvalid_to%2Ccurrency%2Csearch_price%2Cstore_price%2Cdelivery_cost%2Cweb_offer%2Cpre_order%2Cin_stock%2Cstock_quantity%2Cwarranty%2Ccondition%2Cparent_product_id%2Ccommission_group%2Clast_updated%2Cdimensions%2Ccolour%2Ckeywords%2Ccustom_1%2Ccustom_2%2Csaving%2Crating%2Calternate_image%2Clarge_image%2Cbasket_link%2Cproduct_short_description%2Cmerchant_product_category_path%2Cmerchant_product_second_category%2Cmerchant_product_third_category%2Csavings_percent%2Cproduct_price_old%2Calternate_image_two%2Calternate_image_three%2Calternate_image_four/"
"99293","DGW-NL","NL","Not Joined","Awin","100851","dgwnl total","Dutch","","2026-06-13 07:01:51","2026-06-13 07:01:47","428","https://productdata.awin.com/datafeed/download/apikey/fa0ea60ea5f17aca3a0224f06ab4d131/fid/100851/format/csv/language/nl/delimiter/%2C/compression/gzip/columns/data_feed_id%2Cmerchant_id%2Cmerchant_name%2Caw_product_id%2Caw_deep_link%2Caw_image_url%2Caw_thumb_url%2Ccategory_id%2Ccategory_name%2Cbrand_id%2Cbrand_name%2Cmerchant_product_id%2Cmerchant_category%2Cproduct_name%2Cdescription%2Cmerchant_deep_link%2Cmerchant_image_url%2Csearch_price/"
"72943","Shower Blocks","GB","Not Joined","Awin","100862","Shopify Feed","English","","2026-06-13 14:04:41","2026-06-13 14:04:33","107","https://productdata.awin.com/datafeed/download/apikey/fa0ea60ea5f17aca3a0224f06ab4d131/fid/100862/format/csv/language/en/delimiter/%2C/compression/gzip/adultcontent/1/columns/data_feed_id%2Cmerchant_id%2Cmerchant_name%2Caw_product_id%2Caw_deep_link%2Caw_image_url%2Caw_thumb_url%2Ccategory_id%2Ccategory_name%2Cbrand_id%2Cbrand_name%2Cmerchant_product_id%2Cmerchant_category%2Cean%2Cmpn%2Cproduct_name%2Cdescription%2Cmerchant_deep_link%2Cmerchant_image_url%2Cdelivery_time%2Csearch_price%2Cdelivery_cost%2Cproduct_type/"
"114020","Fun Fact Co.","US","Not Joined","Awin","100911","Shopify Feed - 3.20.25","English","","2026-05-15 17:27:05","","281","https://productdata.awin.com/datafeed/download/apikey/fa0ea60ea5f17aca3a0224f06ab4d131/fid/100911/format/csv/language/en/delimiter/%2C/compression/gzip/adultcontent/1/columns/data_feed_id%2Cmerchant_id%2Cmerchant_name%2Caw_product_id%2Caw_deep_link%2Caw_image_url%2Caw_thumb_url%2Ccategory_id%2Ccategory_name%2Cbrand_id%2Cbrand_name%2Cmerchant_product_id%2Cmerchant_category%2Cean%2Cmpn%2Cproduct_name%2Cdescription%2Cmerchant_deep_link%2Cmerchant_image_url%2Cdelivery_time%2Csearch_price%2Cdelivery_cost%2Cproduct_type%2Cdimensions/"
"114444","Earkings NL","NL","Not Joined","Awin","100968","Earkings + Swinkle + KitchenMonster feed","Dutch","","2026-06-12 18:02:16","2026-06-13 12:07:10","56","https://productdata.awin.com/datafeed/download/apikey/fa0ea60ea5f17aca3a0224f06ab4d131/fid/100968/format/csv/language/nl/delimiter/%2C/compression/gzip/columns/aw_deep_link%2Cproduct_name%2Caw_product_id%2Cmerchant_product_id%2Cmerchant_image_url%2Cdescription%2Cmerchant_category%2Csearch_price%2Cmerchant_name%2Cmerchant_id%2Ccategory_name%2Ccategory_id%2Caw_image_url%2Ccurrency%2Cstore_price%2Cdelivery_cost%2Cmerchant_deep_link%2Clanguage%2Clast_updated%2Cbrand_name%2Cbrand_id%2Ccolour%2Cproduct_short_description%2Cspecifications%2Ccondition%2Cproduct_model%2Cmodel_number%2Cdimensions%2Ckeywords%2Cpromotional_text%2Cproduct_type%2Ccommission_group%2Cmerchant_product_category_path%2Cmerchant_product_second_category%2Cmerchant_product_third_category%2Crrp_price%2Csaving%2Csavings_percent%2Cbase_price%2Cbase_price_amount%2Cbase_price_text%2Cproduct_price_old%2Cdelivery_restrictions%2Cdelivery_weight%2Cwarranty%2Cterms_of_contract%2Cdelivery_time%2Cin_stock%2Cstock_quantity%2Cvalid_from%2Cvalid_to%2Cis_for_sale%2Cweb_offer%2Cpre_order%2Cstock_status%2Csize_stock_status%2Csize_stock_amount%2Cmerchant_thumb_url%2Clarge_image%2Calternate_image%2Caw_thumb_url%2Calternate_image_two%2Calternate_image_three%2Calternate_image_four%2Creviews%2Caverage_rating%2Crating%2Cnumber_available%2Ccustom_1%2Ccustom_2%2Ccustom_3%2Ccustom_4%2Ccustom_5%2Ccustom_6%2Ccustom_7%2Ccustom_8%2Ccustom_9%2Cean%2Cisbn%2Cupc%2Cmpn%2Cparent_product_id%2Cproduct_GTIN%2Cbasket_link/"
"114180","Sinocare","ES","Not Joined","Awin","100983","Sinocare Spanish","Spanish","","2026-06-10 05:01:22","2026-06-13 15:01:40","40","https://productdata.awin.com/datafeed/download/apikey/fa0ea60ea5f17aca3a0224f06ab4d131/fid/100983/format/csv/language/es/delimiter/%2C/compression/gzip/columns/data_feed_id%2Cmerchant_id%2Cmerchant_name%2Caw_product_id%2Caw_deep_link%2Caw_image_url%2Caw_thumb_url%2Ccategory_id%2Ccategory_name%2Cbrand_id%2Cbrand_name%2Cmerchant_product_id%2Cmerchant_category%2Cean%2Cmpn%2Cproduct_name%2Cdescription%2Cmerchant_deep_link%2Cmerchant_image_url%2Cdelivery_time%2Ccurrency%2Csearch_price%2Cdelivery_cost%2Cproduct_type%2Crating%2Cproduct_model%2Cproduct_price_old%2Csize_stock_status/"
"24617","Raw Beauty Lab","GB","Not Joined","Awin","101081","Awin25","English","","2026-06-13 05:16:50","2026-06-13 12:17:53","4","https://productdata.awin.com/datafeed/download/apikey/fa0ea60ea5f17aca3a0224f06ab4d131/fid/101081/format/csv/language/en/delimiter/%2C/compression/gzip/adultcontent/1/columns/data_feed_id%2Cmerchant_id%2Cmerchant_name%2Caw_product_id%2Caw_deep_link%2Caw_image_url%2Caw_thumb_url%2Ccategory_id%2Ccategory_name%2Cbrand_id%2Cbrand_name%2Cmerchant_product_id%2Cmerchant_category%2Cean%2Cmpn%2Cproduct_name%2Cdescription%2Cmerchant_deep_link%2Cmerchant_image_url%2Cdelivery_time%2Csearch_price%2Cdelivery_cost%2Cproduct_type%2Ccolour/"
"112284","Frutteto Italia fruit spread","GB","Not Joined","Awin","101168","upload on 01.04.2025","English","","2026-05-15 17:27:31","","8","https://productdata.awin.com/datafeed/download/apikey/fa0ea60ea5f17aca3a0224f06ab4d131/fid/101168/format/csv/language/en/delimiter/%2C/compression/gzip/adultcontent/1/columns/data_feed_id%2Cmerchant_id%2Cmerchant_name%2Caw_product_id%2Caw_deep_link%2Caw_image_url%2Caw_thumb_url%2Ccategory_id%2Ccategory_name%2Cbrand_id%2Cbrand_name%2Cmerchant_product_id%2Cmerchant_category%2Cproduct_name%2Cdescription%2Cmerchant_deep_link%2Cmerchant_image_url%2Csearch_price/"
"78586","Needs No Label","GB","Not Joined","Awin","101189","Product Feed NNL","English","","2026-06-09 18:01:29","2026-06-09 18:01:25","465","https://productdata.awin.com/datafeed/download/apikey/fa0ea60ea5f17aca3a0224f06ab4d131/fid/101189/format/csv/language/en/delimiter/%2C/compression/gzip/adultcontent/1/columns/data_feed_id%2Cmerchant_id%2Cmerchant_name%2Caw_product_id%2Caw_deep_link%2Caw_image_url%2Caw_thumb_url%2Ccategory_id%2Ccategory_name%2Cbrand_id%2Cbrand_name%2Cmerchant_product_id%2Cmerchant_category%2Cean%2Cmpn%2Cproduct_name%2Cdescription%2Cspecifications%2Cmerchant_deep_link%2Cmerchant_image_url%2Cdelivery_time%2Csearch_price%2Cdelivery_cost%2Cproduct_type%2Ccolour%2Cproduct_price_old/"
"33889","Petcube (US)","US","Not Joined","Awin","101206","Default","English","","2026-06-12 12:01:17","2026-06-13 12:01:48","10","https://productdata.awin.com/datafeed/download/apikey/fa0ea60ea5f17aca3a0224f06ab4d131/fid/101206/format/csv/language/en/delimiter/%2C/compression/gzip/adultcontent/1/columns/data_feed_id%2Cmerchant_id%2Cmerchant_name%2Caw_product_id%2Caw_deep_link%2Caw_image_url%2Caw_thumb_url%2Ccategory_id%2Ccategory_name%2Cbrand_id%2Cbrand_name%2Cmerchant_product_id%2Cmerchant_category%2Cproduct_name%2Cdescription%2Cmerchant_deep_link%2Cmerchant_image_url%2Ccurrency%2Csearch_price/"
"114718","Ecotalk","GB","Not Joined","Awin","101247","Ecotalk products 04/04/25","English","Telcos","2026-05-15 17:28:27","","6","https://productdata.awin.com/datafeed/download/apikey/fa0ea60ea5f17aca3a0224f06ab4d131/fid/101247/format/csv/language/en/delimiter/%2C/compression/gzip/adultcontent/1/columns/data_feed_id%2Cmerchant_id%2Cmerchant_name%2Caw_product_id%2Caw_deep_link%2Caw_image_url%2Caw_thumb_url%2Ccategory_id%2Ccategory_name%2Cbrand_id%2Cbrand_name%2Cmerchant_product_id%2Cmerchant_category%2Cmpn%2Cproduct_name%2Cdescription%2Cmerchant_deep_link%2Ccurrency%2Csearch_price%2Cin_stock%2Ccondition%2CTelcos%3Acontract_type%2CTelcos%3Aterm%2CTelcos%3Amonth_cost%2CTelcos%3Ainc_minutes%2CTelcos%3Ainc_data%2CTelcos%3Aconnectivity%2CTelcos%3Ainc_texts%2CTelcos%3Atariff%2Calternate_image%2Clarge_image%2CTelcos%3Anetwork%2Calternate_image_two%2Ccustom_6/"
"111564","Modmo","GB","Not Joined","Awin","101260","Default","English","","2026-05-15 17:28:30","","7","https://productdata.awin.com/datafeed/download/apikey/fa0ea60ea5f17aca3a0224f06ab4d131/fid/101260/format/csv/language/en/delimiter/%2C/compression/gzip/adultcontent/1/columns/data_feed_id%2Cmerchant_id%2Cmerchant_name%2Caw_product_id%2Caw_deep_link%2Caw_image_url%2Caw_thumb_url%2Ccategory_id%2Ccategory_name%2Cbrand_id%2Cbrand_name%2Cmerchant_product_id%2Cmerchant_category%2Cean%2Cmpn%2Cproduct_name%2Cdescription%2Cmerchant_deep_link%2Cmerchant_image_url%2Cdelivery_time%2Csearch_price%2Cdelivery_cost%2Cproduct_type%2Ccolour/"
"111548","Bern Helmets (UK)","GB","Not Joined","Awin","101261","Default","English","","2026-05-15 17:28:31","","207","https://productdata.awin.com/datafeed/download/apikey/fa0ea60ea5f17aca3a0224f06ab4d131/fid/101261/format/csv/language/en/delimiter/%2C/compression/gzip/adultcontent/1/columns/data_feed_id%2Cmerchant_id%2Cmerchant_name%2Caw_product_id%2Caw_deep_link%2Caw_image_url%2Caw_thumb_url%2Ccategory_id%2Ccategory_name%2Cbrand_id%2Cbrand_name%2Cmerchant_product_id%2Cmerchant_category%2Cean%2Cmpn%2Cproduct_name%2Cdescription%2Cmerchant_deep_link%2Cmerchant_image_url%2Cdelivery_time%2Csearch_price%2Cdelivery_cost%2Cproduct_type%2Ccolour/"
"114732","9PHX RACING","US","Not Joined","Awin","101301","20250424","English","","2026-06-13 15:04:38","2026-06-13 15:04:35","105","https://productdata.awin.com/datafeed/download/apikey/fa0ea60ea5f17aca3a0224f06ab4d131/fid/101301/format/csv/language/en/delimiter/%2C/compression/gzip/adultcontent/1/columns/data_feed_id%2Cmerchant_id%2Cmerchant_name%2Caw_product_id%2Caw_deep_link%2Caw_image_url%2Caw_thumb_url%2Ccategory_id%2Ccategory_name%2Cbrand_id%2Cbrand_name%2Cmerchant_product_id%2Cmerchant_category%2Cean%2Cmpn%2Cproduct_name%2Cdescription%2Cmerchant_deep_link%2Cmerchant_image_url%2Cdelivery_time%2Csearch_price%2Cdelivery_cost%2Cproduct_type%2Ccolour/"
"114868","Marco Cerullo","IT","Not Joined","Awin","101330","Predefinito","Italian","","2026-06-13 12:02:59","2026-06-13 12:02:52","4818","https://productdata.awin.com/datafeed/download/apikey/fa0ea60ea5f17aca3a0224f06ab4d131/fid/101330/format/csv/language/it/delimiter/%2C/compression/gzip/columns/aw_deep_link%2Cproduct_name%2Caw_product_id%2Cmerchant_product_id%2Cmerchant_image_url%2Cdescription%2Cmerchant_category%2Csearch_price%2Cmerchant_name%2Cmerchant_id%2Ccategory_name%2Ccategory_id%2Caw_image_url%2Ccurrency%2Cstore_price%2Cdelivery_cost%2Cmerchant_deep_link%2Clanguage%2Clast_updated%2Cbrand_name%2Cbrand_id%2Ccolour%2Cproduct_short_description%2Cspecifications%2Ccondition%2Cproduct_model%2Cmodel_number%2Cdimensions%2Ckeywords%2Cpromotional_text%2Cproduct_type%2Ccommission_group%2Cmerchant_product_category_path%2Cmerchant_product_second_category%2Cmerchant_product_third_category%2Crrp_price%2Csaving%2Csavings_percent%2Cbase_price%2Cbase_price_amount%2Cbase_price_text%2Cproduct_price_old%2Cdelivery_restrictions%2Cdelivery_weight%2Cwarranty%2Cterms_of_contract%2Cdelivery_time%2Cin_stock%2Cstock_quantity%2Cvalid_from%2Cvalid_to%2Cis_for_sale%2Cweb_offer%2Cpre_order%2Cstock_status%2Csize_stock_status%2Csize_stock_amount%2Cmerchant_thumb_url%2Clarge_image%2Calternate_image%2Caw_thumb_url%2Calternate_image_two%2Calternate_image_three%2Calternate_image_four%2Creviews%2Caverage_rating%2Crating%2Cnumber_available%2Ccustom_1%2Ccustom_2%2Ccustom_3%2Ccustom_4%2Ccustom_5%2Ccustom_6%2Ccustom_7%2Ccustom_8%2Ccustom_9%2Cean%2Cisbn%2Cupc%2Cmpn%2Cparent_product_id%2Cproduct_GTIN%2Cbasket_link/"
"107822","Besselink Licht","NL","Not Joined","Awin","101336","Product Feed Besselink Licht","English","ShoppingNL","2026-06-13 14:10:52","2026-06-13 14:10:47","1323","https://productdata.awin.com/datafeed/download/apikey/fa0ea60ea5f17aca3a0224f06ab4d131/fid/101336/format/csv/language/en/delimiter/%2C/compression/gzip/columns/data_feed_id%2Cmerchant_id%2Cmerchant_name%2Caw_product_id%2Caw_deep_link%2Caw_image_url%2Caw_thumb_url%2Ccategory_id%2Ccategory_name%2Cbrand_id%2Cbrand_name%2Cmerchant_product_id%2Cmerchant_category%2Cean%2Cmpn%2Cisbn%2Cmodel_number%2Cproduct_name%2Cdescription%2Cspecifications%2Clanguage%2Cmerchant_deep_link%2Cmerchant_thumb_url%2Cmerchant_image_url%2Cdelivery_time%2Cvalid_from%2Cvalid_to%2Ccurrency%2Csearch_price%2Cstore_price%2Cdelivery_cost%2Cweb_offer%2Cpre_order%2Cin_stock%2Cstock_quantity%2Cwarranty%2Ccondition%2Cparent_product_id%2Ccommission_group%2Clast_updated%2Cdimensions%2Ccolour%2Ckeywords%2Ccustom_1%2Ccustom_2%2Csaving%2Crating%2Calternate_image%2Clarge_image%2Cbasket_link%2Cproduct_short_description%2Cmerchant_product_category_path%2Cmerchant_product_second_category%2Cmerchant_product_third_category%2Csavings_percent%2Cproduct_price_old%2Calternate_image_two%2Calternate_image_three%2Calternate_image_four%2CShoppingNL%3Aenergy_label%2CShoppingNL%3Aenergy_label_link%2CShoppingNL%3Aenergy_label_logo%2CShoppingNL%3Agoogle_taxonomy/"
"114442","MIMMTI","NL","Not Joined","Awin","101341","Standaard","Dutch","","2026-06-13 00:08:19","2026-06-13 12:12:32","103","https://productdata.awin.com/datafeed/download/apikey/fa0ea60ea5f17aca3a0224f06ab4d131/fid/101341/format/csv/language/nl/delimiter/%2C/compression/gzip/columns/data_feed_id%2Cmerchant_id%2Cmerchant_name%2Caw_product_id%2Caw_deep_link%2Caw_image_url%2Caw_thumb_url%2Ccategory_id%2Ccategory_name%2Cbrand_id%2Cbrand_name%2Cmerchant_product_id%2Cmerchant_category%2Cean%2Cmpn%2Cproduct_name%2Cdescription%2Cmerchant_deep_link%2Cmerchant_image_url%2Cdelivery_time%2Csearch_price%2Cdelivery_cost%2Cproduct_type%2Ccolour/"
"102233","Goedkoopste-Kantoorartikelen NL","NL","Not Joined","Awin","101440","GK DE","German","","2026-05-15 17:30:39","2025-10-15 11:03:08","21460","https://productdata.awin.com/datafeed/download/apikey/fa0ea60ea5f17aca3a0224f06ab4d131/fid/101440/format/csv/language/de/delimiter/%2C/compression/gzip/columns/aw_deep_link%2Cproduct_name%2Caw_product_id%2Cmerchant_product_id%2Cmerchant_image_url%2Cdescription%2Cmerchant_category%2Csearch_price%2Cmerchant_name%2Cmerchant_id%2Ccategory_name%2Ccategory_id%2Caw_image_url%2Ccurrency%2Cstore_price%2Cdelivery_cost%2Cmerchant_deep_link%2Clanguage%2Clast_updated%2Cbrand_name%2Cbrand_id%2Ccolour%2Cproduct_short_description%2Cspecifications%2Ccondition%2Cproduct_model%2Cmodel_number%2Cdimensions%2Ckeywords%2Cpromotional_text%2Cproduct_type%2Ccommission_group%2Cmerchant_product_category_path%2Cmerchant_product_second_category%2Cmerchant_product_third_category%2Crrp_price%2Csaving%2Csavings_percent%2Cbase_price%2Cbase_price_amount%2Cbase_price_text%2Cproduct_price_old%2Cdelivery_restrictions%2Cdelivery_weight%2Cwarranty%2Cterms_of_contract%2Cdelivery_time%2Cin_stock%2Cstock_quantity%2Cvalid_from%2Cvalid_to%2Cis_for_sale%2Cweb_offer%2Cpre_order%2Cstock_status%2Csize_stock_status%2Csize_stock_amount%2Cmerchant_thumb_url%2Clarge_image%2Calternate_image%2Caw_thumb_url%2Calternate_image_two%2Calternate_image_three%2Calternate_image_four%2Creviews%2Caverage_rating%2Crating%2Cnumber_available%2Ccustom_1%2Ccustom_2%2Ccustom_3%2Ccustom_4%2Ccustom_5%2Ccustom_6%2Ccustom_7%2Ccustom_8%2Ccustom_9%2Cean%2Cisbn%2Cupc%2Cmpn%2Cparent_product_id%2Cproduct_GTIN%2Cbasket_link/"
"12044","AliExpress PL","PL","Not Joined","Awin","101519","AliExpress Feed 2025 PL","Polish","","2026-06-13 07:12:08","2026-06-13 15:11:24","162128","https://productdata.awin.com/datafeed/download/apikey/fa0ea60ea5f17aca3a0224f06ab4d131/fid/101519/format/csv/language/pl/delimiter/%2C/compression/gzip/columns/data_feed_id%2Cmerchant_id%2Cmerchant_name%2Caw_product_id%2Caw_deep_link%2Caw_image_url%2Caw_thumb_url%2Ccategory_id%2Ccategory_name%2Cbrand_id%2Cbrand_name%2Cmerchant_product_id%2Cmerchant_category%2Cean%2Cproduct_name%2Cdescription%2Cmerchant_deep_link%2Cmerchant_image_url%2Cdelivery_time%2Csearch_price%2Cdelivery_cost%2Cin_stock%2Cparent_product_id%2Ccolour%2Ccustom_1%2Ccustom_2%2Ccustom_3%2Cdelivery_restrictions%2Calternate_image%2Cproduct_price_old/"
"101325","ShinningU - US","US","Not Joined","Awin","101531","ShinningU202504","English","","2026-05-15 17:30:30","","4","https://productdata.awin.com/datafeed/download/apikey/fa0ea60ea5f17aca3a0224f06ab4d131/fid/101531/format/csv/language/en/delimiter/%2C/compression/gzip/adultcontent/1/columns/data_feed_id%2Cmerchant_id%2Cmerchant_name%2Caw_product_id%2Caw_deep_link%2Caw_image_url%2Caw_thumb_url%2Ccategory_id%2Ccategory_name%2Cbrand_id%2Cbrand_name%2Cmerchant_product_id%2Cmerchant_category%2Cproduct_name%2Cdescription%2Cmerchant_deep_link%2Csearch_price/"
"101325","ShinningU - US","US","Not Joined","Awin","101586","Default","English","","2026-05-15 17:30:39","","15","https://productdata.awin.com/datafeed/download/apikey/fa0ea60ea5f17aca3a0224f06ab4d131/fid/101586/format/csv/language/en/delimiter/%2C/compression/gzip/adultcontent/1/columns/data_feed_id%2Cmerchant_id%2Cmerchant_name%2Caw_product_id%2Caw_deep_link%2Caw_image_url%2Caw_thumb_url%2Ccategory_id%2Ccategory_name%2Cbrand_id%2Cbrand_name%2Cmerchant_product_id%2Cmerchant_category%2Cproduct_name%2Cdescription%2Cmerchant_deep_link%2Csearch_price/"
"114214","Eyeglass Direct","GB","Not Joined","Awin","101592","Eyeglass 1","English","Fashion","2026-02-16 06:01:36","2026-03-01 00:02:01","348","https://productdata.awin.com/datafeed/download/apikey/fa0ea60ea5f17aca3a0224f06ab4d131/fid/101592/format/csv/language/en/delimiter/%2C/compression/gzip/adultcontent/1/columns/data_feed_id%2Cmerchant_id%2Cmerchant_name%2Caw_product_id%2Caw_deep_link%2Caw_image_url%2Caw_thumb_url%2Ccategory_id%2Ccategory_name%2Cbrand_id%2Cbrand_name%2Cmerchant_product_id%2Cmerchant_category%2Cupc%2Cmodel_number%2Cproduct_name%2Cdescription%2Cspecifications%2Cpromotional_text%2Clanguage%2Cmerchant_deep_link%2Cmerchant_image_url%2Cdelivery_time%2Cvalid_from%2Cvalid_to%2Ccurrency%2Csearch_price%2Cstore_price%2Crrp_price%2Cdelivery_cost%2Cin_stock%2Cstock_quantity%2Cwarranty%2Ccondition%2Cproduct_type%2Cparent_product_id%2Ccommission_group%2Clast_updated%2Cdimensions%2Ckeywords%2Ccustom_1%2Ccustom_2%2Ccustom_4%2Ccustom_5%2Csaving%2Cdelivery_weight%2Creviews%2Caverage_rating%2CFashion%3Asize%2Crating%2Calternate_image%2Clarge_image%2Cbasket_link%2Cproduct_short_description%2Cproduct_model%2Cmerchant_product_category_path%2Cmerchant_product_second_category%2Cmerchant_product_third_category%2Csavings_percent%2Cbase_price%2Cbase_price_amount%2Cbase_price_text%2Cproduct_price_old%2Cstock_status%2Csize_stock_status%2Ccustom_6/"
"101325","ShinningU - US","US","Not Joined","Awin","101732","ShinningU20250425 update","English","","2026-05-15 17:31:17","","54","https://productdata.awin.com/datafeed/download/apikey/fa0ea60ea5f17aca3a0224f06ab4d131/fid/101732/format/csv/language/en/delimiter/%2C/compression/gzip/adultcontent/1/columns/data_feed_id%2Cmerchant_id%2Cmerchant_name%2Caw_product_id%2Caw_deep_link%2Caw_image_url%2Caw_thumb_url%2Ccategory_id%2Ccategory_name%2Cbrand_id%2Cbrand_name%2Cmerchant_product_id%2Cmerchant_category%2Cproduct_name%2Cdescription%2Cmerchant_deep_link%2Csearch_price/"
"113806","The Yoga Friends DE","DE","Not Joined","Awin","101759","Feed_2025","English","","2026-05-15 17:31:30","","5","https://productdata.awin.com/datafeed/download/apikey/fa0ea60ea5f17aca3a0224f06ab4d131/fid/101759/format/csv/language/en/delimiter/%2C/compression/gzip/columns/data_feed_id%2Cmerchant_id%2Cmerchant_name%2Caw_product_id%2Caw_deep_link%2Caw_image_url%2Caw_thumb_url%2Ccategory_id%2Ccategory_name%2Cbrand_id%2Cbrand_name%2Cmerchant_product_id%2Cmerchant_category%2Cean%2Cmpn%2Cproduct_name%2Cdescription%2Cmerchant_deep_link%2Cmerchant_image_url%2Cdelivery_time%2Csearch_price%2Cdelivery_cost%2Cproduct_type%2Ccolour/"
"114540","Moderne Raamdecoratie Groep","NL","Not Joined","Awin","101870","Standaard","Dutch","ShoppingNL","2026-06-03 02:01:19","2026-06-13 16:01:12","707","https://productdata.awin.com/datafeed/download/apikey/fa0ea60ea5f17aca3a0224f06ab4d131/fid/101870/format/csv/language/nl/delimiter/%2C/compression/gzip/columns/aw_deep_link%2Cproduct_name%2Caw_product_id%2Cmerchant_product_id%2Cmerchant_image_url%2Cdescription%2Cmerchant_category%2Csearch_price%2Cmerchant_name%2Cmerchant_id%2Ccategory_name%2Ccategory_id%2Caw_image_url%2Ccurrency%2Cstore_price%2Cdelivery_cost%2Cmerchant_deep_link%2Clanguage%2Clast_updated%2Cbrand_name%2Cbrand_id%2Ccolour%2Cproduct_short_description%2Cspecifications%2Ccondition%2Cproduct_model%2Cmodel_number%2Cdimensions%2Ckeywords%2Cpromotional_text%2Cproduct_type%2Ccommission_group%2Cmerchant_product_category_path%2Cmerchant_product_second_category%2Cmerchant_product_third_category%2Crrp_price%2Csaving%2Csavings_percent%2Cbase_price%2Cbase_price_amount%2Cbase_price_text%2Cproduct_price_old%2Cdelivery_restrictions%2Cdelivery_weight%2Cwarranty%2Cterms_of_contract%2Cdelivery_time%2Cin_stock%2Cstock_quantity%2Cvalid_from%2Cvalid_to%2Cis_for_sale%2Cweb_offer%2Cpre_order%2Cstock_status%2Csize_stock_status%2Csize_stock_amount%2Cmerchant_thumb_url%2Clarge_image%2Calternate_image%2Caw_thumb_url%2Calternate_image_two%2Calternate_image_three%2Calternate_image_four%2Creviews%2Caverage_rating%2Crating%2Cnumber_available%2Ccustom_1%2Ccustom_2%2Ccustom_3%2Ccustom_4%2Ccustom_5%2Ccustom_6%2Ccustom_7%2Ccustom_8%2Ccustom_9%2Cean%2Cisbn%2Cupc%2Cmpn%2Cparent_product_id%2Cproduct_GTIN%2Cbasket_link%2CShoppingNL%3Aenergy_label%2CShoppingNL%3Aenergy_label_link%2CShoppingNL%3Aenergy_label_logo%2CShoppingNL%3Agoogle_taxonomy%2CShoppingNL%3Amaterial%2CShoppingNL%3Apattern%2CShoppingNL%3Asize/"
"115789","Mustard Seed","US","Not Joined","Awin","101949","Mulwi Feed/Shopify","English","Fashion","2026-05-15 17:33:03","2025-05-15 08:02:22","1417","https://productdata.awin.com/datafeed/download/apikey/fa0ea60ea5f17aca3a0224f06ab4d131/fid/101949/format/csv/language/en/delimiter/%2C/compression/gzip/adultcontent/1/columns/data_feed_id%2Cmerchant_id%2Cmerchant_name%2Caw_product_id%2Caw_deep_link%2Caw_image_url%2Caw_thumb_url%2Ccategory_id%2Ccategory_name%2Cbrand_id%2Cbrand_name%2Cmerchant_product_id%2Cmerchant_category%2Cean%2Cmpn%2Cproduct_name%2Cdescription%2Cmerchant_deep_link%2Cmerchant_image_url%2Cdelivery_time%2Csearch_price%2Cdelivery_cost%2Cproduct_type%2Ccolour%2Ccustom_1%2CFashion%3Asize/"
"115911","Supp","GB","Not Joined","Awin","101959","Woo Website","English","","2026-05-15 17:33:20","","10","https://productdata.awin.com/datafeed/download/apikey/fa0ea60ea5f17aca3a0224f06ab4d131/fid/101959/format/csv/language/en/delimiter/%2C/compression/gzip/adultcontent/1/columns/data_feed_id%2Cmerchant_id%2Cmerchant_name%2Caw_product_id%2Caw_deep_link%2Caw_image_url%2Caw_thumb_url%2Ccategory_id%2Ccategory_name%2Cbrand_id%2Cbrand_name%2Cmerchant_product_id%2Cmerchant_category%2Cupc%2Cean%2Cisbn%2Cmodel_number%2Cproduct_name%2Cdescription%2Cspecifications%2Cpromotional_text%2Clanguage%2Cmerchant_deep_link%2Cmerchant_image_url%2Cdelivery_time%2Cvalid_from%2Cvalid_to%2Ccurrency%2Csearch_price%2Cstore_price%2Crrp_price%2Cdelivery_cost%2Cin_stock%2Cstock_quantity%2Cis_for_sale%2Cwarranty%2Ccondition%2Cproduct_type%2Cparent_product_id%2Ccommission_group%2Clast_updated%2Cdimensions%2Ccolour%2Ckeywords%2Csaving%2Cdelivery_weight%2Cdelivery_restrictions%2Creviews%2Caverage_rating%2Crating%2Calternate_image%2Clarge_image%2Cbasket_link%2Cproduct_short_description%2Cproduct_model%2Cmerchant_product_category_path%2Cmerchant_product_second_category%2Cmerchant_product_third_category%2Csavings_percent%2Cbase_price%2Cbase_price_amount%2Cbase_price_text%2Cproduct_price_old%2Cstock_status%2Csize_stock_status%2Csize_stock_amount%2Cproduct_GTIN/"
"38872","Bazta BE","BE","Not Joined","Awin","101976","Awin - Full (normal prices)","Dutch","","2026-06-13 16:13:47","2026-06-13 16:13:35","8626","https://productdata.awin.com/datafeed/download/apikey/fa0ea60ea5f17aca3a0224f06ab4d131/fid/101976/format/csv/language/nl/delimiter/%2C/compression/gzip/columns/data_feed_id%2Cmerchant_id%2Cmerchant_name%2Caw_product_id%2Caw_deep_link%2Caw_image_url%2Caw_thumb_url%2Ccategory_id%2Ccategory_name%2Cbrand_id%2Cbrand_name%2Cmerchant_product_id%2Cmerchant_category%2Cmpn%2Cproduct_name%2Cdescription%2Cmerchant_deep_link%2Cmerchant_image_url%2Csearch_price%2Cdelivery_cost%2Cweb_offer%2Cpre_order%2Cin_stock%2Cstock_quantity%2Cis_for_sale%2Ccondition%2Ccommission_group%2Ccolour%2Ccustom_1%2Calternate_image%2Cmerchant_product_category_path%2Cmerchant_product_second_category%2Cmerchant_product_third_category%2Cproduct_GTIN/"
"38110","Bazta SE","SE","Not Joined","Awin","101990","Awin - Full (normal prices)","Swedish","","2026-06-13 16:14:07","2026-06-13 16:13:55","8635","https://productdata.awin.com/datafeed/download/apikey/fa0ea60ea5f17aca3a0224f06ab4d131/fid/101990/format/csv/language/sv/delimiter/%2C/compression/gzip/columns/data_feed_id%2Cmerchant_id%2Cmerchant_name%2Caw_product_id%2Caw_deep_link%2Caw_image_url%2Caw_thumb_url%2Ccategory_id%2Ccategory_name%2Cbrand_id%2Cbrand_name%2Cmerchant_product_id%2Cmerchant_category%2Cmpn%2Cproduct_name%2Cdescription%2Cmerchant_deep_link%2Cmerchant_image_url%2Csearch_price%2Cdelivery_cost%2Cweb_offer%2Cpre_order%2Cstock_quantity%2Cis_for_sale%2Ccondition%2Ccommission_group%2Ccolour%2Ccustom_1%2Calternate_image%2Cmerchant_product_category_path%2Cmerchant_product_second_category%2Cmerchant_product_third_category%2Cstock_status%2Cproduct_GTIN/"
"38874","Bazta NL","NL","Not Joined","Awin","101992","Awin - Full (normal prices)","Dutch","","2026-06-13 16:14:07","2026-06-13 16:13:55","8631","https://productdata.awin.com/datafeed/download/apikey/fa0ea60ea5f17aca3a0224f06ab4d131/fid/101992/format/csv/language/nl/delimiter/%2C/compression/gzip/columns/data_feed_id%2Cmerchant_id%2Cmerchant_name%2Caw_product_id%2Caw_deep_link%2Caw_image_url%2Caw_thumb_url%2Ccategory_id%2Ccategory_name%2Cbrand_id%2Cbrand_name%2Cmerchant_product_id%2Cmerchant_category%2Cmpn%2Cproduct_name%2Cdescription%2Cmerchant_deep_link%2Cmerchant_image_url%2Csearch_price%2Cdelivery_cost%2Cweb_offer%2Cpre_order%2Cstock_quantity%2Cis_for_sale%2Ccondition%2Ccommission_group%2Ccolour%2Ccustom_1%2Ccustom_2%2Calternate_image%2Cmerchant_product_category_path%2Cmerchant_product_second_category%2Cmerchant_product_third_category%2Csize_stock_status%2Cproduct_GTIN/"
"114246","AirVantage","US","Not Joined","Awin","102016","Default","English","","2026-05-15 17:33:39","2026-06-13 09:01:08","22","https://productdata.awin.com/datafeed/download/apikey/fa0ea60ea5f17aca3a0224f06ab4d131/fid/102016/format/csv/language/en/delimiter/%2C/compression/gzip/adultcontent/1/columns/data_feed_id%2Cmerchant_id%2Cmerchant_name%2Caw_product_id%2Caw_deep_link%2Caw_image_url%2Caw_thumb_url%2Ccategory_id%2Ccategory_name%2Cbrand_id%2Cbrand_name%2Cmerchant_product_id%2Cmerchant_category%2Cproduct_name%2Cdescription%2Cmerchant_deep_link%2Cmerchant_image_url%2Csearch_price/"
"115433","AmberPromos - Custom Printed Products","US","Not Joined","Awin","102034","Default","English","","2026-06-12 18:02:37","2026-06-13 04:07:54","10602","https://productdata.awin.com/datafeed/download/apikey/fa0ea60ea5f17aca3a0224f06ab4d131/fid/102034/format/csv/language/en/delimiter/%2C/compression/gzip/adultcontent/1/columns/data_feed_id%2Cmerchant_id%2Cmerchant_name%2Caw_product_id%2Caw_deep_link%2Caw_image_url%2Caw_thumb_url%2Ccategory_id%2Ccategory_name%2Cbrand_id%2Cbrand_name%2Cmerchant_product_id%2Cmerchant_category%2Cproduct_name%2Cdescription%2Cmerchant_deep_link%2Cmerchant_image_url%2Csearch_price/"
"114998","Bouclème","FR","Not Joined","Awin","102042","Default","English","","2026-05-15 17:33:42","","209","https://productdata.awin.com/datafeed/download/apikey/fa0ea60ea5f17aca3a0224f06ab4d131/fid/102042/format/csv/language/en/delimiter/%2C/compression/gzip/columns/data_feed_id%2Cmerchant_id%2Cmerchant_name%2Caw_product_id%2Caw_deep_link%2Caw_image_url%2Caw_thumb_url%2Ccategory_id%2Ccategory_name%2Cbrand_id%2Cbrand_name%2Cmerchant_product_id%2Cmerchant_category%2Cean%2Cmpn%2Cproduct_name%2Cdescription%2Cmerchant_deep_link%2Cmerchant_image_url%2Cdelivery_time%2Csearch_price%2Cdelivery_cost%2Cproduct_type%2Ccolour/"
"115164","LUMIPIA","US","Not Joined","Awin","102100","Default","English","","2026-05-15 17:33:44","","13","https://productdata.awin.com/datafeed/download/apikey/fa0ea60ea5f17aca3a0224f06ab4d131/fid/102100/format/csv/language/en/delimiter/%2C/compression/gzip/adultcontent/1/columns/data_feed_id%2Cmerchant_id%2Cmerchant_name%2Caw_product_id%2Caw_deep_link%2Caw_image_url%2Caw_thumb_url%2Ccategory_id%2Ccategory_name%2Cbrand_id%2Cbrand_name%2Cmerchant_product_id%2Cmerchant_category%2Cproduct_name%2Cdescription%2Cmerchant_deep_link%2Cmerchant_image_url%2Csearch_price/"
"115164","LUMIPIA","US","Not Joined","Awin","102101","Default","English","","2026-05-15 17:33:44","","1","https://productdata.awin.com/datafeed/download/apikey/fa0ea60ea5f17aca3a0224f06ab4d131/fid/102101/format/csv/language/en/delimiter/%2C/compression/gzip/adultcontent/1/columns/data_feed_id%2Cmerchant_id%2Cmerchant_name%2Caw_product_id%2Caw_deep_link%2Caw_image_url%2Caw_thumb_url%2Ccategory_id%2Ccategory_name%2Cbrand_id%2Cbrand_name%2Cmerchant_product_id%2Cmerchant_category%2Cproduct_name%2Cdescription%2Cmerchant_deep_link%2Cmerchant_image_url%2Csearch_price/"
"115673","Kaytea","GB","Not Joined","Awin","102133","Default","English","","2026-05-15 17:33:46","","11","https://productdata.awin.com/datafeed/download/apikey/fa0ea60ea5f17aca3a0224f06ab4d131/fid/102133/format/csv/language/en/delimiter/%2C/compression/gzip/adultcontent/1/columns/data_feed_id%2Cmerchant_id%2Cmerchant_name%2Caw_product_id%2Caw_deep_link%2Caw_image_url%2Caw_thumb_url%2Ccategory_id%2Ccategory_name%2Cbrand_id%2Cbrand_name%2Cmerchant_product_id%2Cmerchant_category%2Cean%2Cmpn%2Cproduct_name%2Cdescription%2Cmerchant_deep_link%2Cmerchant_image_url%2Cdelivery_time%2Csearch_price%2Cdelivery_cost%2Cproduct_type%2Ccolour/"
"116021","Outdoor Queen DE","DE","Not Joined","Awin","102135","OQ DE","German","","2026-05-15 17:33:47","","3","https://productdata.awin.com/datafeed/download/apikey/fa0ea60ea5f17aca3a0224f06ab4d131/fid/102135/format/csv/language/de/delimiter/%2C/compression/gzip/columns/data_feed_id%2Cmerchant_id%2Cmerchant_name%2Caw_product_id%2Caw_deep_link%2Caw_image_url%2Caw_thumb_url%2Ccategory_id%2Ccategory_name%2Cbrand_id%2Cbrand_name%2Cmerchant_product_id%2Cmerchant_category%2Cupc%2Cean%2Cisbn%2Cmodel_number%2Cproduct_name%2Cdescription%2Cspecifications%2Cpromotional_text%2Clanguage%2Cmerchant_deep_link%2Cmerchant_image_url%2Cdelivery_time%2Cvalid_from%2Cvalid_to%2Ccurrency%2Csearch_price%2Cstore_price%2Crrp_price%2Cdelivery_cost%2Cin_stock%2Cstock_quantity%2Cis_for_sale%2Cwarranty%2Ccondition%2Cproduct_type%2Cparent_product_id%2Ccommission_group%2Clast_updated%2Cdimensions%2Ccolour%2Ckeywords%2Csaving%2Cdelivery_weight%2Cdelivery_restrictions%2Creviews%2Caverage_rating%2Crating%2Calternate_image%2Clarge_image%2Cbasket_link%2Cproduct_short_description%2Cproduct_model%2Cmerchant_product_category_path%2Cmerchant_product_second_category%2Cmerchant_product_third_category%2Csavings_percent%2Cbase_price%2Cbase_price_amount%2Cbase_price_text%2Cproduct_price_old%2Cstock_status%2Csize_stock_status%2Csize_stock_amount%2Cproduct_GTIN/"
"116021","Outdoor Queen DE","DE","Not Joined","Awin","102139","OQ NL","Dutch","","2026-05-15 17:33:49","","3","https://productdata.awin.com/datafeed/download/apikey/fa0ea60ea5f17aca3a0224f06ab4d131/fid/102139/format/csv/language/nl/delimiter/%2C/compression/gzip/columns/data_feed_id%2Cmerchant_id%2Cmerchant_name%2Caw_product_id%2Caw_deep_link%2Caw_image_url%2Caw_thumb_url%2Ccategory_id%2Ccategory_name%2Cbrand_id%2Cbrand_name%2Cmerchant_product_id%2Cmerchant_category%2Cupc%2Cean%2Cisbn%2Cmodel_number%2Cproduct_name%2Cdescription%2Cspecifications%2Cpromotional_text%2Clanguage%2Cmerchant_deep_link%2Cmerchant_image_url%2Cdelivery_time%2Cvalid_from%2Cvalid_to%2Ccurrency%2Csearch_price%2Cstore_price%2Crrp_price%2Cdelivery_cost%2Cin_stock%2Cstock_quantity%2Cis_for_sale%2Cwarranty%2Ccondition%2Cproduct_type%2Cparent_product_id%2Ccommission_group%2Clast_updated%2Cdimensions%2Ccolour%2Ckeywords%2Csaving%2Cdelivery_weight%2Cdelivery_restrictions%2Creviews%2Caverage_rating%2Crating%2Calternate_image%2Clarge_image%2Cbasket_link%2Cproduct_short_description%2Cproduct_model%2Cmerchant_product_category_path%2Cmerchant_product_second_category%2Cmerchant_product_third_category%2Csavings_percent%2Cbase_price%2Cbase_price_amount%2Cbase_price_text%2Cproduct_price_old%2Cstock_status%2Csize_stock_status%2Csize_stock_amount%2Cproduct_GTIN/"
"116033","Bazta IE","IE","Not Joined","Awin","102157","Awin - Full (memberprices)","English","","2026-06-13 16:14:29","2026-06-13 16:14:15","8525","https://productdata.awin.com/datafeed/download/apikey/fa0ea60ea5f17aca3a0224f06ab4d131/fid/102157/format/csv/language/en/delimiter/%2C/compression/gzip/adultcontent/1/columns/data_feed_id%2Cmerchant_id%2Cmerchant_name%2Caw_product_id%2Caw_deep_link%2Caw_image_url%2Caw_thumb_url%2Ccategory_id%2Ccategory_name%2Cbrand_id%2Cbrand_name%2Cmerchant_product_id%2Cmerchant_category%2Cmpn%2Cproduct_name%2Cdescription%2Cmerchant_deep_link%2Cmerchant_image_url%2Csearch_price%2Cdelivery_cost%2Cweb_offer%2Cpre_order%2Cstock_quantity%2Cis_for_sale%2Ccondition%2Ccommission_group%2Ccolour%2Ccustom_1%2Calternate_image%2Cmerchant_product_category_path%2Cmerchant_product_second_category%2Cmerchant_product_third_category%2Cstock_status%2Cproduct_GTIN/"
"101325","ShinningU - US","US","Not Joined","Awin","102162","Update-20250515","English","","2026-05-15 17:33:52","","74","https://productdata.awin.com/datafeed/download/apikey/fa0ea60ea5f17aca3a0224f06ab4d131/fid/102162/format/csv/language/en/delimiter/%2C/compression/gzip/adultcontent/1/columns/data_feed_id%2Cmerchant_id%2Cmerchant_name%2Caw_product_id%2Caw_deep_link%2Caw_image_url%2Caw_thumb_url%2Ccategory_id%2Ccategory_name%2Cbrand_id%2Cbrand_name%2Cmerchant_product_id%2Cmerchant_category%2Cproduct_name%2Cdescription%2Cmerchant_deep_link%2Csearch_price/"
"116033","Bazta IE","IE","Not Joined","Awin","102163","Awin - Full (normal prices)","English","","2026-06-13 12:24:08","2026-06-13 12:23:55","8527","https://productdata.awin.com/datafeed/download/apikey/fa0ea60ea5f17aca3a0224f06ab4d131/fid/102163/format/csv/language/en/delimiter/%2C/compression/gzip/adultcontent/1/columns/data_feed_id%2Cmerchant_id%2Cmerchant_name%2Caw_product_id%2Caw_deep_link%2Caw_image_url%2Caw_thumb_url%2Ccategory_id%2Ccategory_name%2Cbrand_id%2Cbrand_name%2Cmerchant_product_id%2Cmerchant_category%2Cmpn%2Cproduct_name%2Cdescription%2Cmerchant_deep_link%2Cmerchant_image_url%2Csearch_price%2Cdelivery_cost%2Cweb_offer%2Cpre_order%2Cstock_quantity%2Cis_for_sale%2Ccondition%2Ccommission_group%2Ccolour%2Ccustom_1%2Ccustom_2%2Calternate_image%2Cmerchant_product_category_path%2Cmerchant_product_second_category%2Cmerchant_product_third_category%2Cstock_status%2Cproduct_GTIN/"
"116097","Bazta UK","GB","Not Joined","Awin","102169","Awin - Full (memberprices)","English","","2026-06-13 16:17:49","2026-06-13 16:17:37","8395","https://productdata.awin.com/datafeed/download/apikey/fa0ea60ea5f17aca3a0224f06ab4d131/fid/102169/format/csv/language/en/delimiter/%2C/compression/gzip/adultcontent/1/columns/data_feed_id%2Cmerchant_id%2Cmerchant_name%2Caw_product_id%2Caw_deep_link%2Caw_image_url%2Caw_thumb_url%2Ccategory_id%2Ccategory_name%2Cbrand_id%2Cbrand_name%2Cmerchant_product_id%2Cmerchant_category%2Cmpn%2Cproduct_name%2Cdescription%2Cmerchant_deep_link%2Cmerchant_image_url%2Csearch_price%2Cdelivery_cost%2Cweb_offer%2Cpre_order%2Cin_stock%2Cstock_quantity%2Cis_for_sale%2Ccondition%2Ccommission_group%2Ccolour%2Ccustom_1%2Calternate_image%2Cmerchant_product_category_path%2Cmerchant_product_second_category%2Cmerchant_product_third_category%2Cproduct_GTIN/"
"116097","Bazta UK","GB","Not Joined","Awin","102170","Awin - Full (normal prices)","English","","2026-06-13 16:18:05","2026-06-13 16:17:54","8395","https://productdata.awin.com/datafeed/download/apikey/fa0ea60ea5f17aca3a0224f06ab4d131/fid/102170/format/csv/language/en/delimiter/%2C/compression/gzip/adultcontent/1/columns/data_feed_id%2Cmerchant_id%2Cmerchant_name%2Caw_product_id%2Caw_deep_link%2Caw_image_url%2Caw_thumb_url%2Ccategory_id%2Ccategory_name%2Cbrand_id%2Cbrand_name%2Cmerchant_product_id%2Cmerchant_category%2Cmpn%2Cproduct_name%2Cdescription%2Cmerchant_deep_link%2Cmerchant_image_url%2Csearch_price%2Cdelivery_cost%2Cweb_offer%2Cpre_order%2Cstock_quantity%2Cis_for_sale%2Ccondition%2Ccommission_group%2Ccolour%2Ccustom_1%2Ccustom_2%2Calternate_image%2Cmerchant_product_category_path%2Cmerchant_product_second_category%2Cmerchant_product_third_category%2Cstock_status%2Cproduct_GTIN/"
"115743","Plusshop FI","FI","Not Joined","Awin","102180","Awin - Full (memberprices)","Finnish","","2026-06-13 16:02:22","2026-06-13 16:02:08","8638","https://productdata.awin.com/datafeed/download/apikey/fa0ea60ea5f17aca3a0224f06ab4d131/fid/102180/format/csv/language/fi/delimiter/%2C/compression/gzip/columns/data_feed_id%2Cmerchant_id%2Cmerchant_name%2Caw_product_id%2Caw_deep_link%2Caw_image_url%2Caw_thumb_url%2Ccategory_id%2Ccategory_name%2Cbrand_id%2Cbrand_name%2Cmerchant_product_id%2Cmerchant_category%2Cmpn%2Cproduct_name%2Cdescription%2Cmerchant_deep_link%2Cmerchant_image_url%2Csearch_price%2Cdelivery_cost%2Cweb_offer%2Cpre_order%2Cin_stock%2Cstock_quantity%2Cis_for_sale%2Ccondition%2Ccommission_group%2Ccolour%2Ccustom_1%2Calternate_image%2Cmerchant_product_category_path%2Cmerchant_product_second_category%2Cmerchant_product_third_category%2Cproduct_GTIN/"
"115743","Plusshop FI","FI","Not Joined","Awin","102183","Awin - Full (normal prices)","Finnish","","2026-06-13 16:02:38","2026-06-13 16:02:25","8638","https://productdata.awin.com/datafeed/download/apikey/fa0ea60ea5f17aca3a0224f06ab4d131/fid/102183/format/csv/language/fi/delimiter/%2C/compression/gzip/columns/data_feed_id%2Cmerchant_id%2Cmerchant_name%2Caw_product_id%2Caw_deep_link%2Caw_image_url%2Caw_thumb_url%2Ccategory_id%2Ccategory_name%2Cbrand_id%2Cbrand_name%2Cmerchant_product_id%2Cmerchant_category%2Cmpn%2Cproduct_name%2Cdescription%2Cmerchant_deep_link%2Cmerchant_image_url%2Csearch_price%2Cdelivery_cost%2Cweb_offer%2Cpre_order%2Cin_stock%2Cstock_quantity%2Cis_for_sale%2Ccondition%2Ccommission_group%2Ccolour%2Ccustom_1%2Calternate_image%2Cmerchant_product_category_path%2Cmerchant_product_second_category%2Cmerchant_product_third_category%2Cproduct_GTIN/"
"115715","eSIMania.com - Buy eSIM for International Travel","US","Not Joined","Awin","102311","Default","English","","2026-06-12 04:02:01","2026-06-13 04:02:13","1390","https://productdata.awin.com/datafeed/download/apikey/fa0ea60ea5f17aca3a0224f06ab4d131/fid/102311/format/csv/language/en/delimiter/%2C/compression/gzip/adultcontent/1/columns/aw_deep_link%2Cproduct_name%2Caw_product_id%2Cmerchant_product_id%2Cmerchant_image_url%2Cdescription%2Cmerchant_category%2Csearch_price%2Cmerchant_name%2Cmerchant_id%2Ccategory_name%2Ccategory_id%2Caw_image_url%2Ccurrency%2Cstore_price%2Cdelivery_cost%2Cmerchant_deep_link%2Clanguage%2Clast_updated%2Cbrand_name%2Cbrand_id%2Ccolour%2Cproduct_short_description%2Cspecifications%2Ccondition%2Cproduct_model%2Cmodel_number%2Cdimensions%2Ckeywords%2Cpromotional_text%2Cproduct_type%2Ccommission_group%2Cmerchant_product_category_path%2Cmerchant_product_second_category%2Cmerchant_product_third_category%2Crrp_price%2Csaving%2Csavings_percent%2Cbase_price%2Cbase_price_amount%2Cbase_price_text%2Cproduct_price_old%2Cdelivery_restrictions%2Cdelivery_weight%2Cwarranty%2Cterms_of_contract%2Cdelivery_time%2Cin_stock%2Cstock_quantity%2Cvalid_from%2Cvalid_to%2Cis_for_sale%2Cweb_offer%2Cpre_order%2Cstock_status%2Csize_stock_status%2Csize_stock_amount%2Cmerchant_thumb_url%2Clarge_image%2Calternate_image%2Caw_thumb_url%2Calternate_image_two%2Calternate_image_three%2Calternate_image_four%2Creviews%2Caverage_rating%2Crating%2Cnumber_available%2Ccustom_1%2Ccustom_2%2Ccustom_3%2Ccustom_4%2Ccustom_5%2Ccustom_6%2Ccustom_7%2Ccustom_8%2Ccustom_9%2Cean%2Cisbn%2Cupc%2Cmpn%2Cparent_product_id%2Cproduct_GTIN%2Cbasket_link/"
"115783","Horow DE","DE","Not Joined","Awin","102436","Horow-de","German","","2026-05-15 17:35:26","","23","https://productdata.awin.com/datafeed/download/apikey/fa0ea60ea5f17aca3a0224f06ab4d131/fid/102436/format/csv/language/de/delimiter/%2C/compression/gzip/columns/data_feed_id%2Cmerchant_id%2Cmerchant_name%2Caw_product_id%2Caw_deep_link%2Caw_image_url%2Caw_thumb_url%2Ccategory_id%2Ccategory_name%2Cbrand_id%2Cbrand_name%2Cmerchant_product_id%2Cproduct_name%2Cdescription%2Cmerchant_deep_link%2Csearch_price/"
"116479","Watches Of USA","US","Not Joined","Awin","102556","AWIN WOU","English","","2026-06-12 09:01:51","2026-06-13 14:01:37","923","https://productdata.awin.com/datafeed/download/apikey/fa0ea60ea5f17aca3a0224f06ab4d131/fid/102556/format/csv/language/en/delimiter/%2C/compression/gzip/adultcontent/1/columns/aw_deep_link%2Cproduct_name%2Caw_product_id%2Cmerchant_product_id%2Cmerchant_image_url%2Cdescription%2Cmerchant_category%2Csearch_price%2Cmerchant_name%2Cmerchant_id%2Ccategory_name%2Ccategory_id%2Caw_image_url%2Ccurrency%2Cstore_price%2Cdelivery_cost%2Cmerchant_deep_link%2Clanguage%2Clast_updated%2Cbrand_name%2Cbrand_id%2Ccolour%2Cproduct_short_description%2Cspecifications%2Ccondition%2Cproduct_model%2Cmodel_number%2Cdimensions%2Ckeywords%2Cpromotional_text%2Cproduct_type%2Ccommission_group%2Cmerchant_product_category_path%2Cmerchant_product_second_category%2Cmerchant_product_third_category%2Crrp_price%2Csaving%2Csavings_percent%2Cbase_price%2Cbase_price_amount%2Cbase_price_text%2Cproduct_price_old%2Cdelivery_restrictions%2Cdelivery_weight%2Cwarranty%2Cterms_of_contract%2Cdelivery_time%2Cin_stock%2Cstock_quantity%2Cvalid_from%2Cvalid_to%2Cis_for_sale%2Cweb_offer%2Cpre_order%2Cstock_status%2Csize_stock_status%2Csize_stock_amount%2Cmerchant_thumb_url%2Clarge_image%2Calternate_image%2Caw_thumb_url%2Calternate_image_two%2Calternate_image_three%2Calternate_image_four%2Creviews%2Caverage_rating%2Crating%2Cnumber_available%2Ccustom_1%2Ccustom_2%2Ccustom_3%2Ccustom_4%2Ccustom_5%2Ccustom_6%2Ccustom_7%2Ccustom_8%2Ccustom_9%2Cean%2Cisbn%2Cupc%2Cmpn%2Cparent_product_id%2Cproduct_GTIN%2Cbasket_link/"
"100113","Tantaly UK","GB","Not Joined","Awin","102592","TantalyUK 20250523","English","","2026-05-15 17:36:03","","57","https://productdata.awin.com/datafeed/download/apikey/fa0ea60ea5f17aca3a0224f06ab4d131/fid/102592/format/csv/language/en/delimiter/%2C/compression/gzip/adultcontent/1/columns/data_feed_id%2Cmerchant_id%2Cmerchant_name%2Caw_product_id%2Caw_deep_link%2Caw_image_url%2Caw_thumb_url%2Ccategory_id%2Ccategory_name%2Cbrand_id%2Cbrand_name%2Cmerchant_product_id%2Cmerchant_category%2Cproduct_name%2Cdescription%2Cmerchant_deep_link%2Cmerchant_image_url%2Ccurrency%2Csearch_price%2Ccolour%2Cproduct_price_old/"
"113806","The Yoga Friends DE","DE","Not Joined","Awin","102610","Feed_Deutsch","German","","2026-05-15 17:36:08","","5","https://productdata.awin.com/datafeed/download/apikey/fa0ea60ea5f17aca3a0224f06ab4d131/fid/102610/format/csv/language/de/delimiter/%2C/compression/gzip/columns/data_feed_id%2Cmerchant_id%2Cmerchant_name%2Caw_product_id%2Caw_deep_link%2Caw_image_url%2Caw_thumb_url%2Ccategory_id%2Ccategory_name%2Cbrand_id%2Cbrand_name%2Cmerchant_product_id%2Cmerchant_category%2Cean%2Cmpn%2Cproduct_name%2Cdescription%2Cmerchant_deep_link%2Cmerchant_image_url%2Cdelivery_time%2Csearch_price%2Cdelivery_cost%2Cproduct_type%2Ccolour/"
"46127","Rowabi","US","Not Joined","Awin","102653","sftp://datafeeds.shareasale.com/Awin/137973/feed.zip","English","","2026-05-15 17:36:12","2025-10-08 04:06:11","151","https://productdata.awin.com/datafeed/download/apikey/fa0ea60ea5f17aca3a0224f06ab4d131/fid/102653/format/csv/language/en/delimiter/%2C/compression/gzip/adultcontent/1/columns/data_feed_id%2Cmerchant_id%2Cmerchant_name%2Caw_product_id%2Caw_deep_link%2Caw_image_url%2Caw_thumb_url%2Ccategory_id%2Ccategory_name%2Cbrand_id%2Cbrand_name%2Cmerchant_product_id%2Cmerchant_category%2Cupc%2Cisbn%2Cmodel_number%2Cproduct_name%2Cdescription%2Cmerchant_deep_link%2Cmerchant_thumb_url%2Cmerchant_image_url%2Csearch_price%2Crrp_price%2Ccommission_group%2Ckeywords%2Ccustom_1%2Ccustom_2%2Ccustom_3%2Ccustom_4%2Ccustom_5%2Creviews%2Cbasket_link%2Cproduct_short_description%2Cmerchant_product_second_category%2Cmerchant_product_third_category%2Cstock_status/"
"116527","DXB CHOC","GB","Not Joined","Awin","102804","Default","English","","2026-05-15 17:37:30","2025-05-30 08:59:18","2","https://productdata.awin.com/datafeed/download/apikey/fa0ea60ea5f17aca3a0224f06ab4d131/fid/102804/format/csv/language/en/delimiter/%2C/compression/gzip/adultcontent/1/columns/data_feed_id%2Cmerchant_id%2Cmerchant_name%2Caw_product_id%2Caw_deep_link%2Caw_image_url%2Caw_thumb_url%2Ccategory_id%2Ccategory_name%2Cbrand_id%2Cbrand_name%2Cmerchant_product_id%2Cmerchant_category%2Cean%2Cmpn%2Cproduct_name%2Cdescription%2Cmerchant_deep_link%2Cmerchant_image_url%2Cdelivery_time%2Ccurrency%2Csearch_price%2Cdelivery_cost%2Cproduct_type%2Ccolour%2Ccustom_1%2Cproduct_price_old/"
"116237","Bloomcabin Netherlands","NL","Not Joined","Awin","102810","Bloomcabin","Dutch","","2026-06-10 17:01:23","2026-06-13 17:01:12","50","https://productdata.awin.com/datafeed/download/apikey/fa0ea60ea5f17aca3a0224f06ab4d131/fid/102810/format/csv/language/nl/delimiter/%2C/compression/gzip/columns/aw_deep_link%2Cproduct_name%2Caw_product_id%2Cmerchant_product_id%2Cmerchant_image_url%2Cdescription%2Cmerchant_category%2Csearch_price%2Cmerchant_name%2Cmerchant_id%2Ccategory_name%2Ccategory_id%2Caw_image_url%2Ccurrency%2Cstore_price%2Cdelivery_cost%2Cmerchant_deep_link%2Clanguage%2Clast_updated%2Cbrand_name%2Cbrand_id%2Ccolour%2Cproduct_short_description%2Cspecifications%2Ccondition%2Cproduct_model%2Cmodel_number%2Cdimensions%2Ckeywords%2Cpromotional_text%2Cproduct_type%2Ccommission_group%2Cmerchant_product_category_path%2Cmerchant_product_second_category%2Cmerchant_product_third_category%2Crrp_price%2Csaving%2Csavings_percent%2Cbase_price%2Cbase_price_amount%2Cbase_price_text%2Cproduct_price_old%2Cdelivery_restrictions%2Cdelivery_weight%2Cwarranty%2Cterms_of_contract%2Cdelivery_time%2Cin_stock%2Cstock_quantity%2Cvalid_from%2Cvalid_to%2Cis_for_sale%2Cweb_offer%2Cpre_order%2Cstock_status%2Csize_stock_status%2Csize_stock_amount%2Cmerchant_thumb_url%2Clarge_image%2Calternate_image%2Caw_thumb_url%2Calternate_image_two%2Calternate_image_three%2Calternate_image_four%2Creviews%2Caverage_rating%2Crating%2Cnumber_available%2Ccustom_1%2Ccustom_2%2Ccustom_3%2Ccustom_4%2Ccustom_5%2Ccustom_6%2Ccustom_7%2Ccustom_8%2Ccustom_9%2Cean%2Cisbn%2Cupc%2Cmpn%2Cparent_product_id%2Cproduct_GTIN%2Cbasket_link/"
"115957","Bloomcabin UK","GB","Not Joined","Awin","102811","Bloomcabin","English","","2026-06-10 17:01:22","2026-06-13 17:01:15","42","https://productdata.awin.com/datafeed/download/apikey/fa0ea60ea5f17aca3a0224f06ab4d131/fid/102811/format/csv/language/en/delimiter/%2C/compression/gzip/adultcontent/1/columns/aw_deep_link%2Cproduct_name%2Caw_product_id%2Cmerchant_product_id%2Cmerchant_image_url%2Cdescription%2Cmerchant_category%2Csearch_price%2Cmerchant_name%2Cmerchant_id%2Ccategory_name%2Ccategory_id%2Caw_image_url%2Ccurrency%2Cstore_price%2Cdelivery_cost%2Cmerchant_deep_link%2Clanguage%2Clast_updated%2Cbrand_name%2Cbrand_id%2Ccolour%2Cproduct_short_description%2Cspecifications%2Ccondition%2Cproduct_model%2Cmodel_number%2Cdimensions%2Ckeywords%2Cpromotional_text%2Cproduct_type%2Ccommission_group%2Cmerchant_product_category_path%2Cmerchant_product_second_category%2Cmerchant_product_third_category%2Crrp_price%2Csaving%2Csavings_percent%2Cbase_price%2Cbase_price_amount%2Cbase_price_text%2Cproduct_price_old%2Cdelivery_restrictions%2Cdelivery_weight%2Cwarranty%2Cterms_of_contract%2Cdelivery_time%2Cin_stock%2Cstock_quantity%2Cvalid_from%2Cvalid_to%2Cis_for_sale%2Cweb_offer%2Cpre_order%2Cstock_status%2Csize_stock_status%2Csize_stock_amount%2Cmerchant_thumb_url%2Clarge_image%2Calternate_image%2Caw_thumb_url%2Calternate_image_two%2Calternate_image_three%2Calternate_image_four%2Creviews%2Caverage_rating%2Crating%2Cnumber_available%2Ccustom_1%2Ccustom_2%2Ccustom_3%2Ccustom_4%2Ccustom_5%2Ccustom_6%2Ccustom_7%2Ccustom_8%2Ccustom_9%2Cean%2Cisbn%2Cupc%2Cmpn%2Cparent_product_id%2Cproduct_GTIN%2Cbasket_link/"
"115959","Bloomcabin USA","US","Not Joined","Awin","102812","Bloomcabin","English","","2026-05-15 17:37:35","2026-06-13 17:01:11","42","https://productdata.awin.com/datafeed/download/apikey/fa0ea60ea5f17aca3a0224f06ab4d131/fid/102812/format/csv/language/en/delimiter/%2C/compression/gzip/adultcontent/1/columns/aw_deep_link%2Cproduct_name%2Caw_product_id%2Cmerchant_product_id%2Cmerchant_image_url%2Cdescription%2Cmerchant_category%2Csearch_price%2Cmerchant_name%2Cmerchant_id%2Ccategory_name%2Ccategory_id%2Caw_image_url%2Ccurrency%2Cstore_price%2Cdelivery_cost%2Cmerchant_deep_link%2Clanguage%2Clast_updated%2Cbrand_name%2Cbrand_id%2Ccolour%2Cproduct_short_description%2Cspecifications%2Ccondition%2Cproduct_model%2Cmodel_number%2Cdimensions%2Ckeywords%2Cpromotional_text%2Cproduct_type%2Ccommission_group%2Cmerchant_product_category_path%2Cmerchant_product_second_category%2Cmerchant_product_third_category%2Crrp_price%2Csaving%2Csavings_percent%2Cbase_price%2Cbase_price_amount%2Cbase_price_text%2Cproduct_price_old%2Cdelivery_restrictions%2Cdelivery_weight%2Cwarranty%2Cterms_of_contract%2Cdelivery_time%2Cin_stock%2Cstock_quantity%2Cvalid_from%2Cvalid_to%2Cis_for_sale%2Cweb_offer%2Cpre_order%2Cstock_status%2Csize_stock_status%2Csize_stock_amount%2Cmerchant_thumb_url%2Clarge_image%2Calternate_image%2Caw_thumb_url%2Calternate_image_two%2Calternate_image_three%2Calternate_image_four%2Creviews%2Caverage_rating%2Crating%2Cnumber_available%2Ccustom_1%2Ccustom_2%2Ccustom_3%2Ccustom_4%2Ccustom_5%2Ccustom_6%2Ccustom_7%2Ccustom_8%2Ccustom_9%2Cean%2Cisbn%2Cupc%2Cmpn%2Cparent_product_id%2Cproduct_GTIN%2Cbasket_link/"
"61655","Back to the Office","GB","Not Joined","Awin","102827","General Feed - Back to the Office","English","","2026-06-13 13:24:33","2026-06-13 13:20:39","122973","https://productdata.awin.com/datafeed/download/apikey/fa0ea60ea5f17aca3a0224f06ab4d131/fid/102827/format/csv/language/en/delimiter/%2C/compression/gzip/adultcontent/1/columns/data_feed_id%2Cmerchant_id%2Cmerchant_name%2Caw_product_id%2Caw_deep_link%2Caw_image_url%2Caw_thumb_url%2Ccategory_id%2Ccategory_name%2Cbrand_id%2Cbrand_name%2Cmerchant_product_id%2Cmerchant_category%2Cean%2Cmpn%2Cproduct_name%2Cdescription%2Cmerchant_deep_link%2Cmerchant_image_url%2Cdelivery_time%2Csearch_price%2Cdelivery_cost%2Cstock_quantity%2Cproduct_type%2Cstock_status/"
"109636","Back to the Pets","GB","Not Joined","Awin","102828","Back to the Pets - Mulwi","English","","2026-05-15 17:37:47","2025-12-05 04:01:53","7827","https://productdata.awin.com/datafeed/download/apikey/fa0ea60ea5f17aca3a0224f06ab4d131/fid/102828/format/csv/language/en/delimiter/%2C/compression/gzip/adultcontent/1/columns/data_feed_id%2Cmerchant_id%2Cmerchant_name%2Caw_product_id%2Caw_deep_link%2Caw_image_url%2Caw_thumb_url%2Ccategory_id%2Ccategory_name%2Cbrand_id%2Cbrand_name%2Cmerchant_product_id%2Cmerchant_category%2Cean%2Cmpn%2Cproduct_name%2Cdescription%2Cmerchant_deep_link%2Cmerchant_image_url%2Cdelivery_time%2Csearch_price%2Cdelivery_cost%2Cproduct_type/"
"116725","World Businesses for Sale","GB","Not Joined","Awin","102847","Manual Data Feed","English","","2026-05-15 17:37:53","","3","https://productdata.awin.com/datafeed/download/apikey/fa0ea60ea5f17aca3a0224f06ab4d131/fid/102847/format/csv/language/en/delimiter/%2C/compression/gzip/adultcontent/1/columns/data_feed_id%2Cmerchant_id%2Cmerchant_name%2Caw_product_id%2Caw_deep_link%2Caw_image_url%2Caw_thumb_url%2Ccategory_id%2Ccategory_name%2Cbrand_id%2Cbrand_name%2Cmerchant_product_id%2Cmerchant_category%2Cean%2Cmpn%2Cproduct_name%2Cdescription%2Cmerchant_deep_link%2Cmerchant_image_url%2Csearch_price%2Cproduct_type/"
"115929","Audiobooks for everyone","US","Not Joined","Awin","102896","test product feed","English","","2026-05-15 17:50:34","","110","https://productdata.awin.com/datafeed/download/apikey/fa0ea60ea5f17aca3a0224f06ab4d131/fid/102896/format/csv/language/en/delimiter/%2C/compression/gzip/adultcontent/1/columns/data_feed_id%2Cmerchant_id%2Cmerchant_name%2Caw_product_id%2Caw_deep_link%2Caw_image_url%2Caw_thumb_url%2Ccategory_id%2Ccategory_name%2Cbrand_id%2Cbrand_name%2Cmerchant_product_id%2Cmerchant_category%2Cproduct_name%2Cdescription%2Cmerchant_deep_link%2Cmerchant_image_url%2Csearch_price/"
"30693","8wines DACH","DE","Not Joined","Awin","102961","Awin DE csv","German","","2026-06-10 15:01:53","2026-06-13 15:02:00","2131","https://productdata.awin.com/datafeed/download/apikey/fa0ea60ea5f17aca3a0224f06ab4d131/fid/102961/format/csv/language/de/delimiter/%2C/compression/gzip/columns/data_feed_id%2Cmerchant_id%2Cmerchant_name%2Caw_product_id%2Caw_deep_link%2Caw_image_url%2Caw_thumb_url%2Ccategory_id%2Ccategory_name%2Cbrand_id%2Cbrand_name%2Cmerchant_product_id%2Cmerchant_category%2Cean%2Cproduct_name%2Cdescription%2Cmerchant_deep_link%2Cmerchant_image_url%2Cdelivery_time%2Csearch_price%2Cdelivery_cost%2Cproduct_type%2Ccolour%2Ccustom_1%2Ccustom_2%2Ccustom_3%2Cmerchant_product_third_category%2Cstock_status/"
"107838","Magicshine","US","Not Joined","Awin","102983","sftp://datafeeds.shareasale.com/Awin/104703/feed.zip","English","","2026-05-15 17:51:59","2025-10-08 13:08:28","35","https://productdata.awin.com/datafeed/download/apikey/fa0ea60ea5f17aca3a0224f06ab4d131/fid/102983/format/csv/language/en/delimiter/%2C/compression/gzip/adultcontent/1/columns/data_feed_id%2Cmerchant_id%2Cmerchant_name%2Caw_product_id%2Caw_deep_link%2Caw_image_url%2Caw_thumb_url%2Ccategory_id%2Ccategory_name%2Cbrand_id%2Cbrand_name%2Cmerchant_product_id%2Cmerchant_category%2Cupc%2Cisbn%2Cmodel_number%2Cproduct_name%2Cdescription%2Cmerchant_deep_link%2Cmerchant_thumb_url%2Cmerchant_image_url%2Csearch_price%2Crrp_price%2Ccommission_group%2Ckeywords%2Ccustom_1%2Ccustom_2%2Ccustom_3%2Ccustom_4%2Ccustom_5%2Creviews%2Cbasket_link%2Cproduct_short_description%2Cmerchant_product_second_category%2Cmerchant_product_third_category%2Cstock_status/"
"101325","ShinningU - US","US","Not Joined","Awin","103003","20250605-60 new products","English","","2026-05-15 17:52:33","","77","https://productdata.awin.com/datafeed/download/apikey/fa0ea60ea5f17aca3a0224f06ab4d131/fid/103003/format/csv/language/en/delimiter/%2C/compression/gzip/adultcontent/1/columns/data_feed_id%2Cmerchant_id%2Cmerchant_name%2Caw_product_id%2Caw_deep_link%2Caw_image_url%2Caw_thumb_url%2Ccategory_id%2Ccategory_name%2Cbrand_id%2Cbrand_name%2Cmerchant_product_id%2Cmerchant_category%2Cproduct_name%2Cdescription%2Cmerchant_deep_link%2Csearch_price/"
"78850","TantalyDE","DE","Not Joined","Awin","103004","Default","English","","2026-05-15 17:52:36","","63","https://productdata.awin.com/datafeed/download/apikey/fa0ea60ea5f17aca3a0224f06ab4d131/fid/103004/format/csv/language/en/delimiter/%2C/compression/gzip/columns/data_feed_id%2Cmerchant_id%2Cmerchant_name%2Caw_product_id%2Caw_deep_link%2Caw_image_url%2Caw_thumb_url%2Ccategory_id%2Ccategory_name%2Cbrand_id%2Cbrand_name%2Cmerchant_product_id%2Cmerchant_category%2Cproduct_name%2Cdescription%2Cmerchant_deep_link%2Cmerchant_image_url%2Ccurrency%2Csearch_price%2Ccolour%2Cproduct_price_old/"
"116969","Guenda","IT","Not Joined","Awin","103097","Guenda","Italian","","2026-06-13 15:16:21","2026-06-13 15:15:32","37719","https://productdata.awin.com/datafeed/download/apikey/fa0ea60ea5f17aca3a0224f06ab4d131/fid/103097/format/csv/language/it/delimiter/%2C/compression/gzip/columns/data_feed_id%2Cmerchant_id%2Cmerchant_name%2Caw_product_id%2Caw_deep_link%2Caw_image_url%2Caw_thumb_url%2Ccategory_id%2Ccategory_name%2Cbrand_id%2Cbrand_name%2Cmerchant_product_id%2Cmerchant_category%2Cean%2Cmpn%2Cproduct_name%2Cdescription%2Cmerchant_deep_link%2Cmerchant_image_url%2Ccurrency%2Csearch_price%2Crrp_price%2Cdelivery_cost%2Cweb_offer%2Cin_stock%2Ccustom_1%2Csaving%2Csavings_percent%2Cproduct_price_old/"
"84357","Ceragem DE","DE","Not Joined","Awin","103126","Default","German","","2026-05-15 17:54:19","","7","https://productdata.awin.com/datafeed/download/apikey/fa0ea60ea5f17aca3a0224f06ab4d131/fid/103126/format/csv/language/de/delimiter/%2C/compression/gzip/columns/data_feed_id%2Cmerchant_id%2Cmerchant_name%2Caw_product_id%2Caw_deep_link%2Caw_image_url%2Caw_thumb_url%2Ccategory_id%2Ccategory_name%2Cbrand_id%2Cbrand_name%2Cmerchant_product_id%2Cmerchant_category%2Cproduct_name%2Cdescription%2Cmerchant_deep_link%2Cmerchant_image_url%2Csearch_price%2Cdelivery_cost/"
"115393","ANITA & ZAHA","FR","Not Joined","Awin","103146","Default","French","","2026-05-27 06:02:04","2026-06-13 12:01:23","59","https://productdata.awin.com/datafeed/download/apikey/fa0ea60ea5f17aca3a0224f06ab4d131/fid/103146/format/csv/language/fr/delimiter/%2C/compression/gzip/columns/data_feed_id%2Cmerchant_id%2Cmerchant_name%2Caw_product_id%2Caw_deep_link%2Caw_image_url%2Caw_thumb_url%2Ccategory_id%2Ccategory_name%2Cbrand_id%2Cbrand_name%2Cmerchant_product_id%2Cmerchant_category%2Cupc%2Cean%2Cisbn%2Cmodel_number%2Cproduct_name%2Cdescription%2Cspecifications%2Cpromotional_text%2Clanguage%2Cmerchant_deep_link%2Cmerchant_image_url%2Cdelivery_time%2Cvalid_from%2Cvalid_to%2Ccurrency%2Csearch_price%2Cstore_price%2Crrp_price%2Cdelivery_cost%2Cin_stock%2Cstock_quantity%2Cis_for_sale%2Cwarranty%2Ccondition%2Cproduct_type%2Cparent_product_id%2Ccommission_group%2Clast_updated%2Cdimensions%2Ccolour%2Ckeywords%2Csaving%2Cdelivery_weight%2Cdelivery_restrictions%2Creviews%2Caverage_rating%2Crating%2Calternate_image%2Clarge_image%2Cbasket_link%2Cproduct_short_description%2Cproduct_model%2Cmerchant_product_category_path%2Cmerchant_product_second_category%2Cmerchant_product_third_category%2Csavings_percent%2Cbase_price%2Cbase_price_amount%2Cbase_price_text%2Cproduct_price_old%2Cstock_status%2Csize_stock_status%2Csize_stock_amount%2Cproduct_GTIN/"
"117109","Simpletics","US","Not Joined","Awin","103174","Default","English","","2026-06-13 15:10:08","2026-06-13 15:10:05","20","https://productdata.awin.com/datafeed/download/apikey/fa0ea60ea5f17aca3a0224f06ab4d131/fid/103174/format/csv/language/en/delimiter/%2C/compression/gzip/adultcontent/1/columns/data_feed_id%2Cmerchant_id%2Cmerchant_name%2Caw_product_id%2Caw_deep_link%2Caw_image_url%2Caw_thumb_url%2Ccategory_id%2Ccategory_name%2Cbrand_id%2Cbrand_name%2Cmerchant_product_id%2Cmerchant_category%2Cean%2Cmpn%2Cproduct_name%2Cdescription%2Cmerchant_deep_link%2Cmerchant_image_url%2Cdelivery_time%2Csearch_price%2Cdelivery_cost%2Cproduct_type%2Ccolour/"
"115128","Gotodirect","US","Not Joined","Awin","103287","google-shopping.csv","English","ShoppingNL","2026-06-07 15:20:48","2026-06-13 15:03:04","642981","https://productdata.awin.com/datafeed/download/apikey/fa0ea60ea5f17aca3a0224f06ab4d131/fid/103287/format/csv/language/en/delimiter/%2C/compression/gzip/adultcontent/1/columns/data_feed_id%2Cmerchant_id%2Cmerchant_name%2Caw_product_id%2Caw_deep_link%2Caw_image_url%2Caw_thumb_url%2Ccategory_id%2Ccategory_name%2Cbrand_id%2Cbrand_name%2Cmerchant_product_id%2Cmpn%2Cproduct_name%2Cdescription%2Cmerchant_deep_link%2Cmerchant_image_url%2Csearch_price%2Ccondition%2Cproduct_type%2Cstock_status%2CShoppingNL%3Agoogle_taxonomy/"
"67974","Dunford, Inc.","US","Not Joined","Awin","103419","Wheelhero.com Wheels","English","ShoppingNL","2026-05-15 18:03:09","2026-05-22 16:03:16","90723","https://productdata.awin.com/datafeed/download/apikey/fa0ea60ea5f17aca3a0224f06ab4d131/fid/103419/format/csv/language/en/delimiter/%2C/compression/gzip/adultcontent/1/columns/data_feed_id%2Cmerchant_id%2Cmerchant_name%2Caw_product_id%2Caw_deep_link%2Caw_image_url%2Caw_thumb_url%2Ccategory_id%2Ccategory_name%2Cbrand_id%2Cbrand_name%2Cmerchant_product_id%2Cmerchant_category%2Cmpn%2Cproduct_name%2Cdescription%2Cmerchant_deep_link%2Cmerchant_image_url%2Csearch_price%2Cin_stock%2Ccondition%2Cparent_product_id%2Cdimensions%2Ccolour%2Ccustom_1%2Ccustom_2%2Cmerchant_product_category_path%2Cproduct_GTIN/"
"115234","Access a GP","GB","Not Joined","Awin","103474","Default","English","","2026-05-15 18:02:33","","3","https://productdata.awin.com/datafeed/download/apikey/fa0ea60ea5f17aca3a0224f06ab4d131/fid/103474/format/csv/language/en/delimiter/%2C/compression/gzip/adultcontent/1/columns/data_feed_id%2Cmerchant_id%2Cmerchant_name%2Caw_product_id%2Caw_deep_link%2Caw_image_url%2Caw_thumb_url%2Ccategory_id%2Ccategory_name%2Cbrand_id%2Cbrand_name%2Cmerchant_product_id%2Cproduct_name%2Cdescription%2Cmerchant_deep_link%2Cmerchant_image_url%2Ccurrency%2Csearch_price/"
"77952","Petlibro UK Affiliate Program","GB","Not Joined","Awin","103580","UK Product feed","English","","2026-05-15 18:04:44","","44","https://productdata.awin.com/datafeed/download/apikey/fa0ea60ea5f17aca3a0224f06ab4d131/fid/103580/format/csv/language/en/delimiter/%2C/compression/gzip/adultcontent/1/columns/data_feed_id%2Cmerchant_id%2Cmerchant_name%2Caw_product_id%2Caw_deep_link%2Caw_image_url%2Caw_thumb_url%2Ccategory_id%2Ccategory_name%2Cbrand_id%2Cbrand_name%2Cmerchant_product_id%2Cproduct_name%2Cdescription%2Cmerchant_deep_link%2Cmerchant_image_url%2Csearch_price%2Ccondition%2Cstock_status%2Cproduct_GTIN/"
"66262","Vivtone hearing","US","Not Joined","Awin","103731","sftp://datafeeds.shareasale.com/Awin/142617/feed.zip","English","","2026-05-15 18:09:08","2025-10-08 11:03:15","9","https://productdata.awin.com/datafeed/download/apikey/fa0ea60ea5f17aca3a0224f06ab4d131/fid/103731/format/csv/language/en/delimiter/%2C/compression/gzip/adultcontent/1/columns/data_feed_id%2Cmerchant_id%2Cmerchant_name%2Caw_product_id%2Caw_deep_link%2Caw_image_url%2Caw_thumb_url%2Ccategory_id%2Ccategory_name%2Cbrand_id%2Cbrand_name%2Cmerchant_product_id%2Cmerchant_category%2Cupc%2Cisbn%2Cmodel_number%2Cproduct_name%2Cdescription%2Cmerchant_deep_link%2Cmerchant_thumb_url%2Cmerchant_image_url%2Csearch_price%2Crrp_price%2Ccommission_group%2Ckeywords%2Ccustom_1%2Ccustom_2%2Ccustom_3%2Ccustom_4%2Ccustom_5%2Creviews%2Cbasket_link%2Cproduct_short_description%2Cmerchant_product_second_category%2Cmerchant_product_third_category%2Cstock_status/"
"117401","Fashiontamers DE","DE","Not Joined","Awin","103846","Awin DE","German","","2026-05-20 11:06:58","2026-06-13 16:01:54","4004","https://productdata.awin.com/datafeed/download/apikey/fa0ea60ea5f17aca3a0224f06ab4d131/fid/103846/format/csv/language/de/delimiter/%2C/compression/gzip/columns/aw_deep_link%2Cproduct_name%2Caw_product_id%2Cmerchant_product_id%2Cmerchant_image_url%2Cdescription%2Cmerchant_category%2Csearch_price%2Cmerchant_name%2Cmerchant_id%2Ccategory_name%2Ccategory_id%2Caw_image_url%2Ccurrency%2Cstore_price%2Cdelivery_cost%2Cmerchant_deep_link%2Clanguage%2Clast_updated%2Cbrand_name%2Cbrand_id%2Ccolour%2Cproduct_short_description%2Cspecifications%2Ccondition%2Cproduct_model%2Cmodel_number%2Cdimensions%2Ckeywords%2Cpromotional_text%2Cproduct_type%2Ccommission_group%2Cmerchant_product_category_path%2Cmerchant_product_second_category%2Cmerchant_product_third_category%2Crrp_price%2Csaving%2Csavings_percent%2Cbase_price%2Cbase_price_amount%2Cbase_price_text%2Cproduct_price_old%2Cdelivery_restrictions%2Cdelivery_weight%2Cwarranty%2Cterms_of_contract%2Cdelivery_time%2Cin_stock%2Cstock_quantity%2Cvalid_from%2Cvalid_to%2Cis_for_sale%2Cweb_offer%2Cpre_order%2Cstock_status%2Csize_stock_status%2Csize_stock_amount%2Cmerchant_thumb_url%2Clarge_image%2Calternate_image%2Caw_thumb_url%2Calternate_image_two%2Calternate_image_three%2Calternate_image_four%2Creviews%2Caverage_rating%2Crating%2Cnumber_available%2Ccustom_1%2Ccustom_2%2Ccustom_3%2Ccustom_4%2Ccustom_5%2Ccustom_6%2Ccustom_7%2Ccustom_8%2Ccustom_9%2Cean%2Cisbn%2Cupc%2Cmpn%2Cparent_product_id%2Cproduct_GTIN%2Cbasket_link/"
"117189","Fashiontamers PL","PL","Not Joined","Awin","103847","Awin PL","Polish","","2026-05-21 02:04:04","2026-06-13 16:02:04","4004","https://productdata.awin.com/datafeed/download/apikey/fa0ea60ea5f17aca3a0224f06ab4d131/fid/103847/format/csv/language/pl/delimiter/%2C/compression/gzip/columns/aw_deep_link%2Cproduct_name%2Caw_product_id%2Cmerchant_product_id%2Cmerchant_image_url%2Cdescription%2Cmerchant_category%2Csearch_price%2Cmerchant_name%2Cmerchant_id%2Ccategory_name%2Ccategory_id%2Caw_image_url%2Ccurrency%2Cstore_price%2Cdelivery_cost%2Cmerchant_deep_link%2Clanguage%2Clast_updated%2Cbrand_name%2Cbrand_id%2Ccolour%2Cproduct_short_description%2Cspecifications%2Ccondition%2Cproduct_model%2Cmodel_number%2Cdimensions%2Ckeywords%2Cpromotional_text%2Cproduct_type%2Ccommission_group%2Cmerchant_product_category_path%2Cmerchant_product_second_category%2Cmerchant_product_third_category%2Crrp_price%2Csaving%2Csavings_percent%2Cbase_price%2Cbase_price_amount%2Cbase_price_text%2Cproduct_price_old%2Cdelivery_restrictions%2Cdelivery_weight%2Cwarranty%2Cterms_of_contract%2Cdelivery_time%2Cin_stock%2Cstock_quantity%2Cvalid_from%2Cvalid_to%2Cis_for_sale%2Cweb_offer%2Cpre_order%2Cstock_status%2Csize_stock_status%2Csize_stock_amount%2Cmerchant_thumb_url%2Clarge_image%2Calternate_image%2Caw_thumb_url%2Calternate_image_two%2Calternate_image_three%2Calternate_image_four%2Creviews%2Caverage_rating%2Crating%2Cnumber_available%2Ccustom_1%2Ccustom_2%2Ccustom_3%2Ccustom_4%2Ccustom_5%2Ccustom_6%2Ccustom_7%2Ccustom_8%2Ccustom_9%2Cean%2Cisbn%2Cupc%2Cmpn%2Cparent_product_id%2Cproduct_GTIN%2Cbasket_link/"
"117403","Fashiontamers US","US","Not Joined","Awin","103849","Awin US","English","","2026-05-21 02:04:03","2026-06-13 16:01:52","4004","https://productdata.awin.com/datafeed/download/apikey/fa0ea60ea5f17aca3a0224f06ab4d131/fid/103849/format/csv/language/en/delimiter/%2C/compression/gzip/adultcontent/1/columns/aw_deep_link%2Cproduct_name%2Caw_product_id%2Cmerchant_product_id%2Cmerchant_image_url%2Cdescription%2Cmerchant_category%2Csearch_price%2Cmerchant_name%2Cmerchant_id%2Ccategory_name%2Ccategory_id%2Caw_image_url%2Ccurrency%2Cstore_price%2Cdelivery_cost%2Cmerchant_deep_link%2Clanguage%2Clast_updated%2Cbrand_name%2Cbrand_id%2Ccolour%2Cproduct_short_description%2Cspecifications%2Ccondition%2Cproduct_model%2Cmodel_number%2Cdimensions%2Ckeywords%2Cpromotional_text%2Cproduct_type%2Ccommission_group%2Cmerchant_product_category_path%2Cmerchant_product_second_category%2Cmerchant_product_third_category%2Crrp_price%2Csaving%2Csavings_percent%2Cbase_price%2Cbase_price_amount%2Cbase_price_text%2Cproduct_price_old%2Cdelivery_restrictions%2Cdelivery_weight%2Cwarranty%2Cterms_of_contract%2Cdelivery_time%2Cin_stock%2Cstock_quantity%2Cvalid_from%2Cvalid_to%2Cis_for_sale%2Cweb_offer%2Cpre_order%2Cstock_status%2Csize_stock_status%2Csize_stock_amount%2Cmerchant_thumb_url%2Clarge_image%2Calternate_image%2Caw_thumb_url%2Calternate_image_two%2Calternate_image_three%2Calternate_image_four%2Creviews%2Caverage_rating%2Crating%2Cnumber_available%2Ccustom_1%2Ccustom_2%2Ccustom_3%2Ccustom_4%2Ccustom_5%2Ccustom_6%2Ccustom_7%2Ccustom_8%2Ccustom_9%2Cean%2Cisbn%2Cupc%2Cmpn%2Cparent_product_id%2Cproduct_GTIN%2Cbasket_link/"
"117001","Embossed Graphics","US","Not Joined","Awin","103891","All EG Products","English","","2026-05-15 18:11:24","","1527","https://productdata.awin.com/datafeed/download/apikey/fa0ea60ea5f17aca3a0224f06ab4d131/fid/103891/format/csv/language/en/delimiter/%2C/compression/gzip/adultcontent/1/columns/data_feed_id%2Cmerchant_id%2Cmerchant_name%2Caw_product_id%2Caw_deep_link%2Caw_image_url%2Caw_thumb_url%2Ccategory_id%2Ccategory_name%2Cbrand_id%2Cbrand_name%2Cmerchant_product_id%2Cproduct_name%2Cdescription%2Cmerchant_deep_link%2Cmerchant_image_url%2Csearch_price%2Cproduct_type/"
"117317","NeuroScent","GB","Not Joined","Awin","103938","Awin Custom","English","","2026-06-11 15:01:22","2026-06-13 15:01:19","20","https://productdata.awin.com/datafeed/download/apikey/fa0ea60ea5f17aca3a0224f06ab4d131/fid/103938/format/csv/language/en/delimiter/%2C/compression/gzip/adultcontent/1/columns/aw_deep_link%2Cproduct_name%2Caw_product_id%2Cmerchant_product_id%2Cmerchant_image_url%2Cdescription%2Cmerchant_category%2Csearch_price%2Cmerchant_name%2Cmerchant_id%2Ccategory_name%2Ccategory_id%2Caw_image_url%2Ccurrency%2Cstore_price%2Cdelivery_cost%2Cmerchant_deep_link%2Clanguage%2Clast_updated%2Cbrand_name%2Cbrand_id%2Ccolour%2Cproduct_short_description%2Cspecifications%2Ccondition%2Cproduct_model%2Cmodel_number%2Cdimensions%2Ckeywords%2Cpromotional_text%2Cproduct_type%2Ccommission_group%2Cmerchant_product_category_path%2Cmerchant_product_second_category%2Cmerchant_product_third_category%2Crrp_price%2Csaving%2Csavings_percent%2Cbase_price%2Cbase_price_amount%2Cbase_price_text%2Cproduct_price_old%2Cdelivery_restrictions%2Cdelivery_weight%2Cwarranty%2Cterms_of_contract%2Cdelivery_time%2Cin_stock%2Cstock_quantity%2Cvalid_from%2Cvalid_to%2Cis_for_sale%2Cweb_offer%2Cpre_order%2Cstock_status%2Csize_stock_status%2Csize_stock_amount%2Cmerchant_thumb_url%2Clarge_image%2Calternate_image%2Caw_thumb_url%2Calternate_image_two%2Calternate_image_three%2Calternate_image_four%2Creviews%2Caverage_rating%2Crating%2Cnumber_available%2Ccustom_1%2Ccustom_2%2Ccustom_3%2Ccustom_4%2Ccustom_5%2Ccustom_6%2Ccustom_7%2Ccustom_8%2Ccustom_9%2Cean%2Cisbn%2Cupc%2Cmpn%2Cparent_product_id%2Cproduct_GTIN%2Cbasket_link/"
"117221","MakeID","US","Not Joined","Awin","103961","20250702","English","","2026-05-15 18:11:51","","9","https://productdata.awin.com/datafeed/download/apikey/fa0ea60ea5f17aca3a0224f06ab4d131/fid/103961/format/csv/language/en/delimiter/%2C/compression/gzip/adultcontent/1/columns/data_feed_id%2Cmerchant_id%2Cmerchant_name%2Caw_product_id%2Caw_deep_link%2Caw_image_url%2Caw_thumb_url%2Ccategory_id%2Ccategory_name%2Cbrand_id%2Cbrand_name%2Cmerchant_product_id%2Cmerchant_category%2Cproduct_name%2Cdescription%2Cmerchant_deep_link%2Cmerchant_image_url%2Ccurrency%2Csearch_price%2Cdelivery_cost%2Cin_stock/"
"114180","Sinocare","ES","Not Joined","Awin","104046","Sinocare Italian Feed","Italian","","2026-06-10 05:01:36","2026-06-13 15:01:59","40","https://productdata.awin.com/datafeed/download/apikey/fa0ea60ea5f17aca3a0224f06ab4d131/fid/104046/format/csv/language/it/delimiter/%2C/compression/gzip/columns/data_feed_id%2Cmerchant_id%2Cmerchant_name%2Caw_product_id%2Caw_deep_link%2Caw_image_url%2Caw_thumb_url%2Ccategory_id%2Ccategory_name%2Cbrand_id%2Cbrand_name%2Cmerchant_product_id%2Cmerchant_category%2Cean%2Cmpn%2Cproduct_name%2Cdescription%2Cmerchant_deep_link%2Cmerchant_image_url%2Cdelivery_time%2Ccurrency%2Csearch_price%2Cdelivery_cost%2Cproduct_type%2Crating%2Cproduct_model%2Csize_stock_status/"
"114180","Sinocare","ES","Not Joined","Awin","104051","Sinocare English","English","","2026-06-12 05:09:10","2026-06-13 15:01:46","40","https://productdata.awin.com/datafeed/download/apikey/fa0ea60ea5f17aca3a0224f06ab4d131/fid/104051/format/csv/language/en/delimiter/%2C/compression/gzip/columns/data_feed_id%2Cmerchant_id%2Cmerchant_name%2Caw_product_id%2Caw_deep_link%2Caw_image_url%2Caw_thumb_url%2Ccategory_id%2Ccategory_name%2Cbrand_id%2Cbrand_name%2Cmerchant_product_id%2Cmerchant_category%2Cean%2Cmpn%2Cproduct_name%2Cdescription%2Cmerchant_deep_link%2Cmerchant_image_url%2Cdelivery_time%2Ccurrency%2Csearch_price%2Cdelivery_cost%2Cproduct_type%2Crating%2Cproduct_model%2Csize_stock_status/"
"105043","Japspeed UK","GB","Not Joined","Awin","104070","Product Feed New","English","","2026-05-15 18:12:06","2025-07-04 14:43:04","325","https://productdata.awin.com/datafeed/download/apikey/fa0ea60ea5f17aca3a0224f06ab4d131/fid/104070/format/csv/language/en/delimiter/%2C/compression/gzip/adultcontent/1/columns/data_feed_id%2Cmerchant_id%2Cmerchant_name%2Caw_product_id%2Caw_deep_link%2Caw_image_url%2Caw_thumb_url%2Ccategory_id%2Ccategory_name%2Cbrand_id%2Cbrand_name%2Cmerchant_product_id%2Cmerchant_category%2Cupc%2Cean%2Cisbn%2Cmodel_number%2Cproduct_name%2Cdescription%2Cspecifications%2Cpromotional_text%2Clanguage%2Cmerchant_deep_link%2Cmerchant_image_url%2Cdelivery_time%2Cvalid_from%2Cvalid_to%2Ccurrency%2Csearch_price%2Cstore_price%2Crrp_price%2Cdelivery_cost%2Cin_stock%2Cstock_quantity%2Cis_for_sale%2Cwarranty%2Ccondition%2Cproduct_type%2Cparent_product_id%2Ccommission_group%2Clast_updated%2Cdimensions%2Ccolour%2Ckeywords%2Csaving%2Cdelivery_weight%2Cdelivery_restrictions%2Creviews%2Caverage_rating%2Crating%2Calternate_image%2Clarge_image%2Cbasket_link%2Cproduct_short_description%2Cproduct_model%2Cmerchant_product_category_path%2Cmerchant_product_second_category%2Cmerchant_product_third_category%2Csavings_percent%2Cbase_price%2Cbase_price_amount%2Cbase_price_text%2Cproduct_price_old%2Cstock_status%2Csize_stock_status%2Csize_stock_amount%2Cproduct_GTIN/"
"104931","4x4 Predator","GB","Not Joined","Awin","104075","Product Feed","English","","2026-05-15 18:12:09","","2237","https://productdata.awin.com/datafeed/download/apikey/fa0ea60ea5f17aca3a0224f06ab4d131/fid/104075/format/csv/language/en/delimiter/%2C/compression/gzip/adultcontent/1/columns/data_feed_id%2Cmerchant_id%2Cmerchant_name%2Caw_product_id%2Caw_deep_link%2Caw_image_url%2Caw_thumb_url%2Ccategory_id%2Ccategory_name%2Cbrand_id%2Cbrand_name%2Cmerchant_product_id%2Cmerchant_category%2Cupc%2Cean%2Cisbn%2Cmodel_number%2Cproduct_name%2Cdescription%2Cspecifications%2Cpromotional_text%2Clanguage%2Cmerchant_deep_link%2Cmerchant_image_url%2Cdelivery_time%2Cvalid_from%2Cvalid_to%2Ccurrency%2Csearch_price%2Cstore_price%2Crrp_price%2Cdelivery_cost%2Cin_stock%2Cstock_quantity%2Cis_for_sale%2Cwarranty%2Ccondition%2Cproduct_type%2Cparent_product_id%2Ccommission_group%2Clast_updated%2Cdimensions%2Ccolour%2Ckeywords%2Csaving%2Cdelivery_weight%2Cdelivery_restrictions%2Creviews%2Caverage_rating%2Crating%2Calternate_image%2Clarge_image%2Cbasket_link%2Cproduct_short_description%2Cproduct_model%2Cmerchant_product_category_path%2Cmerchant_product_second_category%2Cmerchant_product_third_category%2Csavings_percent%2Cbase_price%2Cbase_price_amount%2Cbase_price_text%2Cproduct_price_old%2Cstock_status%2Csize_stock_status%2Csize_stock_amount%2Cproduct_GTIN/"
"67974","Dunford, Inc.","US","Not Joined","Awin","104208","Tires 300 Plus","English","ShoppingNL","2026-05-15 18:12:38","2026-05-19 13:28:47","10557","https://productdata.awin.com/datafeed/download/apikey/fa0ea60ea5f17aca3a0224f06ab4d131/fid/104208/format/csv/language/en/delimiter/%2C/compression/gzip/adultcontent/1/columns/data_feed_id%2Cmerchant_id%2Cmerchant_name%2Caw_product_id%2Caw_deep_link%2Caw_image_url%2Caw_thumb_url%2Ccategory_id%2Ccategory_name%2Cbrand_id%2Cbrand_name%2Cmerchant_product_id%2Cmerchant_category%2Cmpn%2Cproduct_name%2Cdescription%2Cmerchant_deep_link%2Cmerchant_image_url%2Csearch_price%2Cin_stock%2Ccondition%2Cparent_product_id%2Cdimensions%2Ccustom_1%2Ccustom_2%2Ccustom_3%2Cproduct_GTIN/"
"67974","Dunford, Inc.","US","Not Joined","Awin","104209","Tires Under 300","English","ShoppingNL","2026-05-15 18:12:56","2026-05-19 13:29:06","24513","https://productdata.awin.com/datafeed/download/apikey/fa0ea60ea5f17aca3a0224f06ab4d131/fid/104209/format/csv/language/en/delimiter/%2C/compression/gzip/adultcontent/1/columns/data_feed_id%2Cmerchant_id%2Cmerchant_name%2Caw_product_id%2Caw_deep_link%2Caw_image_url%2Caw_thumb_url%2Ccategory_id%2Ccategory_name%2Cbrand_id%2Cbrand_name%2Cmerchant_product_id%2Cmerchant_category%2Cmpn%2Cproduct_name%2Cdescription%2Cmerchant_deep_link%2Cmerchant_image_url%2Csearch_price%2Cin_stock%2Ccondition%2Cparent_product_id%2Cdimensions%2Ccustom_1%2Ccustom_2%2Ccustom_3%2Cproduct_GTIN/"
"55101","Planet-Deluxe DE","DE","Not Joined","Awin","104213","Produkte Deutsch","German","","2026-06-13 12:26:34","2026-06-13 12:26:14","34013","https://productdata.awin.com/datafeed/download/apikey/fa0ea60ea5f17aca3a0224f06ab4d131/fid/104213/format/csv/language/de/delimiter/%2C/compression/gzip/columns/data_feed_id%2Cmerchant_id%2Cmerchant_name%2Caw_product_id%2Caw_deep_link%2Caw_image_url%2Caw_thumb_url%2Ccategory_id%2Ccategory_name%2Cbrand_id%2Cbrand_name%2Cmerchant_product_id%2Cmerchant_category%2Cmpn%2Cproduct_name%2Cdescription%2Cmerchant_deep_link%2Cmerchant_image_url%2Cdelivery_time%2Csearch_price%2Cdelivery_cost%2Cstock_quantity/"
"28367","So Divine","GB","Not Joined","Awin","104250","Shopping Feeder","English","","2026-05-15 18:12:53","2025-08-01 00:01:16","76","https://productdata.awin.com/datafeed/download/apikey/fa0ea60ea5f17aca3a0224f06ab4d131/fid/104250/format/csv/language/en/delimiter/%2C/compression/gzip/adultcontent/1/columns/data_feed_id%2Cmerchant_id%2Cmerchant_name%2Caw_product_id%2Caw_deep_link%2Caw_image_url%2Caw_thumb_url%2Ccategory_id%2Ccategory_name%2Cbrand_id%2Cbrand_name%2Cmerchant_product_id%2Cmerchant_category%2Cupc%2Cean%2Cmpn%2Cisbn%2Cmodel_number%2Cproduct_name%2Cdescription%2Cspecifications%2Cpromotional_text%2Clanguage%2Cmerchant_deep_link%2Cmerchant_thumb_url%2Cmerchant_image_url%2Cdelivery_time%2Cvalid_from%2Cvalid_to%2Ccurrency%2Csearch_price%2Cstore_price%2Crrp_price%2Cdelivery_cost%2Cweb_offer%2Cpre_order%2Cin_stock%2Cstock_quantity%2Cis_for_sale%2Cwarranty%2Ccondition%2Cproduct_type%2Cparent_product_id%2Ccommission_group%2Clast_updated%2Cdimensions%2Ccolour%2Ckeywords%2Csaving%2Cdelivery_restrictions%2Creviews%2Caverage_rating%2Crating%2Cbasket_link%2Cproduct_GTIN/"
"116629","Database Mart","US","Not Joined","Awin","104285","DBM VPS/GPU Server/Dedicated Server Hosting Feed","English","","2026-05-15 18:13:45","","17","https://productdata.awin.com/datafeed/download/apikey/fa0ea60ea5f17aca3a0224f06ab4d131/fid/104285/format/csv/language/en/delimiter/%2C/compression/gzip/adultcontent/1/columns/data_feed_id%2Cmerchant_id%2Cmerchant_name%2Caw_product_id%2Caw_deep_link%2Caw_image_url%2Caw_thumb_url%2Ccategory_id%2Ccategory_name%2Cbrand_id%2Cbrand_name%2Cmerchant_product_id%2Cproduct_name%2Cdescription%2Cmerchant_deep_link%2Cmerchant_image_url%2Csearch_price%2Cweb_offer%2Ccustom_1%2Calternate_image%2Cmerchant_product_category_path/"
"116629","Database Mart","US","Not Joined","Awin","104313","DBM GPU Server/GPU VPS Hosting Feed","English","","2026-05-15 18:13:53","","17","https://productdata.awin.com/datafeed/download/apikey/fa0ea60ea5f17aca3a0224f06ab4d131/fid/104313/format/csv/language/en/delimiter/%2C/compression/gzip/adultcontent/1/columns/data_feed_id%2Cmerchant_id%2Cmerchant_name%2Caw_product_id%2Caw_deep_link%2Caw_image_url%2Caw_thumb_url%2Ccategory_id%2Ccategory_name%2Cbrand_id%2Cbrand_name%2Cmerchant_product_id%2Cmerchant_category%2Cproduct_name%2Cdescription%2Cmerchant_deep_link%2Cmerchant_thumb_url%2Cmerchant_image_url%2Csearch_price%2Cweb_offer%2Ccustom_1/"
"75408","Nothingprojector","US","Not Joined","Awin","104495","sftp://datafeeds.shareasale.com/Awin/152651/feed.zip","English","","2026-05-15 18:19:27","2025-10-07 17:08:09","333","https://productdata.awin.com/datafeed/download/apikey/fa0ea60ea5f17aca3a0224f06ab4d131/fid/104495/format/csv/language/en/delimiter/%2C/compression/gzip/adultcontent/1/columns/data_feed_id%2Cmerchant_id%2Cmerchant_name%2Caw_product_id%2Caw_deep_link%2Caw_image_url%2Caw_thumb_url%2Ccategory_id%2Ccategory_name%2Cbrand_id%2Cbrand_name%2Cmerchant_product_id%2Cmerchant_category%2Cupc%2Cisbn%2Cmodel_number%2Cproduct_name%2Cdescription%2Cmerchant_deep_link%2Cmerchant_thumb_url%2Cmerchant_image_url%2Csearch_price%2Crrp_price%2Ccommission_group%2Ckeywords%2Ccustom_1%2Ccustom_2%2Ccustom_3%2Ccustom_4%2Ccustom_5%2Creviews%2Cbasket_link%2Cproduct_short_description%2Cmerchant_product_second_category%2Cmerchant_product_third_category%2Cstock_status/"
"81755","SuperBox","US","Not Joined","Awin","104503","sftp://datafeeds.shareasale.com/Awin/155620/feed.zip","English","","2026-05-15 18:19:55","2025-10-08 00:12:11","5","https://productdata.awin.com/datafeed/download/apikey/fa0ea60ea5f17aca3a0224f06ab4d131/fid/104503/format/csv/language/en/delimiter/%2C/compression/gzip/adultcontent/1/columns/data_feed_id%2Cmerchant_id%2Cmerchant_name%2Caw_product_id%2Caw_deep_link%2Caw_image_url%2Caw_thumb_url%2Ccategory_id%2Ccategory_name%2Cbrand_id%2Cbrand_name%2Cmerchant_product_id%2Cmerchant_category%2Cupc%2Cisbn%2Cmodel_number%2Cproduct_name%2Cdescription%2Cmerchant_deep_link%2Cmerchant_thumb_url%2Cmerchant_image_url%2Csearch_price%2Crrp_price%2Ccommission_group%2Ckeywords%2Ccustom_1%2Ccustom_2%2Ccustom_3%2Ccustom_4%2Ccustom_5%2Creviews%2Cbasket_link%2Cproduct_short_description%2Cmerchant_product_second_category%2Cmerchant_product_third_category%2Cstock_status/"
"87779","www.diecastmodelswholesale.com","US","Not Joined","Awin","104592","sftp://datafeeds.shareasale.com/Awin/8689/feed.zip","English","","2026-05-15 18:24:13","2026-06-13 16:03:43","9055","https://productdata.awin.com/datafeed/download/apikey/fa0ea60ea5f17aca3a0224f06ab4d131/fid/104592/format/csv/language/en/delimiter/%2C/compression/gzip/adultcontent/1/columns/data_feed_id%2Cmerchant_id%2Cmerchant_name%2Caw_product_id%2Caw_deep_link%2Caw_image_url%2Caw_thumb_url%2Ccategory_id%2Ccategory_name%2Cbrand_id%2Cbrand_name%2Cmerchant_product_id%2Cmerchant_category%2Cupc%2Cisbn%2Cmodel_number%2Cproduct_name%2Cdescription%2Cmerchant_deep_link%2Cmerchant_thumb_url%2Cmerchant_image_url%2Csearch_price%2Crrp_price%2Ccommission_group%2Ckeywords%2Ccustom_1%2Ccustom_2%2Ccustom_3%2Ccustom_4%2Ccustom_5%2Creviews%2Cbasket_link%2Cproduct_short_description%2Cmerchant_product_second_category%2Cmerchant_product_third_category%2Cstock_status/"
"97753","UPPER Brand | Best Diaper Bag","US","Not Joined","Awin","104800","sftp://datafeeds.shareasale.com/Awin/128047/feed.zip","English","","2026-05-15 18:28:12","2025-10-08 03:04:38","8","https://productdata.awin.com/datafeed/download/apikey/fa0ea60ea5f17aca3a0224f06ab4d131/fid/104800/format/csv/language/en/delimiter/%2C/compression/gzip/adultcontent/1/columns/data_feed_id%2Cmerchant_id%2Cmerchant_name%2Caw_product_id%2Caw_deep_link%2Caw_image_url%2Caw_thumb_url%2Ccategory_id%2Ccategory_name%2Cbrand_id%2Cbrand_name%2Cmerchant_product_id%2Cmerchant_category%2Cupc%2Cisbn%2Cmodel_number%2Cproduct_name%2Cdescription%2Cmerchant_deep_link%2Cmerchant_thumb_url%2Cmerchant_image_url%2Csearch_price%2Crrp_price%2Ccommission_group%2Ckeywords%2Ccustom_1%2Ccustom_2%2Ccustom_3%2Ccustom_4%2Ccustom_5%2Creviews%2Cbasket_link%2Cproduct_short_description%2Cmerchant_product_second_category%2Cmerchant_product_third_category%2Cstock_status/"
"111342","Milk Bar Babystore","BE","Not Joined","Awin","104977","Frans","French","","2026-06-13 02:02:21","2026-06-13 16:03:18","14749","https://productdata.awin.com/datafeed/download/apikey/fa0ea60ea5f17aca3a0224f06ab4d131/fid/104977/format/csv/language/fr/delimiter/%2C/compression/gzip/columns/data_feed_id%2Cmerchant_id%2Cmerchant_name%2Caw_product_id%2Caw_deep_link%2Caw_image_url%2Caw_thumb_url%2Ccategory_id%2Ccategory_name%2Cbrand_id%2Cbrand_name%2Cmerchant_product_id%2Cean%2Cproduct_name%2Cmerchant_deep_link%2Csearch_price%2Cdelivery_cost%2Cstock_status%2Ccustom_8/"
"113638","BBBGEM","US","Not Joined","Awin","105015","Default","English","","2026-05-15 18:35:52","","1080","https://productdata.awin.com/datafeed/download/apikey/fa0ea60ea5f17aca3a0224f06ab4d131/fid/105015/format/csv/language/en/delimiter/%2C/compression/gzip/adultcontent/1/columns/data_feed_id%2Cmerchant_id%2Cmerchant_name%2Caw_product_id%2Caw_deep_link%2Caw_image_url%2Caw_thumb_url%2Ccategory_id%2Ccategory_name%2Cbrand_id%2Cbrand_name%2Cmerchant_product_id%2Cmerchant_category%2Cproduct_name%2Cdescription%2Cmerchant_deep_link%2Cmerchant_image_url%2Csearch_price%2Ckeywords%2Ccustom_2%2Ccustom_3%2Cmerchant_product_second_category/"
"115164","LUMIPIA","US","Not Joined","Awin","105053","Default","English","","2026-05-15 18:36:17","","5","https://productdata.awin.com/datafeed/download/apikey/fa0ea60ea5f17aca3a0224f06ab4d131/fid/105053/format/csv/language/en/delimiter/%2C/compression/gzip/adultcontent/1/columns/data_feed_id%2Cmerchant_id%2Cmerchant_name%2Caw_product_id%2Caw_deep_link%2Caw_image_url%2Caw_thumb_url%2Ccategory_id%2Ccategory_name%2Cbrand_id%2Cbrand_name%2Cmerchant_product_id%2Cmerchant_category%2Cproduct_name%2Cdescription%2Cmerchant_deep_link%2Cmerchant_image_url%2Csearch_price/"
"111342","Milk Bar Babystore","BE","Not Joined","Awin","105060","Standaard","Dutch","","2026-06-13 07:02:52","2026-06-13 13:07:26","8492","https://productdata.awin.com/datafeed/download/apikey/fa0ea60ea5f17aca3a0224f06ab4d131/fid/105060/format/csv/language/nl/delimiter/%2C/compression/gzip/columns/data_feed_id%2Cmerchant_id%2Cmerchant_name%2Caw_product_id%2Caw_deep_link%2Caw_image_url%2Caw_thumb_url%2Ccategory_id%2Ccategory_name%2Cbrand_id%2Cbrand_name%2Cmerchant_product_id%2Cean%2Cproduct_name%2Cdescription%2Cmerchant_deep_link%2Cmerchant_image_url%2Csearch_price%2Cdelivery_cost%2Cstock_status/"
"115116","Fri som en fågel","SE","Not Joined","Awin","105062","Budget Planner Feed","English","","2026-05-15 18:36:29","2026-06-13 13:01:08","3","https://productdata.awin.com/datafeed/download/apikey/fa0ea60ea5f17aca3a0224f06ab4d131/fid/105062/format/csv/language/en/delimiter/%2C/compression/gzip/columns/data_feed_id%2Cmerchant_id%2Cmerchant_name%2Caw_product_id%2Caw_deep_link%2Caw_image_url%2Caw_thumb_url%2Ccategory_id%2Ccategory_name%2Cbrand_id%2Cbrand_name%2Cmerchant_product_id%2Cmerchant_category%2Cproduct_name%2Cdescription%2Clanguage%2Cmerchant_deep_link%2Cmerchant_image_url%2Ccurrency%2Csearch_price%2Cdelivery_cost/"
"37944","TestHQ","US","Not Joined","Awin","105260","sftp://datafeeds.shareasale.com/Awin/133422/feed.zip","English","","2026-05-15 18:42:24","2025-10-08 06:09:37","105","https://productdata.awin.com/datafeed/download/apikey/fa0ea60ea5f17aca3a0224f06ab4d131/fid/105260/format/csv/language/en/delimiter/%2C/compression/gzip/adultcontent/1/columns/data_feed_id%2Cmerchant_id%2Cmerchant_name%2Caw_product_id%2Caw_deep_link%2Caw_image_url%2Caw_thumb_url%2Ccategory_id%2Ccategory_name%2Cbrand_id%2Cbrand_name%2Cmerchant_product_id%2Cmerchant_category%2Cupc%2Cisbn%2Cmodel_number%2Cproduct_name%2Cdescription%2Cmerchant_deep_link%2Cmerchant_thumb_url%2Cmerchant_image_url%2Csearch_price%2Crrp_price%2Ccommission_group%2Ckeywords%2Ccustom_1%2Ccustom_2%2Ccustom_3%2Ccustom_4%2Ccustom_5%2Creviews%2Cbasket_link%2Cproduct_short_description%2Cmerchant_product_second_category%2Cmerchant_product_third_category%2Cstock_status/"
"93695","Food valley SRL","US","Not Joined","Awin","105635","sftp://datafeeds.shareasale.com/Awin/107003/feed.zip","English","","2026-05-15 18:56:17","2025-10-08 04:10:39","507","https://productdata.awin.com/datafeed/download/apikey/fa0ea60ea5f17aca3a0224f06ab4d131/fid/105635/format/csv/language/en/delimiter/%2C/compression/gzip/adultcontent/1/columns/data_feed_id%2Cmerchant_id%2Cmerchant_name%2Caw_product_id%2Caw_deep_link%2Caw_image_url%2Caw_thumb_url%2Ccategory_id%2Ccategory_name%2Cbrand_id%2Cbrand_name%2Cmerchant_product_id%2Cmerchant_category%2Cupc%2Cisbn%2Cmodel_number%2Cproduct_name%2Cdescription%2Cmerchant_deep_link%2Cmerchant_thumb_url%2Cmerchant_image_url%2Csearch_price%2Crrp_price%2Ccommission_group%2Ckeywords%2Ccustom_1%2Ccustom_2%2Ccustom_3%2Ccustom_4%2Ccustom_5%2Creviews%2Cbasket_link%2Cproduct_short_description%2Cmerchant_product_second_category%2Cmerchant_product_third_category%2Cstock_status/"
"59283","Deluvia Skincare and Cosmetics","US","Not Joined","Awin","105643","sftp://datafeeds.shareasale.com/Awin/109325/feed.zip","English","","2026-05-15 18:56:41","2025-10-08 09:06:28","9","https://productdata.awin.com/datafeed/download/apikey/fa0ea60ea5f17aca3a0224f06ab4d131/fid/105643/format/csv/language/en/delimiter/%2C/compression/gzip/adultcontent/1/columns/data_feed_id%2Cmerchant_id%2Cmerchant_name%2Caw_product_id%2Caw_deep_link%2Caw_image_url%2Caw_thumb_url%2Ccategory_id%2Ccategory_name%2Cbrand_id%2Cbrand_name%2Cmerchant_product_id%2Cmerchant_category%2Cupc%2Cisbn%2Cmodel_number%2Cproduct_name%2Cdescription%2Cmerchant_deep_link%2Cmerchant_thumb_url%2Cmerchant_image_url%2Csearch_price%2Crrp_price%2Ccommission_group%2Ckeywords%2Ccustom_1%2Ccustom_2%2Ccustom_3%2Ccustom_4%2Ccustom_5%2Creviews%2Cbasket_link%2Cproduct_short_description%2Cmerchant_product_second_category%2Cmerchant_product_third_category%2Cstock_status/"
"41354","Earthly Co.","US","Not Joined","Awin","105688","sftp://datafeeds.shareasale.com/Awin/120638/feed.zip","English","","2026-05-15 18:58:21","2025-10-07 16:06:35","17","https://productdata.awin.com/datafeed/download/apikey/fa0ea60ea5f17aca3a0224f06ab4d131/fid/105688/format/csv/language/en/delimiter/%2C/compression/gzip/adultcontent/1/columns/data_feed_id%2Cmerchant_id%2Cmerchant_name%2Caw_product_id%2Caw_deep_link%2Caw_image_url%2Caw_thumb_url%2Ccategory_id%2Ccategory_name%2Cbrand_id%2Cbrand_name%2Cmerchant_product_id%2Cmerchant_category%2Cupc%2Cisbn%2Cmodel_number%2Cproduct_name%2Cdescription%2Cmerchant_deep_link%2Cmerchant_thumb_url%2Cmerchant_image_url%2Csearch_price%2Crrp_price%2Ccommission_group%2Ckeywords%2Ccustom_1%2Ccustom_2%2Ccustom_3%2Ccustom_4%2Ccustom_5%2Creviews%2Cbasket_link%2Cproduct_short_description%2Cmerchant_product_second_category%2Cmerchant_product_third_category%2Cstock_status/"
"96873","Shenzhen Mintion technology co., ltd","US","Not Joined","Awin","105709","sftp://datafeeds.shareasale.com/Awin/124253/feed.zip","English","","2026-05-15 18:59:13","2025-10-08 13:03:17","148","https://productdata.awin.com/datafeed/download/apikey/fa0ea60ea5f17aca3a0224f06ab4d131/fid/105709/format/csv/language/en/delimiter/%2C/compression/gzip/adultcontent/1/columns/data_feed_id%2Cmerchant_id%2Cmerchant_name%2Caw_product_id%2Caw_deep_link%2Caw_image_url%2Caw_thumb_url%2Ccategory_id%2Ccategory_name%2Cbrand_id%2Cbrand_name%2Cmerchant_product_id%2Cmerchant_category%2Cupc%2Cisbn%2Cmodel_number%2Cproduct_name%2Cdescription%2Cmerchant_deep_link%2Cmerchant_thumb_url%2Cmerchant_image_url%2Csearch_price%2Crrp_price%2Ccommission_group%2Ckeywords%2Ccustom_1%2Ccustom_2%2Ccustom_3%2Ccustom_4%2Ccustom_5%2Creviews%2Cbasket_link%2Cproduct_short_description%2Cmerchant_product_second_category%2Cmerchant_product_third_category%2Cstock_status/"
"41612","Wonder Hoodie Inc","US","Not Joined","Awin","105735","sftp://datafeeds.shareasale.com/Awin/135515/feed.zip","English","","2026-05-15 19:00:17","2025-10-08 00:11:34","90","https://productdata.awin.com/datafeed/download/apikey/fa0ea60ea5f17aca3a0224f06ab4d131/fid/105735/format/csv/language/en/delimiter/%2C/compression/gzip/adultcontent/1/columns/data_feed_id%2Cmerchant_id%2Cmerchant_name%2Caw_product_id%2Caw_deep_link%2Caw_image_url%2Caw_thumb_url%2Ccategory_id%2Ccategory_name%2Cbrand_id%2Cbrand_name%2Cmerchant_product_id%2Cmerchant_category%2Cupc%2Cisbn%2Cmodel_number%2Cproduct_name%2Cdescription%2Cmerchant_deep_link%2Cmerchant_thumb_url%2Cmerchant_image_url%2Csearch_price%2Crrp_price%2Ccommission_group%2Ckeywords%2Ccustom_1%2Ccustom_2%2Ccustom_3%2Ccustom_4%2Ccustom_5%2Creviews%2Cbasket_link%2Cproduct_short_description%2Cmerchant_product_second_category%2Cmerchant_product_third_category%2Cstock_status/"
"87403","Mosaic Weighted Blankets","US","Not Joined","Awin","105766","sftp://datafeeds.shareasale.com/Awin/64644/feed.zip","English","","2026-05-15 19:01:31","2025-10-08 03:04:38","496","https://productdata.awin.com/datafeed/download/apikey/fa0ea60ea5f17aca3a0224f06ab4d131/fid/105766/format/csv/language/en/delimiter/%2C/compression/gzip/adultcontent/1/columns/data_feed_id%2Cmerchant_id%2Cmerchant_name%2Caw_product_id%2Caw_deep_link%2Caw_image_url%2Caw_thumb_url%2Ccategory_id%2Ccategory_name%2Cbrand_id%2Cbrand_name%2Cmerchant_product_id%2Cmerchant_category%2Cupc%2Cisbn%2Cmodel_number%2Cproduct_name%2Cdescription%2Cmerchant_deep_link%2Cmerchant_thumb_url%2Cmerchant_image_url%2Csearch_price%2Crrp_price%2Ccommission_group%2Ckeywords%2Ccustom_1%2Ccustom_2%2Ccustom_3%2Ccustom_4%2Ccustom_5%2Creviews%2Cbasket_link%2Cproduct_short_description%2Cmerchant_product_second_category%2Cmerchant_product_third_category%2Cstock_status/"
"105497","1st Class Cigar Humidors","US","Not Joined","Awin","105949","sftp://datafeeds.shareasale.com/Awin/73550/feed.zip","English","","2026-05-15 19:08:01","2025-10-08 13:03:27","248","https://productdata.awin.com/datafeed/download/apikey/fa0ea60ea5f17aca3a0224f06ab4d131/fid/105949/format/csv/language/en/delimiter/%2C/compression/gzip/adultcontent/1/columns/data_feed_id%2Cmerchant_id%2Cmerchant_name%2Caw_product_id%2Caw_deep_link%2Caw_image_url%2Caw_thumb_url%2Ccategory_id%2Ccategory_name%2Cbrand_id%2Cbrand_name%2Cmerchant_product_id%2Cmerchant_category%2Cupc%2Cisbn%2Cmodel_number%2Cproduct_name%2Cdescription%2Cmerchant_deep_link%2Cmerchant_thumb_url%2Cmerchant_image_url%2Csearch_price%2Crrp_price%2Ccommission_group%2Ckeywords%2Ccustom_1%2Ccustom_2%2Ccustom_3%2Ccustom_4%2Ccustom_5%2Creviews%2Cbasket_link%2Cproduct_short_description%2Cmerchant_product_second_category%2Cmerchant_product_third_category%2Cstock_status/"
"91177","Shenzhen Shibao Jewelry Co., Ltd.","US","Not Joined","Awin","105959","sftp://datafeeds.shareasale.com/Awin/91103/feed.zip","English","","2026-05-15 19:08:22","2025-10-07 23:09:29","3649","https://productdata.awin.com/datafeed/download/apikey/fa0ea60ea5f17aca3a0224f06ab4d131/fid/105959/format/csv/language/en/delimiter/%2C/compression/gzip/adultcontent/1/columns/data_feed_id%2Cmerchant_id%2Cmerchant_name%2Caw_product_id%2Caw_deep_link%2Caw_image_url%2Caw_thumb_url%2Ccategory_id%2Ccategory_name%2Cbrand_id%2Cbrand_name%2Cmerchant_product_id%2Cmerchant_category%2Cupc%2Cisbn%2Cmodel_number%2Cproduct_name%2Cdescription%2Cmerchant_deep_link%2Cmerchant_thumb_url%2Cmerchant_image_url%2Csearch_price%2Crrp_price%2Ccommission_group%2Ckeywords%2Ccustom_1%2Ccustom_2%2Ccustom_3%2Ccustom_4%2Ccustom_5%2Creviews%2Cbasket_link%2Cproduct_short_description%2Cmerchant_product_second_category%2Cmerchant_product_third_category%2Cstock_status/"
"899","Fitness Options","GB","Not Joined","Awin","106051","LIT Shopify","English","","2026-05-27 03:01:16","2026-06-13 03:01:20","327","https://productdata.awin.com/datafeed/download/apikey/fa0ea60ea5f17aca3a0224f06ab4d131/fid/106051/format/csv/language/en/delimiter/%2C/compression/gzip/adultcontent/1/columns/aw_deep_link%2Cproduct_name%2Caw_product_id%2Cmerchant_product_id%2Cmerchant_image_url%2Cdescription%2Cmerchant_category%2Csearch_price%2Cmerchant_name%2Cmerchant_id%2Ccategory_name%2Ccategory_id%2Caw_image_url%2Ccurrency%2Cstore_price%2Cdelivery_cost%2Cmerchant_deep_link%2Clanguage%2Clast_updated%2Cbrand_name%2Cbrand_id%2Ccolour%2Cproduct_short_description%2Cspecifications%2Ccondition%2Cproduct_model%2Cmodel_number%2Cdimensions%2Ckeywords%2Cpromotional_text%2Cproduct_type%2Ccommission_group%2Cmerchant_product_category_path%2Cmerchant_product_second_category%2Cmerchant_product_third_category%2Crrp_price%2Csaving%2Csavings_percent%2Cbase_price%2Cbase_price_amount%2Cbase_price_text%2Cproduct_price_old%2Cdelivery_restrictions%2Cdelivery_weight%2Cwarranty%2Cterms_of_contract%2Cdelivery_time%2Cin_stock%2Cstock_quantity%2Cvalid_from%2Cvalid_to%2Cis_for_sale%2Cweb_offer%2Cpre_order%2Cstock_status%2Csize_stock_status%2Csize_stock_amount%2Cmerchant_thumb_url%2Clarge_image%2Calternate_image%2Caw_thumb_url%2Calternate_image_two%2Calternate_image_three%2Calternate_image_four%2Creviews%2Caverage_rating%2Crating%2Cnumber_available%2Ccustom_1%2Ccustom_2%2Ccustom_3%2Ccustom_4%2Ccustom_5%2Ccustom_6%2Ccustom_7%2Ccustom_8%2Ccustom_9%2Cean%2Cisbn%2Cupc%2Cmpn%2Cparent_product_id%2Cproduct_GTIN%2Cbasket_link/"
"80917","TrophyCentral","US","Not Joined","Awin","106562","sftp://datafeeds.shareasale.com/Awin/6538/feed.zip","English","","2026-05-15 19:27:55","2025-10-08 11:12:51","4811","https://productdata.awin.com/datafeed/download/apikey/fa0ea60ea5f17aca3a0224f06ab4d131/fid/106562/format/csv/language/en/delimiter/%2C/compression/gzip/adultcontent/1/columns/data_feed_id%2Cmerchant_id%2Cmerchant_name%2Caw_product_id%2Caw_deep_link%2Caw_image_url%2Caw_thumb_url%2Ccategory_id%2Ccategory_name%2Cbrand_id%2Cbrand_name%2Cmerchant_product_id%2Cmerchant_category%2Cupc%2Cisbn%2Cmodel_number%2Cproduct_name%2Cdescription%2Cmerchant_deep_link%2Cmerchant_thumb_url%2Cmerchant_image_url%2Csearch_price%2Crrp_price%2Ccommission_group%2Ckeywords%2Ccustom_1%2Ccustom_2%2Ccustom_3%2Ccustom_4%2Ccustom_5%2Creviews%2Cbasket_link%2Cproduct_short_description%2Cmerchant_product_second_category%2Cmerchant_product_third_category%2Cstock_status/"
"88509","Super Area Rugs","US","Not Joined","Awin","107031","sftp://datafeeds.shareasale.com/Awin/46406/feed.zip","English","","2026-05-15 19:43:56","2025-10-08 08:13:01","2254","https://productdata.awin.com/datafeed/download/apikey/fa0ea60ea5f17aca3a0224f06ab4d131/fid/107031/format/csv/language/en/delimiter/%2C/compression/gzip/adultcontent/1/columns/data_feed_id%2Cmerchant_id%2Cmerchant_name%2Caw_product_id%2Caw_deep_link%2Caw_image_url%2Caw_thumb_url%2Ccategory_id%2Ccategory_name%2Cbrand_id%2Cbrand_name%2Cmerchant_product_id%2Cmerchant_category%2Cupc%2Cisbn%2Cmodel_number%2Cproduct_name%2Cdescription%2Cmerchant_deep_link%2Cmerchant_thumb_url%2Cmerchant_image_url%2Csearch_price%2Crrp_price%2Ccommission_group%2Ckeywords%2Ccustom_1%2Ccustom_2%2Ccustom_3%2Ccustom_4%2Ccustom_5%2Creviews%2Cbasket_link%2Cproduct_short_description%2Cmerchant_product_second_category%2Cmerchant_product_third_category%2Cstock_status/"
"87919","Flowers Fast.com-Send Flowers Same Day Delivery","US","Not Joined","Awin","107139","sftp://datafeeds.shareasale.com/Awin/17992/feed.zip","English","","2026-05-15 19:48:06","2025-10-07 23:04:41","885","https://productdata.awin.com/datafeed/download/apikey/fa0ea60ea5f17aca3a0224f06ab4d131/fid/107139/format/csv/language/en/delimiter/%2C/compression/gzip/adultcontent/1/columns/data_feed_id%2Cmerchant_id%2Cmerchant_name%2Caw_product_id%2Caw_deep_link%2Caw_image_url%2Caw_thumb_url%2Ccategory_id%2Ccategory_name%2Cbrand_id%2Cbrand_name%2Cmerchant_product_id%2Cmerchant_category%2Cupc%2Cisbn%2Cmodel_number%2Cproduct_name%2Cdescription%2Cmerchant_deep_link%2Cmerchant_thumb_url%2Cmerchant_image_url%2Csearch_price%2Crrp_price%2Ccommission_group%2Ckeywords%2Ccustom_1%2Ccustom_2%2Ccustom_3%2Ccustom_4%2Ccustom_5%2Creviews%2Cbasket_link%2Cproduct_short_description%2Cmerchant_product_second_category%2Cmerchant_product_third_category%2Cstock_status/"
"88003","Everywhere Chair LLC","US","Not Joined","Awin","107140","sftp://datafeeds.shareasale.com/Awin/23631/feed.zip","English","","2026-05-15 19:48:08","2025-10-08 15:09:26","180","https://productdata.awin.com/datafeed/download/apikey/fa0ea60ea5f17aca3a0224f06ab4d131/fid/107140/format/csv/language/en/delimiter/%2C/compression/gzip/adultcontent/1/columns/data_feed_id%2Cmerchant_id%2Cmerchant_name%2Caw_product_id%2Caw_deep_link%2Caw_image_url%2Caw_thumb_url%2Ccategory_id%2Ccategory_name%2Cbrand_id%2Cbrand_name%2Cmerchant_product_id%2Cmerchant_category%2Cupc%2Cisbn%2Cmodel_number%2Cproduct_name%2Cdescription%2Cmerchant_deep_link%2Cmerchant_thumb_url%2Cmerchant_image_url%2Csearch_price%2Crrp_price%2Ccommission_group%2Ckeywords%2Ccustom_1%2Ccustom_2%2Ccustom_3%2Ccustom_4%2Ccustom_5%2Creviews%2Cbasket_link%2Cproduct_short_description%2Cmerchant_product_second_category%2Cmerchant_product_third_category%2Cstock_status/"
"115783","Horow DE","DE","Not Joined","Awin","107315","HOROW DE","German","","2026-05-15 19:52:02","2025-07-31 03:55:08","23","https://productdata.awin.com/datafeed/download/apikey/fa0ea60ea5f17aca3a0224f06ab4d131/fid/107315/format/csv/language/de/delimiter/%2C/compression/gzip/columns/data_feed_id%2Cmerchant_id%2Cmerchant_name%2Caw_product_id%2Caw_deep_link%2Caw_image_url%2Caw_thumb_url%2Ccategory_id%2Ccategory_name%2Cbrand_id%2Cbrand_name%2Cmerchant_product_id%2Cproduct_name%2Cdescription%2Cmerchant_deep_link%2Csearch_price/"
"118547","elvishredlight","US","Not Joined","Awin","107325","Default","English","","2026-05-15 19:52:08","","12","https://productdata.awin.com/datafeed/download/apikey/fa0ea60ea5f17aca3a0224f06ab4d131/fid/107325/format/csv/language/en/delimiter/%2C/compression/gzip/adultcontent/1/columns/data_feed_id%2Cmerchant_id%2Cmerchant_name%2Caw_product_id%2Caw_deep_link%2Caw_image_url%2Caw_thumb_url%2Ccategory_id%2Ccategory_name%2Cbrand_id%2Cbrand_name%2Cmerchant_product_id%2Cmerchant_category%2Cproduct_name%2Cdescription%2Cmerchant_deep_link%2Cmerchant_image_url%2Ccurrency%2Csearch_price%2Ccolour%2Ckeywords%2Ccustom_1%2Ccustom_2%2Ccustom_3/"
"100197","Companion Candles","US","Not Joined","Awin","107451","sftp://datafeeds.shareasale.com/Awin/118306/feed.zip","English","","2026-05-15 19:55:56","2025-10-08 05:02:47","7","https://productdata.awin.com/datafeed/download/apikey/fa0ea60ea5f17aca3a0224f06ab4d131/fid/107451/format/csv/language/en/delimiter/%2C/compression/gzip/adultcontent/1/columns/data_feed_id%2Cmerchant_id%2Cmerchant_name%2Caw_product_id%2Caw_deep_link%2Caw_image_url%2Caw_thumb_url%2Ccategory_id%2Ccategory_name%2Cbrand_id%2Cbrand_name%2Cmerchant_product_id%2Cmerchant_category%2Cupc%2Cisbn%2Cmodel_number%2Cproduct_name%2Cdescription%2Cmerchant_deep_link%2Cmerchant_thumb_url%2Cmerchant_image_url%2Csearch_price%2Crrp_price%2Ccommission_group%2Ckeywords%2Ccustom_1%2Ccustom_2%2Ccustom_3%2Ccustom_4%2Ccustom_5%2Creviews%2Cbasket_link%2Cproduct_short_description%2Cmerchant_product_second_category%2Cmerchant_product_third_category%2Cstock_status/"
"96145","HCK REFRIGERATOR HI-TECH COMPANY LIMITED","US","Not Joined","Awin","107510","sftp://datafeeds.shareasale.com/Awin/120553/feed.zip","English","","2026-05-15 19:58:16","2025-10-08 07:06:22","9","https://productdata.awin.com/datafeed/download/apikey/fa0ea60ea5f17aca3a0224f06ab4d131/fid/107510/format/csv/language/en/delimiter/%2C/compression/gzip/adultcontent/1/columns/data_feed_id%2Cmerchant_id%2Cmerchant_name%2Caw_product_id%2Caw_deep_link%2Caw_image_url%2Caw_thumb_url%2Ccategory_id%2Ccategory_name%2Cbrand_id%2Cbrand_name%2Cmerchant_product_id%2Cmerchant_category%2Cupc%2Cisbn%2Cmodel_number%2Cproduct_name%2Cdescription%2Cmerchant_deep_link%2Cmerchant_thumb_url%2Cmerchant_image_url%2Csearch_price%2Crrp_price%2Ccommission_group%2Ckeywords%2Ccustom_1%2Ccustom_2%2Ccustom_3%2Ccustom_4%2Ccustom_5%2Creviews%2Cbasket_link%2Cproduct_short_description%2Cmerchant_product_second_category%2Cmerchant_product_third_category%2Cstock_status/"
"97687","Dragonhawk","US","Not Joined","Awin","107588","sftp://datafeeds.shareasale.com/Awin/127811/feed.zip","English","","2026-05-15 20:01:16","2025-10-08 03:09:05","402","https://productdata.awin.com/datafeed/download/apikey/fa0ea60ea5f17aca3a0224f06ab4d131/fid/107588/format/csv/language/en/delimiter/%2C/compression/gzip/adultcontent/1/columns/data_feed_id%2Cmerchant_id%2Cmerchant_name%2Caw_product_id%2Caw_deep_link%2Caw_image_url%2Caw_thumb_url%2Ccategory_id%2Ccategory_name%2Cbrand_id%2Cbrand_name%2Cmerchant_product_id%2Cmerchant_category%2Cupc%2Cisbn%2Cmodel_number%2Cproduct_name%2Cdescription%2Cmerchant_deep_link%2Cmerchant_thumb_url%2Cmerchant_image_url%2Csearch_price%2Crrp_price%2Ccommission_group%2Ckeywords%2Ccustom_1%2Ccustom_2%2Ccustom_3%2Ccustom_4%2Ccustom_5%2Creviews%2Cbasket_link%2Cproduct_short_description%2Cmerchant_product_second_category%2Cmerchant_product_third_category%2Cstock_status/"
"113722","Enable Accessible Haircare Products","US","Not Joined","Awin","107803","sftp://datafeeds.shareasale.com/Awin/166235/feed.zip","English","","2026-05-15 20:10:22","2025-10-08 02:11:45","3","https://productdata.awin.com/datafeed/download/apikey/fa0ea60ea5f17aca3a0224f06ab4d131/fid/107803/format/csv/language/en/delimiter/%2C/compression/gzip/adultcontent/1/columns/data_feed_id%2Cmerchant_id%2Cmerchant_name%2Caw_product_id%2Caw_deep_link%2Caw_image_url%2Caw_thumb_url%2Ccategory_id%2Ccategory_name%2Cbrand_id%2Cbrand_name%2Cmerchant_product_id%2Cmerchant_category%2Cupc%2Cisbn%2Cmodel_number%2Cproduct_name%2Cdescription%2Cmerchant_deep_link%2Cmerchant_thumb_url%2Cmerchant_image_url%2Csearch_price%2Crrp_price%2Ccommission_group%2Ckeywords%2Ccustom_1%2Ccustom_2%2Ccustom_3%2Ccustom_4%2Ccustom_5%2Creviews%2Cbasket_link%2Cproduct_short_description%2Cmerchant_product_second_category%2Cmerchant_product_third_category%2Cstock_status/"
"92029","Thrivous","US","Not Joined","Awin","107854","sftp://datafeeds.shareasale.com/Awin/97252/feed.zip","English","","2026-05-15 20:12:38","2025-10-08 04:03:13","14","https://productdata.awin.com/datafeed/download/apikey/fa0ea60ea5f17aca3a0224f06ab4d131/fid/107854/format/csv/language/en/delimiter/%2C/compression/gzip/adultcontent/1/columns/data_feed_id%2Cmerchant_id%2Cmerchant_name%2Caw_product_id%2Caw_deep_link%2Caw_image_url%2Caw_thumb_url%2Ccategory_id%2Ccategory_name%2Cbrand_id%2Cbrand_name%2Cmerchant_product_id%2Cmerchant_category%2Cupc%2Cisbn%2Cmodel_number%2Cproduct_name%2Cdescription%2Cmerchant_deep_link%2Cmerchant_thumb_url%2Cmerchant_image_url%2Csearch_price%2Crrp_price%2Ccommission_group%2Ckeywords%2Ccustom_1%2Ccustom_2%2Ccustom_3%2Ccustom_4%2Ccustom_5%2Creviews%2Cbasket_link%2Cproduct_short_description%2Cmerchant_product_second_category%2Cmerchant_product_third_category%2Cstock_status/"
"56633","Bellerei Hundezubehör DE","DE","Not Joined","Awin","107909","Default","German","","2026-06-12 23:03:37","2026-06-13 14:03:41","95","https://productdata.awin.com/datafeed/download/apikey/fa0ea60ea5f17aca3a0224f06ab4d131/fid/107909/format/csv/language/de/delimiter/%2C/compression/gzip/columns/data_feed_id%2Cmerchant_id%2Cmerchant_name%2Caw_product_id%2Caw_deep_link%2Caw_image_url%2Caw_thumb_url%2Ccategory_id%2Ccategory_name%2Cbrand_id%2Cbrand_name%2Cmerchant_product_id%2Cmerchant_category%2Cproduct_name%2Cdescription%2Cmerchant_deep_link%2Cmerchant_image_url%2Ccurrency%2Csearch_price%2Cstock_quantity%2Ccommission_group%2Calternate_image%2Cbasket_link%2Cstock_status%2Cproduct_GTIN/"
"96499","Ottocast","US","Not Joined","Awin","107946","OTTOCAST Default Product Feeds","English","","2026-05-15 20:13:39","","12","https://productdata.awin.com/datafeed/download/apikey/fa0ea60ea5f17aca3a0224f06ab4d131/fid/107946/format/csv/language/en/delimiter/%2C/compression/gzip/adultcontent/1/columns/data_feed_id%2Cmerchant_id%2Cmerchant_name%2Caw_product_id%2Caw_deep_link%2Caw_image_url%2Caw_thumb_url%2Ccategory_id%2Ccategory_name%2Cbrand_id%2Cbrand_name%2Cmerchant_product_id%2Cmerchant_category%2Cmpn%2Cproduct_name%2Cdescription%2Cmerchant_deep_link%2Cmerchant_image_url%2Csearch_price%2Cdelivery_cost%2Ccolour%2Ccustom_1%2Calternate_image/"
"17453","goettgen.de - Das grosse Schmuck und Uhrenportal","DE","Not Joined","Awin","107982","Default Feed Awin","German","","2026-05-21 22:01:38","2026-06-13 16:01:39","8747","https://productdata.awin.com/datafeed/download/apikey/fa0ea60ea5f17aca3a0224f06ab4d131/fid/107982/format/csv/language/de/delimiter/%2C/compression/gzip/columns/data_feed_id%2Cmerchant_id%2Cmerchant_name%2Caw_product_id%2Caw_deep_link%2Caw_image_url%2Caw_thumb_url%2Ccategory_id%2Ccategory_name%2Cbrand_id%2Cbrand_name%2Cmerchant_product_id%2Cmpn%2Cproduct_name%2Cdescription%2Cmerchant_deep_link%2Cmerchant_image_url%2Csearch_price%2Ccondition%2Cparent_product_id%2Ccustom_1%2Calternate_image%2Cbase_price_text%2Cstock_status%2Cproduct_GTIN/"
"95783","yfn","US","Not Joined","Awin","108044","Default","English","","2025-08-12 03:03:28","2026-06-13 17:01:58","12805","https://productdata.awin.com/datafeed/download/apikey/fa0ea60ea5f17aca3a0224f06ab4d131/fid/108044/format/csv/language/en/delimiter/%2C/compression/gzip/adultcontent/1/columns/aw_deep_link%2Cproduct_name%2Caw_product_id%2Cmerchant_product_id%2Cmerchant_image_url%2Cdescription%2Cmerchant_category%2Csearch_price%2Cmerchant_name%2Cmerchant_id%2Ccategory_name%2Ccategory_id%2Caw_image_url%2Ccurrency%2Cstore_price%2Cdelivery_cost%2Cmerchant_deep_link%2Clanguage%2Clast_updated%2Cbrand_name%2Cbrand_id%2Ccolour%2Cproduct_short_description%2Cspecifications%2Ccondition%2Cproduct_model%2Cmodel_number%2Cdimensions%2Ckeywords%2Cpromotional_text%2Cproduct_type%2Ccommission_group%2Cmerchant_product_category_path%2Cmerchant_product_second_category%2Cmerchant_product_third_category%2Crrp_price%2Csaving%2Csavings_percent%2Cbase_price%2Cbase_price_amount%2Cbase_price_text%2Cproduct_price_old%2Cdelivery_restrictions%2Cdelivery_weight%2Cwarranty%2Cterms_of_contract%2Cdelivery_time%2Cin_stock%2Cstock_quantity%2Cvalid_from%2Cvalid_to%2Cis_for_sale%2Cweb_offer%2Cpre_order%2Cstock_status%2Csize_stock_status%2Csize_stock_amount%2Cmerchant_thumb_url%2Clarge_image%2Calternate_image%2Caw_thumb_url%2Calternate_image_two%2Calternate_image_three%2Calternate_image_four%2Creviews%2Caverage_rating%2Crating%2Cnumber_available%2Ccustom_1%2Ccustom_2%2Ccustom_3%2Ccustom_4%2Ccustom_5%2Ccustom_6%2Ccustom_7%2Ccustom_8%2Ccustom_9%2Cean%2Cisbn%2Cupc%2Cmpn%2Cparent_product_id%2Cproduct_GTIN%2Cbasket_link/"
"100113","Tantaly UK","GB","Not Joined","Awin","108050","Default","English","","2026-05-15 20:14:49","","74","https://productdata.awin.com/datafeed/download/apikey/fa0ea60ea5f17aca3a0224f06ab4d131/fid/108050/format/csv/language/en/delimiter/%2C/compression/gzip/adultcontent/1/columns/data_feed_id%2Cmerchant_id%2Cmerchant_name%2Caw_product_id%2Caw_deep_link%2Caw_image_url%2Caw_thumb_url%2Ccategory_id%2Ccategory_name%2Cbrand_id%2Cbrand_name%2Cmerchant_product_id%2Cmerchant_category%2Cproduct_name%2Cdescription%2Cmerchant_deep_link%2Cmerchant_image_url%2Ccurrency%2Csearch_price%2Ccolour%2Cproduct_price_old/"
"78850","TantalyDE","DE","Not Joined","Awin","108059","productfeed250808","English","","2026-05-15 20:14:52","","81","https://productdata.awin.com/datafeed/download/apikey/fa0ea60ea5f17aca3a0224f06ab4d131/fid/108059/format/csv/language/en/delimiter/%2C/compression/gzip/columns/data_feed_id%2Cmerchant_id%2Cmerchant_name%2Caw_product_id%2Caw_deep_link%2Caw_image_url%2Caw_thumb_url%2Ccategory_id%2Ccategory_name%2Cbrand_id%2Cbrand_name%2Cmerchant_product_id%2Cmerchant_category%2Cproduct_name%2Cdescription%2Cmerchant_deep_link%2Cmerchant_image_url%2Ccurrency%2Csearch_price%2Cstore_price%2Ccolour/"
"78080","Imarku","US","Not Joined","Awin","108214","sftp://datafeeds.shareasale.com/Awin/112429/feed.zip","English","","2026-05-15 20:19:39","2025-10-07 16:04:53","127","https://productdata.awin.com/datafeed/download/apikey/fa0ea60ea5f17aca3a0224f06ab4d131/fid/108214/format/csv/language/en/delimiter/%2C/compression/gzip/adultcontent/1/columns/data_feed_id%2Cmerchant_id%2Cmerchant_name%2Caw_product_id%2Caw_deep_link%2Caw_image_url%2Caw_thumb_url%2Ccategory_id%2Ccategory_name%2Cbrand_id%2Cbrand_name%2Cmerchant_product_id%2Cmerchant_category%2Cupc%2Cisbn%2Cmodel_number%2Cproduct_name%2Cdescription%2Cmerchant_deep_link%2Cmerchant_thumb_url%2Cmerchant_image_url%2Csearch_price%2Crrp_price%2Ccommission_group%2Ckeywords%2Ccustom_1%2Ccustom_2%2Ccustom_3%2Ccustom_4%2Ccustom_5%2Creviews%2Cbasket_link%2Cproduct_short_description%2Cmerchant_product_second_category%2Cmerchant_product_third_category%2Cstock_status/"
"59683","APE BORN Fitness","US","Not Joined","Awin","108330","sftp://datafeeds.shareasale.com/Awin/130383/feed.zip","English","","2026-05-15 20:24:25","2025-10-08 11:05:00","71","https://productdata.awin.com/datafeed/download/apikey/fa0ea60ea5f17aca3a0224f06ab4d131/fid/108330/format/csv/language/en/delimiter/%2C/compression/gzip/adultcontent/1/columns/data_feed_id%2Cmerchant_id%2Cmerchant_name%2Caw_product_id%2Caw_deep_link%2Caw_image_url%2Caw_thumb_url%2Ccategory_id%2Ccategory_name%2Cbrand_id%2Cbrand_name%2Cmerchant_product_id%2Cmerchant_category%2Cupc%2Cisbn%2Cmodel_number%2Cproduct_name%2Cdescription%2Cmerchant_deep_link%2Cmerchant_thumb_url%2Cmerchant_image_url%2Csearch_price%2Crrp_price%2Ccommission_group%2Ckeywords%2Ccustom_1%2Ccustom_2%2Ccustom_3%2Ccustom_4%2Ccustom_5%2Creviews%2Cbasket_link%2Cproduct_short_description%2Cmerchant_product_second_category%2Cmerchant_product_third_category%2Cstock_status/"
"89579","uCloudlink America Ltd.","US","Not Joined","Awin","108702","sftp://datafeeds.shareasale.com/Awin/69102/feed.zip","English","","2026-05-15 20:39:38","2025-10-08 10:10:21","14","https://productdata.awin.com/datafeed/download/apikey/fa0ea60ea5f17aca3a0224f06ab4d131/fid/108702/format/csv/language/en/delimiter/%2C/compression/gzip/adultcontent/1/columns/data_feed_id%2Cmerchant_id%2Cmerchant_name%2Caw_product_id%2Caw_deep_link%2Caw_image_url%2Caw_thumb_url%2Ccategory_id%2Ccategory_name%2Cbrand_id%2Cbrand_name%2Cmerchant_product_id%2Cmerchant_category%2Cupc%2Cisbn%2Cmodel_number%2Cproduct_name%2Cdescription%2Cmerchant_deep_link%2Cmerchant_thumb_url%2Cmerchant_image_url%2Csearch_price%2Crrp_price%2Ccommission_group%2Ckeywords%2Ccustom_1%2Ccustom_2%2Ccustom_3%2Ccustom_4%2Ccustom_5%2Creviews%2Cbasket_link%2Cproduct_short_description%2Cmerchant_product_second_category%2Cmerchant_product_third_category%2Cstock_status/"
"88751","PandaHall","US","Not Joined","Awin","108790","sftp://datafeeds.shareasale.com/Awin/52149/feed.zip","English","","2026-05-15 20:44:07","2025-10-07 16:13:59","47574","https://productdata.awin.com/datafeed/download/apikey/fa0ea60ea5f17aca3a0224f06ab4d131/fid/108790/format/csv/language/en/delimiter/%2C/compression/gzip/adultcontent/1/columns/data_feed_id%2Cmerchant_id%2Cmerchant_name%2Caw_product_id%2Caw_deep_link%2Caw_image_url%2Caw_thumb_url%2Ccategory_id%2Ccategory_name%2Cbrand_id%2Cbrand_name%2Cmerchant_product_id%2Cmerchant_category%2Cupc%2Cisbn%2Cmodel_number%2Cproduct_name%2Cdescription%2Cmerchant_deep_link%2Cmerchant_thumb_url%2Cmerchant_image_url%2Csearch_price%2Crrp_price%2Ccommission_group%2Ckeywords%2Ccustom_1%2Ccustom_2%2Ccustom_3%2Ccustom_4%2Ccustom_5%2Creviews%2Cbasket_link%2Cproduct_short_description%2Cmerchant_product_second_category%2Cmerchant_product_third_category%2Cstock_status/"
"88453","Wondershare Global Limited","US","Not Joined","Awin","108813","sftp://datafeeds.shareasale.com/Awin/44487/feed.zip","English","","2026-05-15 20:45:14","2025-10-08 05:02:47","62","https://productdata.awin.com/datafeed/download/apikey/fa0ea60ea5f17aca3a0224f06ab4d131/fid/108813/format/csv/language/en/delimiter/%2C/compression/gzip/adultcontent/1/columns/data_feed_id%2Cmerchant_id%2Cmerchant_name%2Caw_product_id%2Caw_deep_link%2Caw_image_url%2Caw_thumb_url%2Ccategory_id%2Ccategory_name%2Cbrand_id%2Cbrand_name%2Cmerchant_product_id%2Cmerchant_category%2Cupc%2Cisbn%2Cmodel_number%2Cproduct_name%2Cdescription%2Cmerchant_deep_link%2Cmerchant_thumb_url%2Cmerchant_image_url%2Csearch_price%2Crrp_price%2Ccommission_group%2Ckeywords%2Ccustom_1%2Ccustom_2%2Ccustom_3%2Ccustom_4%2Ccustom_5%2Creviews%2Cbasket_link%2Cproduct_short_description%2Cmerchant_product_second_category%2Cmerchant_product_third_category%2Cstock_status/"
"118511","Yeamon Beauty","US","Not Joined","Awin","108980","Ding Yue Yuan","English","","2026-05-15 20:47:41","2025-08-14 07:28:45","3","https://productdata.awin.com/datafeed/download/apikey/fa0ea60ea5f17aca3a0224f06ab4d131/fid/108980/format/csv/language/en/delimiter/%2C/compression/gzip/adultcontent/1/columns/data_feed_id%2Cmerchant_id%2Cmerchant_name%2Caw_product_id%2Caw_deep_link%2Caw_image_url%2Caw_thumb_url%2Ccategory_id%2Ccategory_name%2Cbrand_id%2Cbrand_name%2Cmerchant_product_id%2Cmerchant_category%2Cproduct_name%2Cdescription%2Cmerchant_deep_link%2Cmerchant_image_url%2Csearch_price/"
"87175","Beyond Memories","US","Not Joined","Awin","109006","LC Custom XML","English","","2026-05-30 17:01:38","2026-06-13 17:01:35","1074","https://productdata.awin.com/datafeed/download/apikey/fa0ea60ea5f17aca3a0224f06ab4d131/fid/109006/format/csv/language/en/delimiter/%2C/compression/gzip/adultcontent/1/columns/aw_deep_link%2Cproduct_name%2Caw_product_id%2Cmerchant_product_id%2Cmerchant_image_url%2Cdescription%2Cmerchant_category%2Csearch_price%2Cmerchant_name%2Cmerchant_id%2Ccategory_name%2Ccategory_id%2Caw_image_url%2Ccurrency%2Cstore_price%2Cdelivery_cost%2Cmerchant_deep_link%2Clanguage%2Clast_updated%2Cbrand_name%2Cbrand_id%2Ccolour%2Cproduct_short_description%2Cspecifications%2Ccondition%2Cproduct_model%2Cmodel_number%2Cdimensions%2Ckeywords%2Cpromotional_text%2Cproduct_type%2Ccommission_group%2Cmerchant_product_category_path%2Cmerchant_product_second_category%2Cmerchant_product_third_category%2Crrp_price%2Csaving%2Csavings_percent%2Cbase_price%2Cbase_price_amount%2Cbase_price_text%2Cproduct_price_old%2Cdelivery_restrictions%2Cdelivery_weight%2Cwarranty%2Cterms_of_contract%2Cdelivery_time%2Cin_stock%2Cstock_quantity%2Cvalid_from%2Cvalid_to%2Cis_for_sale%2Cweb_offer%2Cpre_order%2Cstock_status%2Csize_stock_status%2Csize_stock_amount%2Cmerchant_thumb_url%2Clarge_image%2Calternate_image%2Caw_thumb_url%2Calternate_image_two%2Calternate_image_three%2Calternate_image_four%2Creviews%2Caverage_rating%2Crating%2Cnumber_available%2Ccustom_1%2Ccustom_2%2Ccustom_3%2Ccustom_4%2Ccustom_5%2Ccustom_6%2Ccustom_7%2Ccustom_8%2Ccustom_9%2Cean%2Cisbn%2Cupc%2Cmpn%2Cparent_product_id%2Cproduct_GTIN%2Cbasket_link/"
"118063","Araco Interiors","GB","Not Joined","Awin","109033","Araco DF 1-1000","English","","2026-05-15 20:47:53","","999","https://productdata.awin.com/datafeed/download/apikey/fa0ea60ea5f17aca3a0224f06ab4d131/fid/109033/format/csv/language/en/delimiter/%2C/compression/gzip/adultcontent/1/columns/data_feed_id%2Cmerchant_id%2Cmerchant_name%2Caw_product_id%2Caw_deep_link%2Caw_image_url%2Caw_thumb_url%2Ccategory_id%2Ccategory_name%2Cbrand_id%2Cbrand_name%2Cmerchant_product_id%2Cmerchant_category%2Cmpn%2Cproduct_name%2Cdescription%2Cmerchant_deep_link%2Cmerchant_image_url%2Csearch_price%2Cproduct_type/"
"51893","Watch Home Awin First","GB","Not Joined","Awin","109042","Default","English","","2026-05-15 20:47:57","2025-09-21 04:01:23","947","https://productdata.awin.com/datafeed/download/apikey/fa0ea60ea5f17aca3a0224f06ab4d131/fid/109042/format/csv/language/en/delimiter/%2C/compression/gzip/adultcontent/1/columns/data_feed_id%2Cmerchant_id%2Cmerchant_name%2Caw_product_id%2Caw_deep_link%2Caw_image_url%2Caw_thumb_url%2Ccategory_id%2Ccategory_name%2Cbrand_id%2Cbrand_name%2Cmerchant_product_id%2Cmerchant_category%2Cupc%2Cean%2Cmpn%2Cisbn%2Cmodel_number%2Cproduct_name%2Cdescription%2Cspecifications%2Cpromotional_text%2Clanguage%2Cmerchant_deep_link%2Cmerchant_thumb_url%2Cmerchant_image_url%2Cdelivery_time%2Cvalid_from%2Cvalid_to%2Ccurrency%2Csearch_price%2Cstore_price%2Crrp_price%2Cdelivery_cost%2Cweb_offer%2Cpre_order%2Cin_stock%2Cstock_quantity%2Cis_for_sale%2Cwarranty%2Ccondition%2Cproduct_type%2Cparent_product_id%2Ccommission_group%2Clast_updated%2Cdimensions%2Ccolour%2Ckeywords%2Csaving%2Cdelivery_weight%2Cdelivery_restrictions%2Creviews%2Caverage_rating%2Crating%2Cbasket_link%2Cproduct_GTIN/"
"77952","Petlibro UK Affiliate Program","GB","Not Joined","Awin","109051","Product feed with Sales price","English","","2026-05-15 20:47:59","","42","https://productdata.awin.com/datafeed/download/apikey/fa0ea60ea5f17aca3a0224f06ab4d131/fid/109051/format/csv/language/en/delimiter/%2C/compression/gzip/adultcontent/1/columns/data_feed_id%2Cmerchant_id%2Cmerchant_name%2Caw_product_id%2Caw_deep_link%2Caw_image_url%2Caw_thumb_url%2Ccategory_id%2Ccategory_name%2Cbrand_id%2Cbrand_name%2Cmerchant_product_id%2Cproduct_name%2Cdescription%2Cmerchant_deep_link%2Cmerchant_image_url%2Csearch_price%2Cin_stock%2Ccondition%2Cproduct_GTIN/"
"108834","Five Star Direct","GB","Not Joined","Awin","109094","Default","English","","2026-03-27 03:01:11","2026-05-18 03:01:16","49","https://productdata.awin.com/datafeed/download/apikey/fa0ea60ea5f17aca3a0224f06ab4d131/fid/109094/format/csv/language/en/delimiter/%2C/compression/gzip/adultcontent/1/columns/aw_deep_link%2Cproduct_name%2Caw_product_id%2Cmerchant_product_id%2Cmerchant_image_url%2Cdescription%2Cmerchant_category%2Csearch_price%2Cmerchant_name%2Cmerchant_id%2Ccategory_name%2Ccategory_id%2Caw_image_url%2Ccurrency%2Cstore_price%2Cdelivery_cost%2Cmerchant_deep_link%2Clanguage%2Clast_updated%2Cbrand_name%2Cbrand_id%2Ccolour%2Cproduct_short_description%2Cspecifications%2Ccondition%2Cproduct_model%2Cmodel_number%2Cdimensions%2Ckeywords%2Cpromotional_text%2Cproduct_type%2Ccommission_group%2Cmerchant_product_category_path%2Cmerchant_product_second_category%2Cmerchant_product_third_category%2Crrp_price%2Csaving%2Csavings_percent%2Cbase_price%2Cbase_price_amount%2Cbase_price_text%2Cproduct_price_old%2Cdelivery_restrictions%2Cdelivery_weight%2Cwarranty%2Cterms_of_contract%2Cdelivery_time%2Cin_stock%2Cstock_quantity%2Cvalid_from%2Cvalid_to%2Cis_for_sale%2Cweb_offer%2Cpre_order%2Cstock_status%2Csize_stock_status%2Csize_stock_amount%2Cmerchant_thumb_url%2Clarge_image%2Calternate_image%2Caw_thumb_url%2Calternate_image_two%2Calternate_image_three%2Calternate_image_four%2Creviews%2Caverage_rating%2Crating%2Cnumber_available%2Ccustom_1%2Ccustom_2%2Ccustom_3%2Ccustom_4%2Ccustom_5%2Ccustom_6%2Ccustom_7%2Ccustom_8%2Ccustom_9%2Cean%2Cisbn%2Cupc%2Cmpn%2Cparent_product_id%2Cproduct_GTIN%2Cbasket_link/"
"112314","Nasopia ES","ES","Not Joined","Awin","109096","Awin v1 Prueba4","Spanish","","2026-05-15 20:48:31","2026-06-13 16:01:09","988","https://productdata.awin.com/datafeed/download/apikey/fa0ea60ea5f17aca3a0224f06ab4d131/fid/109096/format/csv/language/es/delimiter/%2C/compression/gzip/columns/data_feed_id%2Cmerchant_id%2Cmerchant_name%2Caw_product_id%2Caw_deep_link%2Caw_image_url%2Caw_thumb_url%2Ccategory_id%2Ccategory_name%2Cbrand_id%2Cbrand_name%2Cmerchant_product_id%2Cproduct_name%2Cdescription%2Cmerchant_deep_link%2Cmerchant_image_url%2Csearch_price%2Cmerchant_product_category_path/"
"119167","Babubas NL","NL","Not Joined","Awin","109169","Prices for customers buying without membership","Dutch","","2026-06-13 14:04:57","2026-06-13 14:04:44","8615","https://productdata.awin.com/datafeed/download/apikey/fa0ea60ea5f17aca3a0224f06ab4d131/fid/109169/format/csv/language/nl/delimiter/%2C/compression/gzip/columns/data_feed_id%2Cmerchant_id%2Cmerchant_name%2Caw_product_id%2Caw_deep_link%2Caw_image_url%2Caw_thumb_url%2Ccategory_id%2Ccategory_name%2Cbrand_id%2Cbrand_name%2Cmerchant_product_id%2Cmerchant_category%2Cmpn%2Cproduct_name%2Cdescription%2Cmerchant_deep_link%2Cmerchant_image_url%2Csearch_price%2Cdelivery_cost%2Cweb_offer%2Cpre_order%2Cin_stock%2Cstock_quantity%2Cis_for_sale%2Ccondition%2Ccolour%2Ccustom_1%2Cmerchant_product_category_path%2Cmerchant_product_second_category%2Cmerchant_product_third_category%2Cproduct_GTIN/"
"119167","Babubas NL","NL","Not Joined","Awin","109171","Prices for customers buying with membership","Dutch","","2026-06-13 14:04:42","2026-06-13 14:04:30","8615","https://productdata.awin.com/datafeed/download/apikey/fa0ea60ea5f17aca3a0224f06ab4d131/fid/109171/format/csv/language/nl/delimiter/%2C/compression/gzip/columns/data_feed_id%2Cmerchant_id%2Cmerchant_name%2Caw_product_id%2Caw_deep_link%2Caw_image_url%2Caw_thumb_url%2Ccategory_id%2Ccategory_name%2Cbrand_id%2Cbrand_name%2Cmerchant_product_id%2Cmerchant_category%2Cmpn%2Cproduct_name%2Cdescription%2Cmerchant_deep_link%2Cmerchant_image_url%2Csearch_price%2Cdelivery_cost%2Cweb_offer%2Cpre_order%2Cin_stock%2Cstock_quantity%2Cis_for_sale%2Ccondition%2Ccolour%2Ccustom_1%2Cmerchant_product_category_path%2Cmerchant_product_second_category%2Cmerchant_product_third_category%2Cproduct_GTIN/"
"119165","Babubas BE","BE","Not Joined","Awin","109172","Prices for customers buying without membership","Dutch","","2026-06-13 14:05:09","2026-06-13 14:04:58","8612","https://productdata.awin.com/datafeed/download/apikey/fa0ea60ea5f17aca3a0224f06ab4d131/fid/109172/format/csv/language/nl/delimiter/%2C/compression/gzip/columns/data_feed_id%2Cmerchant_id%2Cmerchant_name%2Caw_product_id%2Caw_deep_link%2Caw_image_url%2Caw_thumb_url%2Ccategory_id%2Ccategory_name%2Cbrand_id%2Cbrand_name%2Cmerchant_product_id%2Cmerchant_category%2Cmpn%2Cproduct_name%2Cdescription%2Cmerchant_deep_link%2Cmerchant_image_url%2Csearch_price%2Cdelivery_cost%2Cweb_offer%2Cpre_order%2Cin_stock%2Cstock_quantity%2Cis_for_sale%2Ccondition%2Ccolour%2Ccustom_1%2Cmerchant_product_category_path%2Cmerchant_product_second_category%2Cmerchant_product_third_category%2Cproduct_GTIN/"
"119165","Babubas BE","BE","Not Joined","Awin","109173","Prices for customers buying with membership","Dutch","","2026-06-13 14:04:51","2026-06-13 14:04:30","8612","https://productdata.awin.com/datafeed/download/apikey/fa0ea60ea5f17aca3a0224f06ab4d131/fid/109173/format/csv/language/nl/delimiter/%2C/compression/gzip/columns/data_feed_id%2Cmerchant_id%2Cmerchant_name%2Caw_product_id%2Caw_deep_link%2Caw_image_url%2Caw_thumb_url%2Ccategory_id%2Ccategory_name%2Cbrand_id%2Cbrand_name%2Cmerchant_product_id%2Cmerchant_category%2Cmpn%2Cproduct_name%2Cdescription%2Cmerchant_deep_link%2Cmerchant_image_url%2Csearch_price%2Cdelivery_cost%2Cweb_offer%2Cpre_order%2Cin_stock%2Cstock_quantity%2Cis_for_sale%2Ccondition%2Ccolour%2Ccustom_1%2Cmerchant_product_category_path%2Cmerchant_product_second_category%2Cmerchant_product_third_category%2Cproduct_GTIN/"
"28347","Sals Forever Flowers Ltd","GB","Not Joined","Awin","109189","updated","English","","2026-05-15 20:51:55","","2","https://productdata.awin.com/datafeed/download/apikey/fa0ea60ea5f17aca3a0224f06ab4d131/fid/109189/format/csv/language/en/delimiter/%2C/compression/gzip/adultcontent/1/columns/data_feed_id%2Cmerchant_id%2Cmerchant_name%2Caw_product_id%2Caw_deep_link%2Caw_image_url%2Caw_thumb_url%2Ccategory_id%2Ccategory_name%2Cbrand_id%2Cbrand_name%2Cmerchant_product_id%2Cmerchant_category%2Cupc%2Cean%2Cisbn%2Cmodel_number%2Cproduct_name%2Cdescription%2Cspecifications%2Cpromotional_text%2Clanguage%2Cmerchant_deep_link%2Cmerchant_image_url%2Cdelivery_time%2Cvalid_from%2Cvalid_to%2Ccurrency%2Csearch_price%2Cstore_price%2Crrp_price%2Cdelivery_cost%2Cin_stock%2Cstock_quantity%2Cis_for_sale%2Cwarranty%2Ccondition%2Cproduct_type%2Cparent_product_id%2Ccommission_group%2Clast_updated%2Cdimensions%2Ccolour%2Ckeywords%2Ccustom_1%2Ccustom_2%2Ccustom_3%2Ccustom_5%2Csaving%2Cdelivery_weight%2Cdelivery_restrictions%2Creviews%2Caverage_rating%2Crating%2Calternate_image%2Clarge_image%2Cbasket_link%2Cproduct_short_description%2Cproduct_model%2Cmerchant_product_category_path%2Cmerchant_product_second_category%2Cmerchant_product_third_category%2Csavings_percent%2Cbase_price%2Cbase_price_amount%2Cbase_price_text%2Cproduct_price_old%2Cstock_status%2Csize_stock_status%2Csize_stock_amount%2Cproduct_GTIN/"
"119265","Babubas UK","GB","Not Joined","Awin","109257","Prices for customers buying without membership","English","","2026-06-13 14:04:39","2026-06-13 14:04:29","8031","https://productdata.awin.com/datafeed/download/apikey/fa0ea60ea5f17aca3a0224f06ab4d131/fid/109257/format/csv/language/en/delimiter/%2C/compression/gzip/adultcontent/1/columns/data_feed_id%2Cmerchant_id%2Cmerchant_name%2Caw_product_id%2Caw_deep_link%2Caw_image_url%2Caw_thumb_url%2Ccategory_id%2Ccategory_name%2Cbrand_id%2Cbrand_name%2Cmerchant_product_id%2Cmerchant_category%2Cmpn%2Cproduct_name%2Cdescription%2Cmerchant_deep_link%2Cmerchant_image_url%2Csearch_price%2Cdelivery_cost%2Cweb_offer%2Cpre_order%2Cin_stock%2Cstock_quantity%2Ccondition%2Ccolour%2Ccustom_1%2Cmerchant_product_category_path%2Cmerchant_product_second_category%2Cmerchant_product_third_category%2Cstock_status%2Cproduct_GTIN/"
"119265","Babubas UK","GB","Not Joined","Awin","109258","Prices for customers buying with membership","English","","2026-06-13 14:04:53","2026-06-13 14:04:41","8031","https://productdata.awin.com/datafeed/download/apikey/fa0ea60ea5f17aca3a0224f06ab4d131/fid/109258/format/csv/language/en/delimiter/%2C/compression/gzip/adultcontent/1/columns/data_feed_id%2Cmerchant_id%2Cmerchant_name%2Caw_product_id%2Caw_deep_link%2Caw_image_url%2Caw_thumb_url%2Ccategory_id%2Ccategory_name%2Cbrand_id%2Cbrand_name%2Cmerchant_product_id%2Cmerchant_category%2Cmpn%2Cproduct_name%2Cdescription%2Cmerchant_deep_link%2Cmerchant_image_url%2Csearch_price%2Cdelivery_cost%2Cweb_offer%2Cpre_order%2Cstock_quantity%2Cis_for_sale%2Ccondition%2Ccolour%2Ccustom_1%2Cmerchant_product_category_path%2Cmerchant_product_second_category%2Cmerchant_product_third_category%2Cstock_status%2Cproduct_GTIN/"
"119267","Babubas IE","IE","Not Joined","Awin","109259","Prices for customers buying without membership","English","","2026-06-13 14:05:10","2026-06-13 14:04:58","8523","https://productdata.awin.com/datafeed/download/apikey/fa0ea60ea5f17aca3a0224f06ab4d131/fid/109259/format/csv/language/en/delimiter/%2C/compression/gzip/adultcontent/1/columns/data_feed_id%2Cmerchant_id%2Cmerchant_name%2Caw_product_id%2Caw_deep_link%2Caw_image_url%2Caw_thumb_url%2Ccategory_id%2Ccategory_name%2Cbrand_id%2Cbrand_name%2Cmerchant_product_id%2Cmerchant_category%2Cmpn%2Cproduct_name%2Cdescription%2Cmerchant_deep_link%2Cmerchant_image_url%2Csearch_price%2Cdelivery_cost%2Cstock_quantity%2Ccolour%2Ccustom_1%2Cmerchant_product_category_path%2Cmerchant_product_second_category%2Cmerchant_product_third_category%2Cstock_status%2Cproduct_GTIN/"
"119267","Babubas IE","IE","Not Joined","Awin","109261","Prices for customers buying with membership","English","","2026-06-13 14:04:48","2026-06-13 14:04:31","8523","https://productdata.awin.com/datafeed/download/apikey/fa0ea60ea5f17aca3a0224f06ab4d131/fid/109261/format/csv/language/en/delimiter/%2C/compression/gzip/adultcontent/1/columns/data_feed_id%2Cmerchant_id%2Cmerchant_name%2Caw_product_id%2Caw_deep_link%2Caw_image_url%2Caw_thumb_url%2Ccategory_id%2Ccategory_name%2Cbrand_id%2Cbrand_name%2Cmerchant_product_id%2Cmerchant_category%2Cmpn%2Cproduct_name%2Cdescription%2Cmerchant_deep_link%2Cmerchant_image_url%2Csearch_price%2Cdelivery_cost%2Cstock_quantity%2Ccolour%2Ccustom_1%2Cmerchant_product_category_path%2Cmerchant_product_second_category%2Cmerchant_product_third_category%2Cstock_status%2Cproduct_GTIN/"
"25940","BlackboxMeats (US)","US","Not Joined","Awin","109276","BlackboxMeats Products","English","","2026-06-12 23:02:32","2026-06-13 14:03:41","108","https://productdata.awin.com/datafeed/download/apikey/fa0ea60ea5f17aca3a0224f06ab4d131/fid/109276/format/csv/language/en/delimiter/%2C/compression/gzip/adultcontent/1/columns/data_feed_id%2Cmerchant_id%2Cmerchant_name%2Caw_product_id%2Caw_deep_link%2Caw_image_url%2Caw_thumb_url%2Ccategory_id%2Ccategory_name%2Cbrand_id%2Cbrand_name%2Cmerchant_product_id%2Cmerchant_category%2Cproduct_name%2Cdescription%2Cmerchant_deep_link%2Cmerchant_image_url%2Ccurrency%2Csearch_price%2Cin_stock%2Cstock_quantity%2Ccondition%2Cparent_product_id%2Cproduct_GTIN/"
"118063","Araco Interiors","GB","Not Joined","Awin","109281","Araco DF 1001-2000","English","","2026-05-15 20:52:47","","999","https://productdata.awin.com/datafeed/download/apikey/fa0ea60ea5f17aca3a0224f06ab4d131/fid/109281/format/csv/language/en/delimiter/%2C/compression/gzip/adultcontent/1/columns/data_feed_id%2Cmerchant_id%2Cmerchant_name%2Caw_product_id%2Caw_deep_link%2Caw_image_url%2Caw_thumb_url%2Ccategory_id%2Ccategory_name%2Cbrand_id%2Cbrand_name%2Cmerchant_product_id%2Cmerchant_category%2Cmpn%2Cproduct_name%2Cdescription%2Cmerchant_deep_link%2Cmerchant_image_url%2Csearch_price%2Cproduct_type/"
"118977","Lauri Esporte","BR","Not Joined","Awin","109288","Padrão","Portuguese","","2026-05-15 20:52:51","","1514","https://productdata.awin.com/datafeed/download/apikey/fa0ea60ea5f17aca3a0224f06ab4d131/fid/109288/format/csv/language/pt/delimiter/%2C/compression/gzip/columns/data_feed_id%2Cmerchant_id%2Cmerchant_name%2Caw_product_id%2Caw_deep_link%2Caw_image_url%2Caw_thumb_url%2Ccategory_id%2Ccategory_name%2Cbrand_id%2Cbrand_name%2Cmerchant_product_id%2Cean%2Cproduct_name%2Cdescription%2Cmerchant_deep_link%2Cmerchant_image_url%2Csearch_price%2Ccolour%2Csize_stock_amount/"
"119277","Bazta FI","FI","Not Joined","Awin","109338","Awin - Full (memberprices)","Finnish","","2026-06-13 16:11:05","2026-06-13 16:10:53","8640","https://productdata.awin.com/datafeed/download/apikey/fa0ea60ea5f17aca3a0224f06ab4d131/fid/109338/format/csv/language/fi/delimiter/%2C/compression/gzip/columns/data_feed_id%2Cmerchant_id%2Cmerchant_name%2Caw_product_id%2Caw_deep_link%2Caw_image_url%2Caw_thumb_url%2Ccategory_id%2Ccategory_name%2Cbrand_id%2Cbrand_name%2Cmerchant_product_id%2Cmerchant_category%2Cmpn%2Cproduct_name%2Cdescription%2Cmerchant_deep_link%2Cmerchant_image_url%2Csearch_price%2Cdelivery_cost%2Cweb_offer%2Cpre_order%2Cstock_quantity%2Cis_for_sale%2Ccondition%2Ccommission_group%2Ccolour%2Ccustom_1%2Calternate_image%2Cmerchant_product_category_path%2Cmerchant_product_second_category%2Cmerchant_product_third_category%2Cstock_status%2Cproduct_GTIN/"
"119277","Bazta FI","FI","Not Joined","Awin","109340","Awin - Full (normal prices)","Finnish","","2026-06-13 16:13:50","2026-06-13 16:13:38","8640","https://productdata.awin.com/datafeed/download/apikey/fa0ea60ea5f17aca3a0224f06ab4d131/fid/109340/format/csv/language/fi/delimiter/%2C/compression/gzip/columns/data_feed_id%2Cmerchant_id%2Cmerchant_name%2Caw_product_id%2Caw_deep_link%2Caw_image_url%2Caw_thumb_url%2Ccategory_id%2Ccategory_name%2Cbrand_id%2Cbrand_name%2Cmerchant_product_id%2Cmerchant_category%2Cmpn%2Cproduct_name%2Cdescription%2Cmerchant_deep_link%2Cmerchant_image_url%2Csearch_price%2Cdelivery_cost%2Cweb_offer%2Cpre_order%2Cstock_quantity%2Cis_for_sale%2Ccondition%2Ccommission_group%2Ccolour%2Ccustom_1%2Ccustom_2%2Calternate_image%2Cmerchant_product_category_path%2Cmerchant_product_second_category%2Cmerchant_product_third_category%2Cstock_status%2Cproduct_GTIN/"
"117777","Sunshare DE","DE","Not Joined","Awin","109386","sunshare feed","German","","2026-05-15 20:54:15","","77","https://productdata.awin.com/datafeed/download/apikey/fa0ea60ea5f17aca3a0224f06ab4d131/fid/109386/format/csv/language/de/delimiter/%2C/compression/gzip/columns/data_feed_id%2Cmerchant_id%2Cmerchant_name%2Caw_product_id%2Caw_deep_link%2Caw_image_url%2Caw_thumb_url%2Ccategory_id%2Ccategory_name%2Cbrand_id%2Cbrand_name%2Cmerchant_product_id%2Cproduct_name%2Cdescription%2Cmerchant_deep_link%2Cmerchant_image_url%2Csearch_price%2Crrp_price%2Cin_stock%2Csaving%2Calternate_image/"
"96499","Ottocast","US","Not Joined","Awin","109551","OTTOCAST Latest Product Feeds - 2025.09.03","English","","2026-05-15 20:54:52","","14","https://productdata.awin.com/datafeed/download/apikey/fa0ea60ea5f17aca3a0224f06ab4d131/fid/109551/format/csv/language/en/delimiter/%2C/compression/gzip/adultcontent/1/columns/data_feed_id%2Cmerchant_id%2Cmerchant_name%2Caw_product_id%2Caw_deep_link%2Caw_image_url%2Caw_thumb_url%2Ccategory_id%2Ccategory_name%2Cbrand_id%2Cbrand_name%2Cmerchant_product_id%2Cmerchant_category%2Cmpn%2Cmodel_number%2Cproduct_name%2Cdescription%2Cmerchant_deep_link%2Cmerchant_image_url%2Cdelivery_time%2Csearch_price%2Ccolour%2Calternate_image/"
"119371","Illadelph Spirits","US","Not Joined","Awin","109648","Default","English","","2026-05-15 20:55:52","","1","https://productdata.awin.com/datafeed/download/apikey/fa0ea60ea5f17aca3a0224f06ab4d131/fid/109648/format/csv/language/en/delimiter/%2C/compression/gzip/adultcontent/1/columns/data_feed_id%2Cmerchant_id%2Cmerchant_name%2Caw_product_id%2Caw_deep_link%2Caw_image_url%2Caw_thumb_url%2Ccategory_id%2Ccategory_name%2Cbrand_id%2Cbrand_name%2Cmerchant_product_id%2Cmerchant_category%2Cproduct_name%2Cdescription%2Cmerchant_deep_link%2Cmerchant_image_url%2Ccurrency%2Csearch_price%2Cin_stock/"
"77952","Petlibro UK Affiliate Program","GB","Not Joined","Awin","109652","Product Feed - Hero SKUs - UK","English","","2026-05-15 20:55:53","","12","https://productdata.awin.com/datafeed/download/apikey/fa0ea60ea5f17aca3a0224f06ab4d131/fid/109652/format/csv/language/en/delimiter/%2C/compression/gzip/adultcontent/1/columns/data_feed_id%2Cmerchant_id%2Cmerchant_name%2Caw_product_id%2Caw_deep_link%2Caw_image_url%2Caw_thumb_url%2Ccategory_id%2Ccategory_name%2Cbrand_id%2Cbrand_name%2Cmerchant_product_id%2Cproduct_name%2Cdescription%2Cmerchant_deep_link%2Cmerchant_image_url%2Csearch_price%2Cproduct_type%2Ccustom_1%2Ccustom_2%2Ccustom_3%2Ccustom_4%2Ccustom_5%2Cbase_price%2Cstock_status%2Ccustom_6%2Ccustom_7%2Ccustom_8%2Ccustom_9/"
"119327","Bloomcabin Poland","PL","Not Joined","Awin","109674","Bloomcabin","Polish","","2026-06-11 17:01:14","2026-06-13 17:01:15","42","https://productdata.awin.com/datafeed/download/apikey/fa0ea60ea5f17aca3a0224f06ab4d131/fid/109674/format/csv/language/pl/delimiter/%2C/compression/gzip/columns/aw_deep_link%2Cproduct_name%2Caw_product_id%2Cmerchant_product_id%2Cmerchant_image_url%2Cdescription%2Cmerchant_category%2Csearch_price%2Cmerchant_name%2Cmerchant_id%2Ccategory_name%2Ccategory_id%2Caw_image_url%2Ccurrency%2Cstore_price%2Cdelivery_cost%2Cmerchant_deep_link%2Clanguage%2Clast_updated%2Cbrand_name%2Cbrand_id%2Ccolour%2Cproduct_short_description%2Cspecifications%2Ccondition%2Cproduct_model%2Cmodel_number%2Cdimensions%2Ckeywords%2Cpromotional_text%2Cproduct_type%2Ccommission_group%2Cmerchant_product_category_path%2Cmerchant_product_second_category%2Cmerchant_product_third_category%2Crrp_price%2Csaving%2Csavings_percent%2Cbase_price%2Cbase_price_amount%2Cbase_price_text%2Cproduct_price_old%2Cdelivery_restrictions%2Cdelivery_weight%2Cwarranty%2Cterms_of_contract%2Cdelivery_time%2Cin_stock%2Cstock_quantity%2Cvalid_from%2Cvalid_to%2Cis_for_sale%2Cweb_offer%2Cpre_order%2Cstock_status%2Csize_stock_status%2Csize_stock_amount%2Cmerchant_thumb_url%2Clarge_image%2Calternate_image%2Caw_thumb_url%2Calternate_image_two%2Calternate_image_three%2Calternate_image_four%2Creviews%2Caverage_rating%2Crating%2Cnumber_available%2Ccustom_1%2Ccustom_2%2Ccustom_3%2Ccustom_4%2Ccustom_5%2Ccustom_6%2Ccustom_7%2Ccustom_8%2Ccustom_9%2Cean%2Cisbn%2Cupc%2Cmpn%2Cparent_product_id%2Cproduct_GTIN%2Cbasket_link/"
"119625","Bloomcabin Belgium","BE","Not Joined","Awin","109675","Bloomcabin","Dutch","","2026-06-10 17:00:19","2026-06-13 17:01:15","50","https://productdata.awin.com/datafeed/download/apikey/fa0ea60ea5f17aca3a0224f06ab4d131/fid/109675/format/csv/language/nl/delimiter/%2C/compression/gzip/columns/aw_deep_link%2Cproduct_name%2Caw_product_id%2Cmerchant_product_id%2Cmerchant_image_url%2Cdescription%2Cmerchant_category%2Csearch_price%2Cmerchant_name%2Cmerchant_id%2Ccategory_name%2Ccategory_id%2Caw_image_url%2Ccurrency%2Cstore_price%2Cdelivery_cost%2Cmerchant_deep_link%2Clanguage%2Clast_updated%2Cbrand_name%2Cbrand_id%2Ccolour%2Cproduct_short_description%2Cspecifications%2Ccondition%2Cproduct_model%2Cmodel_number%2Cdimensions%2Ckeywords%2Cpromotional_text%2Cproduct_type%2Ccommission_group%2Cmerchant_product_category_path%2Cmerchant_product_second_category%2Cmerchant_product_third_category%2Crrp_price%2Csaving%2Csavings_percent%2Cbase_price%2Cbase_price_amount%2Cbase_price_text%2Cproduct_price_old%2Cdelivery_restrictions%2Cdelivery_weight%2Cwarranty%2Cterms_of_contract%2Cdelivery_time%2Cin_stock%2Cstock_quantity%2Cvalid_from%2Cvalid_to%2Cis_for_sale%2Cweb_offer%2Cpre_order%2Cstock_status%2Csize_stock_status%2Csize_stock_amount%2Cmerchant_thumb_url%2Clarge_image%2Calternate_image%2Caw_thumb_url%2Calternate_image_two%2Calternate_image_three%2Calternate_image_four%2Creviews%2Caverage_rating%2Crating%2Cnumber_available%2Ccustom_1%2Ccustom_2%2Ccustom_3%2Ccustom_4%2Ccustom_5%2Ccustom_6%2Ccustom_7%2Ccustom_8%2Ccustom_9%2Cean%2Cisbn%2Cupc%2Cmpn%2Cparent_product_id%2Cproduct_GTIN%2Cbasket_link/"
"119493","Bloomcabin Denmark","DK","Not Joined","Awin","109676","Bloomcabin","Danish","","2026-06-11 17:01:15","2026-06-13 17:01:12","39","https://productdata.awin.com/datafeed/download/apikey/fa0ea60ea5f17aca3a0224f06ab4d131/fid/109676/format/csv/language/da/delimiter/%2C/compression/gzip/columns/aw_deep_link%2Cproduct_name%2Caw_product_id%2Cmerchant_product_id%2Cmerchant_image_url%2Cdescription%2Cmerchant_category%2Csearch_price%2Cmerchant_name%2Cmerchant_id%2Ccategory_name%2Ccategory_id%2Caw_image_url%2Ccurrency%2Cstore_price%2Cdelivery_cost%2Cmerchant_deep_link%2Clanguage%2Clast_updated%2Cbrand_name%2Cbrand_id%2Ccolour%2Cproduct_short_description%2Cspecifications%2Ccondition%2Cproduct_model%2Cmodel_number%2Cdimensions%2Ckeywords%2Cpromotional_text%2Cproduct_type%2Ccommission_group%2Cmerchant_product_category_path%2Cmerchant_product_second_category%2Cmerchant_product_third_category%2Crrp_price%2Csaving%2Csavings_percent%2Cbase_price%2Cbase_price_amount%2Cbase_price_text%2Cproduct_price_old%2Cdelivery_restrictions%2Cdelivery_weight%2Cwarranty%2Cterms_of_contract%2Cdelivery_time%2Cin_stock%2Cstock_quantity%2Cvalid_from%2Cvalid_to%2Cis_for_sale%2Cweb_offer%2Cpre_order%2Cstock_status%2Csize_stock_status%2Csize_stock_amount%2Cmerchant_thumb_url%2Clarge_image%2Calternate_image%2Caw_thumb_url%2Calternate_image_two%2Calternate_image_three%2Calternate_image_four%2Creviews%2Caverage_rating%2Crating%2Cnumber_available%2Ccustom_1%2Ccustom_2%2Ccustom_3%2Ccustom_4%2Ccustom_5%2Ccustom_6%2Ccustom_7%2Ccustom_8%2Ccustom_9%2Cean%2Cisbn%2Cupc%2Cmpn%2Cparent_product_id%2Cproduct_GTIN%2Cbasket_link/"
"119559","Bloomcabin Norway","NO","Not Joined","Awin","109677","Bloomcabin","Norwegian","","2026-06-11 17:00:53","2026-06-13 17:01:17","42","https://productdata.awin.com/datafeed/download/apikey/fa0ea60ea5f17aca3a0224f06ab4d131/fid/109677/format/csv/language/no/delimiter/%2C/compression/gzip/columns/aw_deep_link%2Cproduct_name%2Caw_product_id%2Cmerchant_product_id%2Cmerchant_image_url%2Cdescription%2Cmerchant_category%2Csearch_price%2Cmerchant_name%2Cmerchant_id%2Ccategory_name%2Ccategory_id%2Caw_image_url%2Ccurrency%2Cstore_price%2Cdelivery_cost%2Cmerchant_deep_link%2Clanguage%2Clast_updated%2Cbrand_name%2Cbrand_id%2Ccolour%2Cproduct_short_description%2Cspecifications%2Ccondition%2Cproduct_model%2Cmodel_number%2Cdimensions%2Ckeywords%2Cpromotional_text%2Cproduct_type%2Ccommission_group%2Cmerchant_product_category_path%2Cmerchant_product_second_category%2Cmerchant_product_third_category%2Crrp_price%2Csaving%2Csavings_percent%2Cbase_price%2Cbase_price_amount%2Cbase_price_text%2Cproduct_price_old%2Cdelivery_restrictions%2Cdelivery_weight%2Cwarranty%2Cterms_of_contract%2Cdelivery_time%2Cin_stock%2Cstock_quantity%2Cvalid_from%2Cvalid_to%2Cis_for_sale%2Cweb_offer%2Cpre_order%2Cstock_status%2Csize_stock_status%2Csize_stock_amount%2Cmerchant_thumb_url%2Clarge_image%2Calternate_image%2Caw_thumb_url%2Calternate_image_two%2Calternate_image_three%2Calternate_image_four%2Creviews%2Caverage_rating%2Crating%2Cnumber_available%2Ccustom_1%2Ccustom_2%2Ccustom_3%2Ccustom_4%2Ccustom_5%2Ccustom_6%2Ccustom_7%2Ccustom_8%2Ccustom_9%2Cean%2Cisbn%2Cupc%2Cmpn%2Cparent_product_id%2Cproduct_GTIN%2Cbasket_link/"
"119593","Bloomcabin Sweden","SE","Not Joined","Awin","109678","Bloomcabin","Swedish","","2026-06-11 17:01:14","2026-06-13 17:01:11","462","https://productdata.awin.com/datafeed/download/apikey/fa0ea60ea5f17aca3a0224f06ab4d131/fid/109678/format/csv/language/sv/delimiter/%2C/compression/gzip/columns/aw_deep_link%2Cproduct_name%2Caw_product_id%2Cmerchant_product_id%2Cmerchant_image_url%2Cdescription%2Cmerchant_category%2Csearch_price%2Cmerchant_name%2Cmerchant_id%2Ccategory_name%2Ccategory_id%2Caw_image_url%2Ccurrency%2Cstore_price%2Cdelivery_cost%2Cmerchant_deep_link%2Clanguage%2Clast_updated%2Cbrand_name%2Cbrand_id%2Ccolour%2Cproduct_short_description%2Cspecifications%2Ccondition%2Cproduct_model%2Cmodel_number%2Cdimensions%2Ckeywords%2Cpromotional_text%2Cproduct_type%2Ccommission_group%2Cmerchant_product_category_path%2Cmerchant_product_second_category%2Cmerchant_product_third_category%2Crrp_price%2Csaving%2Csavings_percent%2Cbase_price%2Cbase_price_amount%2Cbase_price_text%2Cproduct_price_old%2Cdelivery_restrictions%2Cdelivery_weight%2Cwarranty%2Cterms_of_contract%2Cdelivery_time%2Cin_stock%2Cstock_quantity%2Cvalid_from%2Cvalid_to%2Cis_for_sale%2Cweb_offer%2Cpre_order%2Cstock_status%2Csize_stock_status%2Csize_stock_amount%2Cmerchant_thumb_url%2Clarge_image%2Calternate_image%2Caw_thumb_url%2Calternate_image_two%2Calternate_image_three%2Calternate_image_four%2Creviews%2Caverage_rating%2Crating%2Cnumber_available%2Ccustom_1%2Ccustom_2%2Ccustom_3%2Ccustom_4%2Ccustom_5%2Ccustom_6%2Ccustom_7%2Ccustom_8%2Ccustom_9%2Cean%2Cisbn%2Cupc%2Cmpn%2Cparent_product_id%2Cproduct_GTIN%2Cbasket_link/"
"71121","Caterboss","IE","Not Joined","Awin","109772","New","English","","2026-05-15 20:56:40","","23238","https://productdata.awin.com/datafeed/download/apikey/fa0ea60ea5f17aca3a0224f06ab4d131/fid/109772/format/csv/language/en/delimiter/%2C/compression/gzip/adultcontent/1/columns/data_feed_id%2Cmerchant_id%2Cmerchant_name%2Caw_product_id%2Caw_deep_link%2Caw_image_url%2Caw_thumb_url%2Ccategory_id%2Ccategory_name%2Cbrand_id%2Cbrand_name%2Cmerchant_product_id%2Cmerchant_category%2Cproduct_name%2Cmerchant_deep_link%2Cmerchant_image_url%2Csearch_price%2Cmerchant_product_second_category%2Cmerchant_product_third_category/"
"119603","Casa Padrino - Luxus Möbel und Wondekorationen","DE","Not Joined","Awin","109794","Default","German","","2026-06-11 02:03:34","2026-06-13 02:03:52","9999","https://productdata.awin.com/datafeed/download/apikey/fa0ea60ea5f17aca3a0224f06ab4d131/fid/109794/format/csv/language/de/delimiter/%2C/compression/gzip/columns/data_feed_id%2Cmerchant_id%2Cmerchant_name%2Caw_product_id%2Caw_deep_link%2Caw_image_url%2Caw_thumb_url%2Ccategory_id%2Ccategory_name%2Cbrand_id%2Cbrand_name%2Cmerchant_product_id%2Cmerchant_category%2Cean%2Cproduct_name%2Cdescription%2Cmerchant_deep_link%2Cmerchant_image_url%2Ccurrency%2Csearch_price%2Cdelivery_cost%2Calternate_image%2Cbase_price%2Cbase_price_amount%2Cbase_price_text%2Calternate_image_two/"
"119761","Yeloly","US","Not Joined","Awin","109815","all-product","English","","2026-05-15 20:56:44","","68","https://productdata.awin.com/datafeed/download/apikey/fa0ea60ea5f17aca3a0224f06ab4d131/fid/109815/format/csv/language/en/delimiter/%2C/compression/gzip/adultcontent/1/columns/data_feed_id%2Cmerchant_id%2Cmerchant_name%2Caw_product_id%2Caw_deep_link%2Caw_image_url%2Caw_thumb_url%2Ccategory_id%2Ccategory_name%2Cbrand_id%2Cbrand_name%2Cmerchant_product_id%2Cmerchant_category%2Cproduct_name%2Cdescription%2Cmerchant_deep_link%2Cmerchant_image_url%2Ccurrency%2Csearch_price%2Cstock_status/"
"119937","Babubas SE","SE","Not Joined","Awin","109860","Prices for customers buying without membership","Swedish","","2026-06-13 14:22:57","2026-06-13 14:22:45","8617","https://productdata.awin.com/datafeed/download/apikey/fa0ea60ea5f17aca3a0224f06ab4d131/fid/109860/format/csv/language/sv/delimiter/%2C/compression/gzip/columns/data_feed_id%2Cmerchant_id%2Cmerchant_name%2Caw_product_id%2Caw_deep_link%2Caw_image_url%2Caw_thumb_url%2Ccategory_id%2Ccategory_name%2Cbrand_id%2Cbrand_name%2Cmerchant_product_id%2Cmerchant_category%2Cmpn%2Cproduct_name%2Cdescription%2Cmerchant_deep_link%2Cmerchant_image_url%2Csearch_price%2Cdelivery_cost%2Cweb_offer%2Cpre_order%2Cin_stock%2Cstock_quantity%2Cis_for_sale%2Ccondition%2Ccolour%2Ccustom_1%2Calternate_image%2Cmerchant_product_category_path%2Cmerchant_product_second_category%2Cmerchant_product_third_category%2Cproduct_GTIN/"
"119937","Babubas SE","SE","Not Joined","Awin","109861","Prices for customers buying with membership","Swedish","","2026-06-13 14:22:37","2026-06-13 14:22:25","8617","https://productdata.awin.com/datafeed/download/apikey/fa0ea60ea5f17aca3a0224f06ab4d131/fid/109861/format/csv/language/sv/delimiter/%2C/compression/gzip/columns/data_feed_id%2Cmerchant_id%2Cmerchant_name%2Caw_product_id%2Caw_deep_link%2Caw_image_url%2Caw_thumb_url%2Ccategory_id%2Ccategory_name%2Cbrand_id%2Cbrand_name%2Cmerchant_product_id%2Cmerchant_category%2Cmpn%2Cproduct_name%2Cdescription%2Cmerchant_deep_link%2Cmerchant_image_url%2Csearch_price%2Cdelivery_cost%2Cweb_offer%2Cpre_order%2Cin_stock%2Cstock_quantity%2Cis_for_sale%2Ccondition%2Ccolour%2Ccustom_1%2Calternate_image%2Cmerchant_product_category_path%2Cmerchant_product_second_category%2Cmerchant_product_third_category%2Cproduct_GTIN/"
"115783","Horow DE","DE","Not Joined","Awin","109862","Default","English","","2026-05-15 20:56:58","","7","https://productdata.awin.com/datafeed/download/apikey/fa0ea60ea5f17aca3a0224f06ab4d131/fid/109862/format/csv/language/en/delimiter/%2C/compression/gzip/columns/data_feed_id%2Cmerchant_id%2Cmerchant_name%2Caw_product_id%2Caw_deep_link%2Caw_image_url%2Caw_thumb_url%2Ccategory_id%2Ccategory_name%2Cbrand_id%2Cbrand_name%2Cmerchant_product_id%2Cproduct_name%2Cdescription%2Cmerchant_deep_link%2Csearch_price/"
"119703","Vatrer","US","Not Joined","Awin","109975","Default","English","","2026-05-15 20:57:32","","12","https://productdata.awin.com/datafeed/download/apikey/fa0ea60ea5f17aca3a0224f06ab4d131/fid/109975/format/csv/language/en/delimiter/%2C/compression/gzip/adultcontent/1/columns/data_feed_id%2Cmerchant_id%2Cmerchant_name%2Caw_product_id%2Caw_deep_link%2Caw_image_url%2Caw_thumb_url%2Ccategory_id%2Ccategory_name%2Cbrand_id%2Cbrand_name%2Cmerchant_product_id%2Cproduct_name%2Cdescription%2Cmerchant_deep_link%2Cmerchant_image_url%2Csearch_price%2Cin_stock%2Ccondition%2Cparent_product_id%2Cmerchant_product_second_category%2Cproduct_GTIN/"
"119949","Proberos","US","Not Joined","Awin","109979","Default 2","English","","2026-05-15 20:57:37","2026-06-13 06:01:55","456","https://productdata.awin.com/datafeed/download/apikey/fa0ea60ea5f17aca3a0224f06ab4d131/fid/109979/format/csv/language/en/delimiter/%2C/compression/gzip/adultcontent/1/columns/data_feed_id%2Cmerchant_id%2Cmerchant_name%2Caw_product_id%2Caw_deep_link%2Caw_image_url%2Caw_thumb_url%2Ccategory_id%2Ccategory_name%2Cbrand_id%2Cbrand_name%2Cmerchant_product_id%2Cmerchant_category%2Cupc%2Cean%2Cisbn%2Cmodel_number%2Cproduct_name%2Cdescription%2Cspecifications%2Cpromotional_text%2Clanguage%2Cmerchant_deep_link%2Cmerchant_image_url%2Cdelivery_time%2Cvalid_from%2Cvalid_to%2Ccurrency%2Csearch_price%2Cstore_price%2Crrp_price%2Cdelivery_cost%2Cin_stock%2Cstock_quantity%2Cis_for_sale%2Cwarranty%2Ccondition%2Cproduct_type%2Cparent_product_id%2Ccommission_group%2Clast_updated%2Cdimensions%2Ccolour%2Ckeywords%2Csaving%2Cdelivery_weight%2Cdelivery_restrictions%2Creviews%2Caverage_rating%2Crating%2Calternate_image%2Clarge_image%2Cbasket_link%2Cproduct_short_description%2Cproduct_model%2Cmerchant_product_category_path%2Cmerchant_product_second_category%2Cmerchant_product_third_category%2Csavings_percent%2Cbase_price%2Cbase_price_amount%2Cbase_price_text%2Cproduct_price_old%2Cstock_status%2Csize_stock_status%2Csize_stock_amount%2Cproduct_GTIN/"
"120031","ICPC UK","GB","Not Joined","Awin","109991","Default","English","","2026-05-15 20:58:01","2026-01-26 00:03:36","6289","https://productdata.awin.com/datafeed/download/apikey/fa0ea60ea5f17aca3a0224f06ab4d131/fid/109991/format/csv/language/en/delimiter/%2C/compression/gzip/adultcontent/1/columns/data_feed_id%2Cmerchant_id%2Cmerchant_name%2Caw_product_id%2Caw_deep_link%2Caw_image_url%2Caw_thumb_url%2Ccategory_id%2Ccategory_name%2Cbrand_id%2Cbrand_name%2Cmerchant_product_id%2Cmerchant_category%2Cean%2Cmpn%2Cproduct_name%2Cdescription%2Cmerchant_deep_link%2Cmerchant_image_url%2Csearch_price%2Cstock_quantity%2Ccondition%2Cproduct_short_description%2Cmerchant_product_category_path%2Cproduct_GTIN/"
"45747","Craft Buddy Shop","GB","Not Joined","Awin","109997","Harry Potter Album & Stickers","English","","2026-05-15 20:57:45","","2","https://productdata.awin.com/datafeed/download/apikey/fa0ea60ea5f17aca3a0224f06ab4d131/fid/109997/format/csv/language/en/delimiter/%2C/compression/gzip/adultcontent/1/columns/data_feed_id%2Cmerchant_id%2Cmerchant_name%2Caw_product_id%2Caw_deep_link%2Caw_image_url%2Caw_thumb_url%2Ccategory_id%2Ccategory_name%2Cbrand_id%2Cbrand_name%2Cmerchant_product_id%2Cmerchant_category%2Cproduct_name%2Cdescription%2Cmerchant_deep_link%2Cmerchant_image_url%2Ccurrency%2Csearch_price/"
"120341","Ahipos Horses DE","DE","Not Joined","Awin","110252","Default","German","","2026-06-10 22:01:21","2026-06-13 14:01:17","26","https://productdata.awin.com/datafeed/download/apikey/fa0ea60ea5f17aca3a0224f06ab4d131/fid/110252/format/csv/language/de/delimiter/%2C/compression/gzip/columns/aw_deep_link%2Cproduct_name%2Caw_product_id%2Cmerchant_product_id%2Cmerchant_image_url%2Cdescription%2Cmerchant_category%2Csearch_price%2Cmerchant_name%2Cmerchant_id%2Ccategory_name%2Ccategory_id%2Caw_image_url%2Ccurrency%2Cstore_price%2Cdelivery_cost%2Cmerchant_deep_link%2Clanguage%2Clast_updated%2Cbrand_name%2Cbrand_id%2Ccolour%2Cproduct_short_description%2Cspecifications%2Ccondition%2Cproduct_model%2Cmodel_number%2Cdimensions%2Ckeywords%2Cpromotional_text%2Cproduct_type%2Ccommission_group%2Cmerchant_product_category_path%2Cmerchant_product_second_category%2Cmerchant_product_third_category%2Crrp_price%2Csaving%2Csavings_percent%2Cbase_price%2Cbase_price_amount%2Cbase_price_text%2Cproduct_price_old%2Cdelivery_restrictions%2Cdelivery_weight%2Cwarranty%2Cterms_of_contract%2Cdelivery_time%2Cin_stock%2Cstock_quantity%2Cvalid_from%2Cvalid_to%2Cis_for_sale%2Cweb_offer%2Cpre_order%2Cstock_status%2Csize_stock_status%2Csize_stock_amount%2Cmerchant_thumb_url%2Clarge_image%2Calternate_image%2Caw_thumb_url%2Calternate_image_two%2Calternate_image_three%2Calternate_image_four%2Creviews%2Caverage_rating%2Crating%2Cnumber_available%2Ccustom_1%2Ccustom_2%2Ccustom_3%2Ccustom_4%2Ccustom_5%2Ccustom_6%2Ccustom_7%2Ccustom_8%2Ccustom_9%2Cean%2Cisbn%2Cupc%2Cmpn%2Cparent_product_id%2Cproduct_GTIN%2Cbasket_link/"
"118063","Araco Interiors","GB","Not Joined","Awin","110318","Araco Interiors All Products","English","","2026-06-05 19:02:00","2026-06-13 10:02:26","4566","https://productdata.awin.com/datafeed/download/apikey/fa0ea60ea5f17aca3a0224f06ab4d131/fid/110318/format/csv/language/en/delimiter/%2C/compression/gzip/adultcontent/1/columns/data_feed_id%2Cmerchant_id%2Cmerchant_name%2Caw_product_id%2Caw_deep_link%2Caw_image_url%2Caw_thumb_url%2Ccategory_id%2Ccategory_name%2Cbrand_id%2Cbrand_name%2Cmerchant_product_id%2Cmerchant_category%2Cmpn%2Cproduct_name%2Cdescription%2Cmerchant_deep_link%2Cmerchant_image_url%2Csearch_price%2Cproduct_type/"
"120289","SK-LED","DE","Not Joined","Awin","110354","sk-led","German","","2026-06-12 16:15:30","2026-06-13 16:02:27","777","https://productdata.awin.com/datafeed/download/apikey/fa0ea60ea5f17aca3a0224f06ab4d131/fid/110354/format/csv/language/de/delimiter/%2C/compression/gzip/columns/data_feed_id%2Cmerchant_id%2Cmerchant_name%2Caw_product_id%2Caw_deep_link%2Caw_image_url%2Caw_thumb_url%2Ccategory_id%2Ccategory_name%2Cbrand_id%2Cbrand_name%2Cmerchant_product_id%2Cmerchant_category%2Cean%2Cproduct_name%2Cdescription%2Cpromotional_text%2Cmerchant_deep_link%2Cmerchant_image_url%2Cdelivery_time%2Cvalid_from%2Cvalid_to%2Ccurrency%2Csearch_price%2Cdelivery_cost%2Cweb_offer%2Cin_stock%2Csaving%2Calternate_image%2Cmerchant_product_category_path/"
"91891","Lectron","US","Not Joined","Awin","110358","Default","English","","2026-05-15 20:59:08","","66","https://productdata.awin.com/datafeed/download/apikey/fa0ea60ea5f17aca3a0224f06ab4d131/fid/110358/format/csv/language/en/delimiter/%2C/compression/gzip/adultcontent/1/columns/data_feed_id%2Cmerchant_id%2Cmerchant_name%2Caw_product_id%2Caw_deep_link%2Caw_image_url%2Caw_thumb_url%2Ccategory_id%2Ccategory_name%2Cbrand_id%2Cbrand_name%2Cmerchant_product_id%2Cmerchant_category%2Cean%2Cproduct_name%2Cdescription%2Cmerchant_deep_link%2Cmerchant_image_url%2Csearch_price%2Cproduct_type/"
"119603","Casa Padrino - Luxus Möbel und Wondekorationen","DE","Not Joined","Awin","110361","Liste 1 DE","German","","2026-06-12 12:10:53","2026-06-13 12:17:32","7778","https://productdata.awin.com/datafeed/download/apikey/fa0ea60ea5f17aca3a0224f06ab4d131/fid/110361/format/csv/language/de/delimiter/%2C/compression/gzip/columns/data_feed_id%2Cmerchant_id%2Cmerchant_name%2Caw_product_id%2Caw_deep_link%2Caw_image_url%2Caw_thumb_url%2Ccategory_id%2Ccategory_name%2Cbrand_id%2Cbrand_name%2Cmerchant_product_id%2Cmerchant_category%2Cean%2Cproduct_name%2Cdescription%2Cmerchant_deep_link%2Cmerchant_image_url%2Ccurrency%2Csearch_price%2Cdelivery_cost%2Calternate_image%2Cbase_price%2Cbase_price_amount%2Cbase_price_text%2Calternate_image_two/"
"119603","Casa Padrino - Luxus Möbel und Wondekorationen","DE","Not Joined","Awin","110363","Liste 2 DE","German","","2026-06-10 00:05:49","2026-06-13 12:08:49","7840","https://productdata.awin.com/datafeed/download/apikey/fa0ea60ea5f17aca3a0224f06ab4d131/fid/110363/format/csv/language/de/delimiter/%2C/compression/gzip/columns/data_feed_id%2Cmerchant_id%2Cmerchant_name%2Caw_product_id%2Caw_deep_link%2Caw_image_url%2Caw_thumb_url%2Ccategory_id%2Ccategory_name%2Cbrand_id%2Cbrand_name%2Cmerchant_product_id%2Cmerchant_category%2Cean%2Cproduct_name%2Cdescription%2Cmerchant_deep_link%2Cmerchant_image_url%2Ccurrency%2Csearch_price%2Cdelivery_cost%2Calternate_image%2Cbase_price%2Cbase_price_amount%2Cbase_price_text%2Calternate_image_two/"
"119603","Casa Padrino - Luxus Möbel und Wondekorationen","DE","Not Joined","Awin","110365","Liste 3 DE","German","","2026-06-10 00:15:52","2026-06-13 12:07:28","8015","https://productdata.awin.com/datafeed/download/apikey/fa0ea60ea5f17aca3a0224f06ab4d131/fid/110365/format/csv/language/de/delimiter/%2C/compression/gzip/columns/data_feed_id%2Cmerchant_id%2Cmerchant_name%2Caw_product_id%2Caw_deep_link%2Caw_image_url%2Caw_thumb_url%2Ccategory_id%2Ccategory_name%2Cbrand_id%2Cbrand_name%2Cmerchant_product_id%2Cmerchant_category%2Cean%2Cproduct_name%2Cdescription%2Cmerchant_deep_link%2Cmerchant_image_url%2Ccurrency%2Csearch_price%2Cdelivery_cost%2Calternate_image%2Cbase_price%2Cbase_price_amount%2Cbase_price_text%2Calternate_image_two/"
"119603","Casa Padrino - Luxus Möbel und Wondekorationen","DE","Not Joined","Awin","110366","Liste 4 DE","German","","2026-06-11 12:19:38","2026-06-13 12:15:58","8415","https://productdata.awin.com/datafeed/download/apikey/fa0ea60ea5f17aca3a0224f06ab4d131/fid/110366/format/csv/language/de/delimiter/%2C/compression/gzip/columns/data_feed_id%2Cmerchant_id%2Cmerchant_name%2Caw_product_id%2Caw_deep_link%2Caw_image_url%2Caw_thumb_url%2Ccategory_id%2Ccategory_name%2Cbrand_id%2Cbrand_name%2Cmerchant_product_id%2Cmerchant_category%2Cean%2Cproduct_name%2Cdescription%2Cmerchant_deep_link%2Cmerchant_image_url%2Ccurrency%2Csearch_price%2Cdelivery_cost%2Calternate_image%2Cbase_price%2Cbase_price_amount%2Cbase_price_text%2Calternate_image_two/"
"119603","Casa Padrino - Luxus Möbel und Wondekorationen","DE","Not Joined","Awin","110367","Liste 5 DE","German","","2026-06-12 00:11:37","2026-06-13 12:04:11","3006","https://productdata.awin.com/datafeed/download/apikey/fa0ea60ea5f17aca3a0224f06ab4d131/fid/110367/format/csv/language/de/delimiter/%2C/compression/gzip/columns/data_feed_id%2Cmerchant_id%2Cmerchant_name%2Caw_product_id%2Caw_deep_link%2Caw_image_url%2Caw_thumb_url%2Ccategory_id%2Ccategory_name%2Cbrand_id%2Cbrand_name%2Cmerchant_product_id%2Cmerchant_category%2Cean%2Cproduct_name%2Cdescription%2Cmerchant_deep_link%2Cmerchant_image_url%2Ccurrency%2Csearch_price%2Cdelivery_cost%2Calternate_image%2Cbase_price%2Cbase_price_amount%2Cbase_price_text%2Calternate_image_two/"
"117667","Pro-Camera","GB","Not Joined","Awin","110438","Default","English","","2026-06-11 15:01:50","2026-06-13 15:01:51","474","https://productdata.awin.com/datafeed/download/apikey/fa0ea60ea5f17aca3a0224f06ab4d131/fid/110438/format/csv/language/en/delimiter/%2C/compression/gzip/adultcontent/1/columns/data_feed_id%2Cmerchant_id%2Cmerchant_name%2Caw_product_id%2Caw_deep_link%2Caw_image_url%2Caw_thumb_url%2Ccategory_id%2Ccategory_name%2Cbrand_id%2Cbrand_name%2Cmerchant_product_id%2Cmerchant_category%2Cmpn%2Cproduct_name%2Cdescription%2Cmerchant_deep_link%2Cmerchant_image_url%2Cdelivery_time%2Csearch_price%2Cdelivery_cost%2Cin_stock%2Ccondition%2Ccustom_1%2Ccustom_2%2Ccustom_3%2Ccustom_4%2Ccustom_5%2Cdelivery_weight%2Cdelivery_restrictions%2Calternate_image%2Calternate_image_two%2Calternate_image_three%2Cproduct_GTIN%2Calternate_image_four/"
"119127","Kunstige-stearinlys","DK","Not Joined","Awin","110452","DeluxeHomeartShop feed - DK","Danish","","2026-06-13 14:33:59","2026-06-13 14:33:51","629","https://productdata.awin.com/datafeed/download/apikey/fa0ea60ea5f17aca3a0224f06ab4d131/fid/110452/format/csv/language/da/delimiter/%2C/compression/gzip/columns/data_feed_id%2Cmerchant_id%2Cmerchant_name%2Caw_product_id%2Caw_deep_link%2Caw_image_url%2Caw_thumb_url%2Ccategory_id%2Ccategory_name%2Cbrand_id%2Cbrand_name%2Cmerchant_product_id%2Cproduct_name%2Cdescription%2Cmerchant_deep_link%2Cmerchant_image_url%2Ccurrency%2Csearch_price%2Cproduct_type%2Ccolour%2Cproduct_GTIN/"
"120199","Deluxehomeartshop SE","SE","Not Joined","Awin","110453","DeluxeHomeartShop feed - SE","Swedish","","2026-05-15 20:59:49","2026-06-13 14:01:42","797","https://productdata.awin.com/datafeed/download/apikey/fa0ea60ea5f17aca3a0224f06ab4d131/fid/110453/format/csv/language/sv/delimiter/%2C/compression/gzip/columns/data_feed_id%2Cmerchant_id%2Cmerchant_name%2Caw_product_id%2Caw_deep_link%2Caw_image_url%2Caw_thumb_url%2Ccategory_id%2Ccategory_name%2Cbrand_id%2Cbrand_name%2Cmerchant_product_id%2Cproduct_name%2Cdescription%2Cmerchant_deep_link%2Cmerchant_image_url%2Ccurrency%2Csearch_price%2Cproduct_type%2Ccolour%2Cproduct_GTIN/"
"120409","Deluxehomeartshop NL","NL","Not Joined","Awin","110454","DeluxeHomeartShop feed - NL","Dutch","","2026-06-13 14:34:11","2026-06-13 14:34:07","625","https://productdata.awin.com/datafeed/download/apikey/fa0ea60ea5f17aca3a0224f06ab4d131/fid/110454/format/csv/language/nl/delimiter/%2C/compression/gzip/columns/data_feed_id%2Cmerchant_id%2Cmerchant_name%2Caw_product_id%2Caw_deep_link%2Caw_image_url%2Caw_thumb_url%2Ccategory_id%2Ccategory_name%2Cbrand_id%2Cbrand_name%2Cmerchant_product_id%2Cproduct_name%2Cdescription%2Cmerchant_deep_link%2Cmerchant_image_url%2Ccurrency%2Csearch_price%2Cproduct_type%2Ccolour%2Cproduct_GTIN/"
"120411","Deluxehomeartshop DE","DE","Not Joined","Awin","110455","DeluxeHomeartShop feed - DE","German","","2026-06-13 14:34:10","2026-06-13 14:34:06","629","https://productdata.awin.com/datafeed/download/apikey/fa0ea60ea5f17aca3a0224f06ab4d131/fid/110455/format/csv/language/de/delimiter/%2C/compression/gzip/columns/data_feed_id%2Cmerchant_id%2Cmerchant_name%2Caw_product_id%2Caw_deep_link%2Caw_image_url%2Caw_thumb_url%2Ccategory_id%2Ccategory_name%2Cbrand_id%2Cbrand_name%2Cmerchant_product_id%2Cproduct_name%2Cdescription%2Cmerchant_deep_link%2Cmerchant_image_url%2Ccurrency%2Csearch_price%2Cproduct_type%2Ccolour%2Cproduct_GTIN/"
"120407","Deluxehomeartshop FR","FR","Not Joined","Awin","110456","DeluxeHomeartShop feed - FR","French","","2026-06-13 14:33:56","2026-06-13 14:33:50","629","https://productdata.awin.com/datafeed/download/apikey/fa0ea60ea5f17aca3a0224f06ab4d131/fid/110456/format/csv/language/fr/delimiter/%2C/compression/gzip/columns/data_feed_id%2Cmerchant_id%2Cmerchant_name%2Caw_product_id%2Caw_deep_link%2Caw_image_url%2Caw_thumb_url%2Ccategory_id%2Ccategory_name%2Cbrand_id%2Cbrand_name%2Cmerchant_product_id%2Cproduct_name%2Cdescription%2Cmerchant_deep_link%2Cmerchant_image_url%2Ccurrency%2Csearch_price%2Cproduct_type%2Ccolour%2Cproduct_GTIN/"
"71121","Caterboss","IE","Not Joined","Awin","110592","Default","English","","2026-06-12 11:05:06","2026-06-12 11:03:06","37181","https://productdata.awin.com/datafeed/download/apikey/fa0ea60ea5f17aca3a0224f06ab4d131/fid/110592/format/csv/language/en/delimiter/%2C/compression/gzip/adultcontent/1/columns/data_feed_id%2Cmerchant_id%2Cmerchant_name%2Caw_product_id%2Caw_deep_link%2Caw_image_url%2Caw_thumb_url%2Ccategory_id%2Ccategory_name%2Cbrand_id%2Cbrand_name%2Cmerchant_product_id%2Cproduct_name%2Cdescription%2Cmerchant_deep_link%2Cmerchant_image_url%2Csearch_price%2Cstock_quantity%2Cmerchant_product_category_path%2Cproduct_GTIN/"
"118223","Xiaomi RO","RO","Not Joined","Awin","110632","Xiaomi RO","English","","2026-06-13 16:04:42","2026-06-13 16:04:35","679","https://productdata.awin.com/datafeed/download/apikey/fa0ea60ea5f17aca3a0224f06ab4d131/fid/110632/format/csv/language/en/delimiter/%2C/compression/gzip/columns/data_feed_id%2Cmerchant_id%2Cmerchant_name%2Caw_product_id%2Caw_deep_link%2Caw_image_url%2Caw_thumb_url%2Ccategory_id%2Ccategory_name%2Cbrand_id%2Cbrand_name%2Cmerchant_product_id%2Cmerchant_category%2Cean%2Cproduct_name%2Cdescription%2Clanguage%2Cmerchant_deep_link%2Cmerchant_image_url%2Cdelivery_time%2Csearch_price%2Cdelivery_cost%2Cin_stock%2Cis_for_sale%2Cproduct_price_old/"
"119683","Blooh","US","Not Joined","Awin","110644","Auto Mulwi Default Feed","English","","2026-05-15 21:02:05","2026-06-13 17:01:19","102","https://productdata.awin.com/datafeed/download/apikey/fa0ea60ea5f17aca3a0224f06ab4d131/fid/110644/format/csv/language/en/delimiter/%2C/compression/gzip/adultcontent/1/columns/data_feed_id%2Cmerchant_id%2Cmerchant_name%2Caw_product_id%2Caw_deep_link%2Caw_image_url%2Caw_thumb_url%2Ccategory_id%2Ccategory_name%2Cbrand_id%2Cbrand_name%2Cmerchant_product_id%2Cmerchant_category%2Cproduct_name%2Cdescription%2Cmerchant_deep_link%2Cmerchant_image_url%2Cdelivery_time%2Csearch_price%2Cdelivery_cost%2Cproduct_type%2Ccolour/"
"120784","Breck and Grier","US","Not Joined","Awin","110678","Oct 2025 BandG Datafeed","English","","2026-05-15 21:02:15","","57","https://productdata.awin.com/datafeed/download/apikey/fa0ea60ea5f17aca3a0224f06ab4d131/fid/110678/format/csv/language/en/delimiter/%2C/compression/gzip/adultcontent/1/columns/data_feed_id%2Cmerchant_id%2Cmerchant_name%2Caw_product_id%2Caw_deep_link%2Caw_image_url%2Caw_thumb_url%2Ccategory_id%2Ccategory_name%2Cbrand_id%2Cbrand_name%2Cmerchant_product_id%2Cupc%2Cisbn%2Cproduct_name%2Cdescription%2Cmerchant_deep_link%2Cmerchant_image_url%2Csearch_price/"
"119603","Casa Padrino - Luxus Möbel und Wondekorationen","DE","Not Joined","Awin","110729","Liste 1 EN","English","","2026-06-10 00:13:07","2026-06-13 12:05:56","7778","https://productdata.awin.com/datafeed/download/apikey/fa0ea60ea5f17aca3a0224f06ab4d131/fid/110729/format/csv/language/en/delimiter/%2C/compression/gzip/columns/data_feed_id%2Cmerchant_id%2Cmerchant_name%2Caw_product_id%2Caw_deep_link%2Caw_image_url%2Caw_thumb_url%2Ccategory_id%2Ccategory_name%2Cbrand_id%2Cbrand_name%2Cmerchant_product_id%2Cmerchant_category%2Cean%2Cproduct_name%2Cdescription%2Cmerchant_deep_link%2Cmerchant_image_url%2Ccurrency%2Csearch_price%2Cdelivery_cost%2Calternate_image%2Cbase_price%2Cbase_price_amount%2Cbase_price_text%2Calternate_image_two/"
"119603","Casa Padrino - Luxus Möbel und Wondekorationen","DE","Not Joined","Awin","110742","Liste 2 EN","English","","2026-06-10 00:17:32","2026-06-13 12:10:17","7839","https://productdata.awin.com/datafeed/download/apikey/fa0ea60ea5f17aca3a0224f06ab4d131/fid/110742/format/csv/language/en/delimiter/%2C/compression/gzip/columns/data_feed_id%2Cmerchant_id%2Cmerchant_name%2Caw_product_id%2Caw_deep_link%2Caw_image_url%2Caw_thumb_url%2Ccategory_id%2Ccategory_name%2Cbrand_id%2Cbrand_name%2Cmerchant_product_id%2Cmerchant_category%2Cean%2Cproduct_name%2Cdescription%2Cmerchant_deep_link%2Cmerchant_image_url%2Ccurrency%2Csearch_price%2Cdelivery_cost%2Calternate_image%2Cbase_price%2Cbase_price_amount%2Cbase_price_text%2Calternate_image_two/"
"119603","Casa Padrino - Luxus Möbel und Wondekorationen","DE","Not Joined","Awin","110743","Liste 3 EN","English","","2026-06-10 00:19:18","2026-06-13 12:13:54","8015","https://productdata.awin.com/datafeed/download/apikey/fa0ea60ea5f17aca3a0224f06ab4d131/fid/110743/format/csv/language/en/delimiter/%2C/compression/gzip/columns/data_feed_id%2Cmerchant_id%2Cmerchant_name%2Caw_product_id%2Caw_deep_link%2Caw_image_url%2Caw_thumb_url%2Ccategory_id%2Ccategory_name%2Cbrand_id%2Cbrand_name%2Cmerchant_product_id%2Cmerchant_category%2Cproduct_name%2Cdescription%2Cmerchant_deep_link%2Cmerchant_image_url%2Ccurrency%2Csearch_price%2Cdelivery_cost%2Cdelivery_weight%2Calternate_image%2Cbase_price%2Cbase_price_amount%2Cbase_price_text%2Calternate_image_two/"
"119603","Casa Padrino - Luxus Möbel und Wondekorationen","DE","Not Joined","Awin","110744","Liste 4 EN","English","","2026-06-11 12:18:16","2026-06-13 12:12:16","8415","https://productdata.awin.com/datafeed/download/apikey/fa0ea60ea5f17aca3a0224f06ab4d131/fid/110744/format/csv/language/en/delimiter/%2C/compression/gzip/columns/data_feed_id%2Cmerchant_id%2Cmerchant_name%2Caw_product_id%2Caw_deep_link%2Caw_image_url%2Caw_thumb_url%2Ccategory_id%2Ccategory_name%2Cbrand_id%2Cbrand_name%2Cmerchant_product_id%2Cmerchant_category%2Cean%2Cproduct_name%2Cdescription%2Cmerchant_deep_link%2Cmerchant_image_url%2Ccurrency%2Csearch_price%2Cdelivery_cost%2Calternate_image%2Cbase_price%2Cbase_price_amount%2Cbase_price_text%2Calternate_image_two/"
"115783","Horow DE","DE","Not Joined","Awin","110786","S70 G06","German","","2026-05-15 21:05:57","","2","https://productdata.awin.com/datafeed/download/apikey/fa0ea60ea5f17aca3a0224f06ab4d131/fid/110786/format/csv/language/de/delimiter/%2C/compression/gzip/columns/data_feed_id%2Cmerchant_id%2Cmerchant_name%2Caw_product_id%2Caw_deep_link%2Caw_image_url%2Caw_thumb_url%2Ccategory_id%2Ccategory_name%2Cbrand_id%2Cbrand_name%2Cmerchant_product_id%2Cproduct_name%2Cdescription%2Cmerchant_deep_link%2Csearch_price/"
"87919","Flowers Fast.com-Send Flowers Same Day Delivery","US","Not Joined","Awin","110830","Default","English","ShoppingNL","2026-06-13 03:01:27","2026-06-13 03:01:22","1234","https://productdata.awin.com/datafeed/download/apikey/fa0ea60ea5f17aca3a0224f06ab4d131/fid/110830/format/csv/language/en/delimiter/%2C/compression/gzip/adultcontent/1/columns/data_feed_id%2Cmerchant_id%2Cmerchant_name%2Caw_product_id%2Caw_deep_link%2Caw_image_url%2Caw_thumb_url%2Ccategory_id%2Ccategory_name%2Cbrand_id%2Cbrand_name%2Cmerchant_product_id%2Cmerchant_category%2Cmpn%2Cproduct_name%2Cdescription%2Cmerchant_deep_link%2Cmerchant_image_url%2Csearch_price%2Cdelivery_cost%2Cin_stock%2Ccondition%2Cproduct_type/"
"25639","Peugeot Saveurs UK","GB","Not Joined","Awin","110938","Flux ShoppingFeed UK","English","","2026-06-13 12:25:00","2026-06-13 12:24:56","656","https://productdata.awin.com/datafeed/download/apikey/fa0ea60ea5f17aca3a0224f06ab4d131/fid/110938/format/csv/language/en/delimiter/%2C/compression/gzip/adultcontent/1/columns/aw_deep_link%2Cproduct_name%2Caw_product_id%2Cmerchant_product_id%2Cmerchant_image_url%2Cdescription%2Cmerchant_category%2Csearch_price%2Cmerchant_name%2Cmerchant_id%2Ccategory_name%2Ccategory_id%2Caw_image_url%2Ccurrency%2Cstore_price%2Cdelivery_cost%2Cmerchant_deep_link%2Clanguage%2Clast_updated%2Cbrand_name%2Cbrand_id%2Ccolour%2Cproduct_short_description%2Cspecifications%2Ccondition%2Cproduct_model%2Cmodel_number%2Cdimensions%2Ckeywords%2Cpromotional_text%2Cproduct_type%2Ccommission_group%2Cmerchant_product_category_path%2Cmerchant_product_second_category%2Cmerchant_product_third_category%2Crrp_price%2Csaving%2Csavings_percent%2Cbase_price%2Cbase_price_amount%2Cbase_price_text%2Cproduct_price_old%2Cdelivery_restrictions%2Cdelivery_weight%2Cwarranty%2Cterms_of_contract%2Cdelivery_time%2Cin_stock%2Cstock_quantity%2Cvalid_from%2Cvalid_to%2Cis_for_sale%2Cweb_offer%2Cpre_order%2Cstock_status%2Csize_stock_status%2Csize_stock_amount%2Cmerchant_thumb_url%2Clarge_image%2Calternate_image%2Caw_thumb_url%2Calternate_image_two%2Calternate_image_three%2Calternate_image_four%2Creviews%2Caverage_rating%2Crating%2Cnumber_available%2Ccustom_1%2Ccustom_2%2Ccustom_3%2Ccustom_4%2Ccustom_5%2Ccustom_6%2Ccustom_7%2Ccustom_8%2Ccustom_9%2Cean%2Cisbn%2Cupc%2Cmpn%2Cparent_product_id%2Cproduct_GTIN%2Cbasket_link/"
"120061","wall-dekor","DE","Not Joined","Awin","110990","Default","German","","2026-05-15 21:11:13","2025-10-28 09:26:21","78612","https://productdata.awin.com/datafeed/download/apikey/fa0ea60ea5f17aca3a0224f06ab4d131/fid/110990/format/csv/language/de/delimiter/%2C/compression/gzip/columns/data_feed_id%2Cmerchant_id%2Cmerchant_name%2Caw_product_id%2Caw_deep_link%2Caw_image_url%2Caw_thumb_url%2Ccategory_id%2Ccategory_name%2Cbrand_id%2Cbrand_name%2Cmerchant_product_id%2Cmerchant_category%2Cean%2Cproduct_name%2Cdescription%2Cmerchant_deep_link%2Ccurrency%2Csearch_price%2Ccolour%2Csize_stock_amount/"
"100113","Tantaly UK","GB","Not Joined","Awin","111140","productfeed251027","English","","2026-05-15 21:09:35","","72","https://productdata.awin.com/datafeed/download/apikey/fa0ea60ea5f17aca3a0224f06ab4d131/fid/111140/format/csv/language/en/delimiter/%2C/compression/gzip/adultcontent/1/columns/data_feed_id%2Cmerchant_id%2Cmerchant_name%2Caw_product_id%2Caw_deep_link%2Caw_image_url%2Caw_thumb_url%2Ccategory_id%2Ccategory_name%2Cbrand_id%2Cbrand_name%2Cmerchant_product_id%2Cmerchant_category%2Cproduct_name%2Cdescription%2Cmerchant_deep_link%2Cmerchant_image_url%2Ccurrency%2Csearch_price%2Ccolour%2Cproduct_price_old/"
"78850","TantalyDE","DE","Not Joined","Awin","111141","product251027","English","","2026-05-15 21:09:36","","72","https://productdata.awin.com/datafeed/download/apikey/fa0ea60ea5f17aca3a0224f06ab4d131/fid/111141/format/csv/language/en/delimiter/%2C/compression/gzip/columns/data_feed_id%2Cmerchant_id%2Cmerchant_name%2Caw_product_id%2Caw_deep_link%2Caw_image_url%2Caw_thumb_url%2Ccategory_id%2Ccategory_name%2Cbrand_id%2Cbrand_name%2Cmerchant_product_id%2Cmerchant_category%2Cproduct_name%2Cdescription%2Cmerchant_deep_link%2Cmerchant_image_url%2Ccurrency%2Csearch_price%2Ccolour%2Cproduct_price_old/"
"99151","Navimow EU","DE","Not Joined","Awin","111149","Navimow DE Product Feeds 27/10/2025","German","","2026-05-15 21:09:37","","8","https://productdata.awin.com/datafeed/download/apikey/fa0ea60ea5f17aca3a0224f06ab4d131/fid/111149/format/csv/language/de/delimiter/%2C/compression/gzip/columns/data_feed_id%2Cmerchant_id%2Cmerchant_name%2Caw_product_id%2Caw_deep_link%2Caw_image_url%2Caw_thumb_url%2Ccategory_id%2Ccategory_name%2Cbrand_id%2Cbrand_name%2Cmerchant_product_id%2Cmerchant_category%2Cean%2Cproduct_name%2Cdescription%2Cmerchant_deep_link%2Cmerchant_image_url%2Csearch_price%2Cdelivery_cost/"
"99151","Navimow EU","DE","Not Joined","Awin","111150","Navimow FR Product Feeds 19/11/2025","French","","2026-05-15 21:09:38","","8","https://productdata.awin.com/datafeed/download/apikey/fa0ea60ea5f17aca3a0224f06ab4d131/fid/111150/format/csv/language/fr/delimiter/%2C/compression/gzip/columns/data_feed_id%2Cmerchant_id%2Cmerchant_name%2Caw_product_id%2Caw_deep_link%2Caw_image_url%2Caw_thumb_url%2Ccategory_id%2Ccategory_name%2Cbrand_id%2Cbrand_name%2Cmerchant_product_id%2Cmerchant_category%2Cean%2Cproduct_name%2Cdescription%2Cmerchant_deep_link%2Cmerchant_image_url%2Csearch_price%2Cdelivery_cost/"
"115943","Normanwalsh","GB","Not Joined","Awin","111292","Norman Walsh（10.30)","English","","2026-05-15 21:09:56","","116","https://productdata.awin.com/datafeed/download/apikey/fa0ea60ea5f17aca3a0224f06ab4d131/fid/111292/format/csv/language/en/delimiter/%2C/compression/gzip/adultcontent/1/columns/data_feed_id%2Cmerchant_id%2Cmerchant_name%2Caw_product_id%2Caw_deep_link%2Caw_image_url%2Caw_thumb_url%2Ccategory_id%2Ccategory_name%2Cbrand_id%2Cbrand_name%2Cmerchant_product_id%2Cmerchant_category%2Cproduct_name%2Cdescription%2Cmerchant_deep_link%2Cmerchant_image_url%2Csearch_price%2Ccondition%2Cstock_status/"
"121176","DoctorQuality","IT","Not Joined","Awin","111316","Awin Plugin","Italian","","2026-06-12 12:08:33","2026-06-13 12:03:46","53179","https://productdata.awin.com/datafeed/download/apikey/fa0ea60ea5f17aca3a0224f06ab4d131/fid/111316/format/csv/language/it/delimiter/%2C/compression/gzip/columns/data_feed_id%2Cmerchant_id%2Cmerchant_name%2Caw_product_id%2Caw_deep_link%2Caw_image_url%2Caw_thumb_url%2Ccategory_id%2Ccategory_name%2Cbrand_id%2Cbrand_name%2Cmerchant_product_id%2Cmerchant_category%2Cupc%2Cean%2Cisbn%2Cmodel_number%2Cproduct_name%2Cdescription%2Cspecifications%2Cpromotional_text%2Clanguage%2Cmerchant_deep_link%2Cmerchant_image_url%2Cdelivery_time%2Cvalid_from%2Cvalid_to%2Ccurrency%2Csearch_price%2Cstore_price%2Crrp_price%2Cdelivery_cost%2Cin_stock%2Cstock_quantity%2Cis_for_sale%2Cwarranty%2Ccondition%2Cproduct_type%2Cparent_product_id%2Ccommission_group%2Clast_updated%2Cdimensions%2Ccolour%2Ckeywords%2Csaving%2Cdelivery_weight%2Cdelivery_restrictions%2Creviews%2Caverage_rating%2Crating%2Calternate_image%2Clarge_image%2Cbasket_link%2Cproduct_short_description%2Cproduct_model%2Cmerchant_product_category_path%2Cmerchant_product_second_category%2Cmerchant_product_third_category%2Csavings_percent%2Cbase_price%2Cbase_price_amount%2Cbase_price_text%2Cproduct_price_old%2Cstock_status%2Csize_stock_status%2Csize_stock_amount%2Cproduct_GTIN/"
"121546","Modern Comfort Living","GB","Not Joined","Awin","111351","Shopify_Live_Feed","English","","2026-06-13 12:12:53","2026-06-13 12:12:40","9430","https://productdata.awin.com/datafeed/download/apikey/fa0ea60ea5f17aca3a0224f06ab4d131/fid/111351/format/csv/language/en/delimiter/%2C/compression/gzip/adultcontent/1/columns/data_feed_id%2Cmerchant_id%2Cmerchant_name%2Caw_product_id%2Caw_deep_link%2Caw_image_url%2Caw_thumb_url%2Ccategory_id%2Ccategory_name%2Cbrand_id%2Cbrand_name%2Cmerchant_product_id%2Cproduct_name%2Cdescription%2Cmerchant_deep_link%2Cmerchant_image_url%2Ccurrency%2Csearch_price%2Crrp_price%2Cstock_quantity%2Cproduct_type%2Ccolour%2Csize_stock_status%2Cproduct_GTIN/"
"121288","Fazari","US","Not Joined","Awin","111369","Default","English","Fashion","2026-05-15 21:10:06","2026-06-13 12:01:28","417","https://productdata.awin.com/datafeed/download/apikey/fa0ea60ea5f17aca3a0224f06ab4d131/fid/111369/format/csv/language/en/delimiter/%2C/compression/gzip/adultcontent/1/columns/aw_deep_link%2Cproduct_name%2Caw_product_id%2Cmerchant_product_id%2Cmerchant_image_url%2Cdescription%2Cmerchant_category%2Csearch_price%2Cmerchant_name%2Cmerchant_id%2Ccategory_name%2Ccategory_id%2Caw_image_url%2Ccurrency%2Cstore_price%2Cdelivery_cost%2Cmerchant_deep_link%2Clanguage%2Clast_updated%2Cbrand_name%2Cbrand_id%2Ccolour%2Cproduct_short_description%2Cspecifications%2Ccondition%2Cproduct_model%2Cmodel_number%2Cdimensions%2Ckeywords%2Cpromotional_text%2Cproduct_type%2Ccommission_group%2Cmerchant_product_category_path%2Cmerchant_product_second_category%2Cmerchant_product_third_category%2Crrp_price%2Csaving%2Csavings_percent%2Cbase_price%2Cbase_price_amount%2Cbase_price_text%2Cproduct_price_old%2Cdelivery_restrictions%2Cdelivery_weight%2Cwarranty%2Cterms_of_contract%2Cdelivery_time%2Cin_stock%2Cstock_quantity%2Cvalid_from%2Cvalid_to%2Cis_for_sale%2Cweb_offer%2Cpre_order%2Cstock_status%2Csize_stock_status%2Csize_stock_amount%2Cmerchant_thumb_url%2Clarge_image%2Calternate_image%2Caw_thumb_url%2Calternate_image_two%2Calternate_image_three%2Calternate_image_four%2Creviews%2Caverage_rating%2Crating%2Cnumber_available%2Ccustom_1%2Ccustom_2%2Ccustom_3%2Ccustom_4%2Ccustom_5%2Ccustom_6%2Ccustom_7%2Ccustom_8%2Ccustom_9%2Cean%2Cisbn%2Cupc%2Cmpn%2Cparent_product_id%2Cproduct_GTIN%2Cbasket_link%2CFashion%3Acategory%2CFashion%3Amaterial%2CFashion%3Apattern%2CFashion%3Asize%2CFashion%3Asuitable_for%2CFashion%3Aswatch/"
"81383","Carraro BR","BR","Not Joined","Awin","111390","Padrão","Portuguese","","2026-05-15 21:10:08","","456","https://productdata.awin.com/datafeed/download/apikey/fa0ea60ea5f17aca3a0224f06ab4d131/fid/111390/format/csv/language/pt/delimiter/%2C/compression/gzip/columns/data_feed_id%2Cmerchant_id%2Cmerchant_name%2Caw_product_id%2Caw_deep_link%2Caw_image_url%2Caw_thumb_url%2Ccategory_id%2Ccategory_name%2Cbrand_id%2Cbrand_name%2Cmerchant_product_id%2Cproduct_name%2Cmerchant_deep_link%2Csearch_price/"
"120726","SELDOM SEEN STYLES","US","Not Joined","Awin","111395","11.1","English","Fashion","2026-06-09 00:04:17","2026-06-13 03:02:01","42920","https://productdata.awin.com/datafeed/download/apikey/fa0ea60ea5f17aca3a0224f06ab4d131/fid/111395/format/csv/language/en/delimiter/%2C/compression/gzip/adultcontent/1/columns/aw_deep_link%2Cproduct_name%2Caw_product_id%2Cmerchant_product_id%2Cmerchant_image_url%2Cdescription%2Cmerchant_category%2Csearch_price%2Cmerchant_name%2Cmerchant_id%2Ccategory_name%2Ccategory_id%2Caw_image_url%2Ccurrency%2Cstore_price%2Cdelivery_cost%2Cmerchant_deep_link%2Clanguage%2Clast_updated%2Cbrand_name%2Cbrand_id%2Ccolour%2Cproduct_short_description%2Cspecifications%2Ccondition%2Cproduct_model%2Cmodel_number%2Cdimensions%2Ckeywords%2Cpromotional_text%2Cproduct_type%2Ccommission_group%2Cmerchant_product_category_path%2Cmerchant_product_second_category%2Cmerchant_product_third_category%2Crrp_price%2Csaving%2Csavings_percent%2Cbase_price%2Cbase_price_amount%2Cbase_price_text%2Cproduct_price_old%2Cdelivery_restrictions%2Cdelivery_weight%2Cwarranty%2Cterms_of_contract%2Cdelivery_time%2Cin_stock%2Cstock_quantity%2Cvalid_from%2Cvalid_to%2Cis_for_sale%2Cweb_offer%2Cpre_order%2Cstock_status%2Csize_stock_status%2Csize_stock_amount%2Cmerchant_thumb_url%2Clarge_image%2Calternate_image%2Caw_thumb_url%2Calternate_image_two%2Calternate_image_three%2Calternate_image_four%2Creviews%2Caverage_rating%2Crating%2Cnumber_available%2Ccustom_1%2Ccustom_2%2Ccustom_3%2Ccustom_4%2Ccustom_5%2Ccustom_6%2Ccustom_7%2Ccustom_8%2Ccustom_9%2Cean%2Cisbn%2Cupc%2Cmpn%2Cparent_product_id%2Cproduct_GTIN%2Cbasket_link%2CFashion%3Acategory%2CFashion%3Amaterial%2CFashion%3Apattern%2CFashion%3Asize%2CFashion%3Asuitable_for%2CFashion%3Aswatch/"
"115943","Normanwalsh","GB","Not Joined","Awin","111408","Default","English","","2026-05-15 21:10:15","","116","https://productdata.awin.com/datafeed/download/apikey/fa0ea60ea5f17aca3a0224f06ab4d131/fid/111408/format/csv/language/en/delimiter/%2C/compression/gzip/adultcontent/1/columns/data_feed_id%2Cmerchant_id%2Cmerchant_name%2Caw_product_id%2Caw_deep_link%2Caw_image_url%2Caw_thumb_url%2Ccategory_id%2Ccategory_name%2Cbrand_id%2Cbrand_name%2Cmerchant_product_id%2Cmerchant_category%2Cproduct_name%2Cdescription%2Cmerchant_deep_link%2Cmerchant_image_url%2Csearch_price%2Ccondition%2Cdimensions%2Ccolour%2Ckeywords%2Csize_stock_status/"
"119709","Proimage B.V. (NL)","NL","Not Joined","Awin","111543","Default","Dutch","","2026-05-15 21:10:51","","26","https://productdata.awin.com/datafeed/download/apikey/fa0ea60ea5f17aca3a0224f06ab4d131/fid/111543/format/csv/language/nl/delimiter/%2C/compression/gzip/columns/data_feed_id%2Cmerchant_id%2Cmerchant_name%2Caw_product_id%2Caw_deep_link%2Caw_image_url%2Caw_thumb_url%2Ccategory_id%2Ccategory_name%2Cbrand_id%2Cbrand_name%2Cmerchant_product_id%2Cmerchant_category%2Cproduct_name%2Cdescription%2Cmerchant_deep_link%2Cmerchant_image_url%2Csearch_price/"
"61655","Back to the Office","GB","Not Joined","Awin","111663","In Stock Feed","English","","2026-06-13 14:27:09","2026-06-13 14:25:49","36485","https://productdata.awin.com/datafeed/download/apikey/fa0ea60ea5f17aca3a0224f06ab4d131/fid/111663/format/csv/language/en/delimiter/%2C/compression/gzip/adultcontent/1/columns/data_feed_id%2Cmerchant_id%2Cmerchant_name%2Caw_product_id%2Caw_deep_link%2Caw_image_url%2Caw_thumb_url%2Ccategory_id%2Ccategory_name%2Cbrand_id%2Cbrand_name%2Cmerchant_product_id%2Cmerchant_category%2Cean%2Cmpn%2Cproduct_name%2Cdescription%2Cmerchant_deep_link%2Cmerchant_image_url%2Cdelivery_time%2Csearch_price%2Cdelivery_cost%2Cproduct_type/"
"121008","BP Tools UK","GB","Not Joined","Awin","111825","Default","English","","2026-05-25 09:44:33","2026-06-13 09:02:25","20616","https://productdata.awin.com/datafeed/download/apikey/fa0ea60ea5f17aca3a0224f06ab4d131/fid/111825/format/csv/language/en/delimiter/%2C/compression/gzip/adultcontent/1/columns/data_feed_id%2Cmerchant_id%2Cmerchant_name%2Caw_product_id%2Caw_deep_link%2Caw_image_url%2Caw_thumb_url%2Ccategory_id%2Ccategory_name%2Cbrand_id%2Cbrand_name%2Cmerchant_product_id%2Cmerchant_category%2Cean%2Cmpn%2Cproduct_name%2Cdescription%2Cmerchant_deep_link%2Cmerchant_image_url%2Csearch_price%2Cstock_quantity%2Ccondition%2Cproduct_short_description%2Cmerchant_product_category_path%2Cproduct_GTIN/"
"99151","Navimow EU","DE","Not Joined","Awin","111829","Navimow SE Product Feeds 19/11/2025","Swedish","","2026-05-15 21:14:37","","8","https://productdata.awin.com/datafeed/download/apikey/fa0ea60ea5f17aca3a0224f06ab4d131/fid/111829/format/csv/language/sv/delimiter/%2C/compression/gzip/columns/data_feed_id%2Cmerchant_id%2Cmerchant_name%2Caw_product_id%2Caw_deep_link%2Caw_image_url%2Caw_thumb_url%2Ccategory_id%2Ccategory_name%2Cbrand_id%2Cbrand_name%2Cmerchant_product_id%2Cmerchant_category%2Cean%2Cproduct_name%2Cdescription%2Cmerchant_deep_link%2Cmerchant_image_url%2Csearch_price%2Cdelivery_cost/"
"38872","Bazta BE","BE","Not Joined","Awin","111943","Awin - Discounted Price","Dutch","","2026-06-13 16:14:20","2026-06-13 16:14:13","2513","https://productdata.awin.com/datafeed/download/apikey/fa0ea60ea5f17aca3a0224f06ab4d131/fid/111943/format/csv/language/nl/delimiter/%2C/compression/gzip/columns/data_feed_id%2Cmerchant_id%2Cmerchant_name%2Caw_product_id%2Caw_deep_link%2Caw_image_url%2Caw_thumb_url%2Ccategory_id%2Ccategory_name%2Cbrand_id%2Cbrand_name%2Cmerchant_product_id%2Cmerchant_category%2Cmpn%2Cproduct_name%2Cdescription%2Cmerchant_deep_link%2Cmerchant_image_url%2Csearch_price%2Cdelivery_cost%2Cweb_offer%2Cpre_order%2Cin_stock%2Cstock_quantity%2Cis_for_sale%2Ccondition%2Ccommission_group%2Ccolour%2Ccustom_1%2Calternate_image%2Cmerchant_product_category_path%2Cmerchant_product_second_category%2Cmerchant_product_third_category%2Cproduct_GTIN/"
"119277","Bazta FI","FI","Not Joined","Awin","111944","Awin - Discounted Price","Finnish","","2026-06-13 16:14:20","2026-06-13 16:14:13","2434","https://productdata.awin.com/datafeed/download/apikey/fa0ea60ea5f17aca3a0224f06ab4d131/fid/111944/format/csv/language/fi/delimiter/%2C/compression/gzip/columns/data_feed_id%2Cmerchant_id%2Cmerchant_name%2Caw_product_id%2Caw_deep_link%2Caw_image_url%2Caw_thumb_url%2Ccategory_id%2Ccategory_name%2Cbrand_id%2Cbrand_name%2Cmerchant_product_id%2Cmerchant_category%2Cmpn%2Cproduct_name%2Cdescription%2Cmerchant_deep_link%2Cmerchant_image_url%2Csearch_price%2Cdelivery_cost%2Cweb_offer%2Cpre_order%2Cstock_quantity%2Cis_for_sale%2Ccondition%2Ccommission_group%2Ccolour%2Ccustom_1%2Calternate_image%2Cmerchant_product_category_path%2Cmerchant_product_second_category%2Cmerchant_product_third_category%2Cstock_status%2Cproduct_GTIN/"
"116033","Bazta IE","IE","Not Joined","Awin","111945","Awin - Discounted Price","English","","2026-06-13 16:17:24","2026-06-13 16:17:17","2470","https://productdata.awin.com/datafeed/download/apikey/fa0ea60ea5f17aca3a0224f06ab4d131/fid/111945/format/csv/language/en/delimiter/%2C/compression/gzip/adultcontent/1/columns/data_feed_id%2Cmerchant_id%2Cmerchant_name%2Caw_product_id%2Caw_deep_link%2Caw_image_url%2Caw_thumb_url%2Ccategory_id%2Ccategory_name%2Cbrand_id%2Cbrand_name%2Cmerchant_product_id%2Cmerchant_category%2Cmpn%2Cproduct_name%2Cdescription%2Cmerchant_deep_link%2Cmerchant_image_url%2Csearch_price%2Cdelivery_cost%2Cweb_offer%2Cpre_order%2Cstock_quantity%2Cis_for_sale%2Ccondition%2Ccommission_group%2Ccolour%2Ccustom_1%2Calternate_image%2Cmerchant_product_category_path%2Cmerchant_product_second_category%2Cmerchant_product_third_category%2Cstock_status%2Cproduct_GTIN/"
"38874","Bazta NL","NL","Not Joined","Awin","111946","Awin - Discounted Price","Dutch","","2026-06-13 16:17:24","2026-06-13 16:17:17","2514","https://productdata.awin.com/datafeed/download/apikey/fa0ea60ea5f17aca3a0224f06ab4d131/fid/111946/format/csv/language/nl/delimiter/%2C/compression/gzip/columns/data_feed_id%2Cmerchant_id%2Cmerchant_name%2Caw_product_id%2Caw_deep_link%2Caw_image_url%2Caw_thumb_url%2Ccategory_id%2Ccategory_name%2Cbrand_id%2Cbrand_name%2Cmerchant_product_id%2Cmerchant_category%2Cmpn%2Cproduct_name%2Cdescription%2Cmerchant_deep_link%2Cmerchant_image_url%2Csearch_price%2Cdelivery_cost%2Cweb_offer%2Cpre_order%2Cstock_quantity%2Cis_for_sale%2Ccondition%2Ccommission_group%2Ccolour%2Ccustom_1%2Ccustom_2%2Calternate_image%2Cmerchant_product_category_path%2Cmerchant_product_second_category%2Cmerchant_product_third_category%2Cstock_status%2Cproduct_GTIN/"
"38110","Bazta SE","SE","Not Joined","Awin","111947","Awin - Discounted Price","Swedish","","2026-06-13 16:17:24","2026-06-13 16:17:17","2515","https://productdata.awin.com/datafeed/download/apikey/fa0ea60ea5f17aca3a0224f06ab4d131/fid/111947/format/csv/language/sv/delimiter/%2C/compression/gzip/columns/data_feed_id%2Cmerchant_id%2Cmerchant_name%2Caw_product_id%2Caw_deep_link%2Caw_image_url%2Caw_thumb_url%2Ccategory_id%2Ccategory_name%2Cbrand_id%2Cbrand_name%2Cmerchant_product_id%2Cmerchant_category%2Cmpn%2Cproduct_name%2Cdescription%2Cmerchant_deep_link%2Cmerchant_image_url%2Csearch_price%2Cdelivery_cost%2Cweb_offer%2Cpre_order%2Cstock_quantity%2Cis_for_sale%2Ccondition%2Ccommission_group%2Ccolour%2Ccustom_1%2Calternate_image%2Cmerchant_product_category_path%2Cmerchant_product_second_category%2Cmerchant_product_third_category%2Cstock_status%2Cproduct_GTIN/"
"116097","Bazta UK","GB","Not Joined","Awin","111948","Awin - Discounted Price","English","","2026-06-13 16:17:23","2026-06-13 16:17:16","2443","https://productdata.awin.com/datafeed/download/apikey/fa0ea60ea5f17aca3a0224f06ab4d131/fid/111948/format/csv/language/en/delimiter/%2C/compression/gzip/adultcontent/1/columns/data_feed_id%2Cmerchant_id%2Cmerchant_name%2Caw_product_id%2Caw_deep_link%2Caw_image_url%2Caw_thumb_url%2Ccategory_id%2Ccategory_name%2Cbrand_id%2Cbrand_name%2Cmerchant_product_id%2Cmerchant_category%2Cmpn%2Cproduct_name%2Cdescription%2Cmerchant_deep_link%2Cmerchant_image_url%2Csearch_price%2Cdelivery_cost%2Cweb_offer%2Cpre_order%2Cin_stock%2Cstock_quantity%2Cis_for_sale%2Ccondition%2Ccommission_group%2Ccolour%2Ccustom_1%2Calternate_image%2Cmerchant_product_category_path%2Cmerchant_product_second_category%2Cmerchant_product_third_category%2Cproduct_GTIN/"
"115743","Plusshop FI","FI","Not Joined","Awin","111949","Awin - Discounted Price","Finnish","","2026-06-13 17:02:02","2026-06-13 17:01:51","2516","https://productdata.awin.com/datafeed/download/apikey/fa0ea60ea5f17aca3a0224f06ab4d131/fid/111949/format/csv/language/fi/delimiter/%2C/compression/gzip/columns/data_feed_id%2Cmerchant_id%2Cmerchant_name%2Caw_product_id%2Caw_deep_link%2Caw_image_url%2Caw_thumb_url%2Ccategory_id%2Ccategory_name%2Cbrand_id%2Cbrand_name%2Cmerchant_product_id%2Cmerchant_category%2Cmpn%2Cproduct_name%2Cdescription%2Cmerchant_deep_link%2Cmerchant_image_url%2Csearch_price%2Cdelivery_cost%2Cweb_offer%2Cpre_order%2Cin_stock%2Cstock_quantity%2Cis_for_sale%2Ccondition%2Ccommission_group%2Ccolour%2Ccustom_1%2Calternate_image%2Cmerchant_product_category_path%2Cmerchant_product_second_category%2Cmerchant_product_third_category%2Cproduct_GTIN/"
"69306","Plusshop UK","GB","Not Joined","Awin","111951","Awin - Discounted Price","English","","2026-06-13 16:17:23","2026-06-13 16:17:16","2443","https://productdata.awin.com/datafeed/download/apikey/fa0ea60ea5f17aca3a0224f06ab4d131/fid/111951/format/csv/language/en/delimiter/%2C/compression/gzip/adultcontent/1/columns/data_feed_id%2Cmerchant_id%2Cmerchant_name%2Caw_product_id%2Caw_deep_link%2Caw_image_url%2Caw_thumb_url%2Ccategory_id%2Ccategory_name%2Cbrand_id%2Cbrand_name%2Cmerchant_product_id%2Cmerchant_category%2Cmpn%2Cproduct_name%2Cdescription%2Cmerchant_deep_link%2Cmerchant_image_url%2Csearch_price%2Cdelivery_cost%2Cweb_offer%2Cpre_order%2Cin_stock%2Cstock_quantity%2Cis_for_sale%2Ccondition%2Ccommission_group%2Ccolour%2Ccustom_1%2Calternate_image%2Cmerchant_product_category_path%2Cmerchant_product_second_category%2Cmerchant_product_third_category%2Ccustom_9%2Cproduct_GTIN/"
"69420","Brandsaver BE","BE","Not Joined","Awin","111982","Awin - Discounted Price","Dutch","","2026-06-13 16:16:42","2026-06-13 16:16:36","2514","https://productdata.awin.com/datafeed/download/apikey/fa0ea60ea5f17aca3a0224f06ab4d131/fid/111982/format/csv/language/nl/delimiter/%2C/compression/gzip/columns/data_feed_id%2Cmerchant_id%2Cmerchant_name%2Caw_product_id%2Caw_deep_link%2Caw_image_url%2Caw_thumb_url%2Ccategory_id%2Ccategory_name%2Cbrand_id%2Cbrand_name%2Cmerchant_product_id%2Cmerchant_category%2Cmpn%2Cproduct_name%2Cdescription%2Cmerchant_deep_link%2Cmerchant_image_url%2Csearch_price%2Cdelivery_cost%2Cweb_offer%2Cpre_order%2Cstock_quantity%2Cis_for_sale%2Ccondition%2Ccommission_group%2Ccolour%2Ccustom_1%2Calternate_image%2Cmerchant_product_category_path%2Cmerchant_product_second_category%2Cmerchant_product_third_category%2Cstock_status%2Ccustom_9%2Cproduct_GTIN/"
"69308","Brandsaver NL","NL","Not Joined","Awin","111983","Awin - Discounted Price","Dutch","","2026-06-13 16:16:24","2026-06-13 16:16:17","2516","https://productdata.awin.com/datafeed/download/apikey/fa0ea60ea5f17aca3a0224f06ab4d131/fid/111983/format/csv/language/nl/delimiter/%2C/compression/gzip/columns/data_feed_id%2Cmerchant_id%2Cmerchant_name%2Caw_product_id%2Caw_deep_link%2Caw_image_url%2Caw_thumb_url%2Ccategory_id%2Ccategory_name%2Cbrand_id%2Cbrand_name%2Cmerchant_product_id%2Cmerchant_category%2Cmpn%2Cproduct_name%2Cdescription%2Cmerchant_deep_link%2Cmerchant_image_url%2Csearch_price%2Cdelivery_cost%2Cweb_offer%2Cpre_order%2Cin_stock%2Cstock_quantity%2Cis_for_sale%2Ccondition%2Ccommission_group%2Ccustom_1%2Calternate_image%2Cmerchant_product_category_path%2Cmerchant_product_second_category%2Cmerchant_product_third_category%2Ccustom_9%2Cproduct_GTIN/"
"29511","Plusshop IE","IE","Not Joined","Awin","111984","Awin - Discounted Price","English","","2026-06-13 16:16:24","2026-06-13 16:16:17","2470","https://productdata.awin.com/datafeed/download/apikey/fa0ea60ea5f17aca3a0224f06ab4d131/fid/111984/format/csv/language/en/delimiter/%2C/compression/gzip/adultcontent/1/columns/data_feed_id%2Cmerchant_id%2Cmerchant_name%2Caw_product_id%2Caw_deep_link%2Caw_image_url%2Caw_thumb_url%2Ccategory_id%2Ccategory_name%2Cbrand_id%2Cbrand_name%2Cmerchant_product_id%2Cmerchant_category%2Cmpn%2Cproduct_name%2Cdescription%2Cmerchant_deep_link%2Cmerchant_image_url%2Csearch_price%2Cdelivery_cost%2Cweb_offer%2Cpre_order%2Cin_stock%2Cstock_quantity%2Cis_for_sale%2Ccondition%2Ccommission_group%2Ccolour%2Ccustom_1%2Calternate_image%2Cmerchant_product_category_path%2Cmerchant_product_second_category%2Cmerchant_product_third_category%2Ccustom_9%2Cproduct_GTIN/"
"16274","Plusshop SE","SE","Not Joined","Awin","111985","Awin - Discounted Price","Swedish","","2026-06-13 16:16:25","2026-06-13 16:16:18","2515","https://productdata.awin.com/datafeed/download/apikey/fa0ea60ea5f17aca3a0224f06ab4d131/fid/111985/format/csv/language/sv/delimiter/%2C/compression/gzip/columns/data_feed_id%2Cmerchant_id%2Cmerchant_name%2Caw_product_id%2Caw_deep_link%2Caw_image_url%2Caw_thumb_url%2Ccategory_id%2Ccategory_name%2Cbrand_id%2Cbrand_name%2Cmerchant_product_id%2Cmerchant_category%2Cmpn%2Cproduct_name%2Cdescription%2Cmerchant_deep_link%2Cmerchant_image_url%2Csearch_price%2Cdelivery_cost%2Cweb_offer%2Cpre_order%2Cin_stock%2Cstock_quantity%2Cis_for_sale%2Ccondition%2Ccommission_group%2Ccolour%2Ccustom_1%2Calternate_image%2Cmerchant_product_category_path%2Cmerchant_product_second_category%2Cmerchant_product_third_category%2Ccustom_9%2Cproduct_GTIN/"
"122382","Watch Enclave UK","GB","Not Joined","Awin","112068","Watch Enclave Shopify Feed","English","Fashion","2026-06-13 06:28:59","2026-06-13 16:04:34","979","https://productdata.awin.com/datafeed/download/apikey/fa0ea60ea5f17aca3a0224f06ab4d131/fid/112068/format/csv/language/en/delimiter/%2C/compression/gzip/adultcontent/1/columns/data_feed_id%2Cmerchant_id%2Cmerchant_name%2Caw_product_id%2Caw_deep_link%2Caw_image_url%2Caw_thumb_url%2Ccategory_id%2Ccategory_name%2Cbrand_id%2Cbrand_name%2Cmerchant_product_id%2Cmerchant_category%2Cean%2Cmpn%2Cproduct_name%2Cdescription%2Cmerchant_deep_link%2Cmerchant_image_url%2Cdelivery_time%2Ccurrency%2Csearch_price%2Cdelivery_cost%2Cin_stock%2Cstock_quantity%2Ccondition%2Cproduct_type%2Ccolour%2Ccustom_1%2Ccustom_2%2CFashion%3Asize%2Calternate_image%2Cproduct_price_old%2Calternate_image_two%2Calternate_image_three%2Cproduct_GTIN%2Calternate_image_four/"
"113756","Macian","GB","Not Joined","Awin","112141","Macian USD By Size","English","Fashion","2026-05-15 21:16:29","","166","https://productdata.awin.com/datafeed/download/apikey/fa0ea60ea5f17aca3a0224f06ab4d131/fid/112141/format/csv/language/en/delimiter/%2C/compression/gzip/adultcontent/1/columns/data_feed_id%2Cmerchant_id%2Cmerchant_name%2Caw_product_id%2Caw_deep_link%2Caw_image_url%2Caw_thumb_url%2Ccategory_id%2Ccategory_name%2Cbrand_id%2Cbrand_name%2Cmerchant_product_id%2Cmerchant_category%2Cproduct_name%2Cdescription%2Cmerchant_deep_link%2Cmerchant_image_url%2Ccurrency%2Csearch_price%2Ccondition%2Ccolour%2Ccustom_1%2Ccustom_2%2Ccustom_3%2Ccustom_4%2Ccustom_5%2CFashion%3Asize%2CFashion%3Amaterial%2Calternate_image%2Cstock_status%2Calternate_image_two%2Calternate_image_three%2Calternate_image_four/"
"113756","Macian","GB","Not Joined","Awin","112237","Default","English","Fashion","2026-05-15 21:17:43","","166","https://productdata.awin.com/datafeed/download/apikey/fa0ea60ea5f17aca3a0224f06ab4d131/fid/112237/format/csv/language/en/delimiter/%2C/compression/gzip/adultcontent/1/columns/data_feed_id%2Cmerchant_id%2Cmerchant_name%2Caw_product_id%2Caw_deep_link%2Caw_image_url%2Caw_thumb_url%2Ccategory_id%2Ccategory_name%2Cbrand_id%2Cbrand_name%2Cmerchant_product_id%2Cmerchant_category%2Cproduct_name%2Cdescription%2Cmerchant_deep_link%2Cmerchant_image_url%2Ccurrency%2Csearch_price%2Ccondition%2Ccolour%2Ccustom_1%2Ccustom_2%2Ccustom_3%2Ccustom_4%2Ccustom_5%2CFashion%3Asize%2CFashion%3Amaterial%2Calternate_image%2Cstock_status%2Calternate_image_two%2Calternate_image_three%2Calternate_image_four/"
"122084","Keppi","US","Not Joined","Awin","112281","Keppi Shopify Products","English","","2026-06-13 00:02:30","2026-06-13 00:02:26","55","https://productdata.awin.com/datafeed/download/apikey/fa0ea60ea5f17aca3a0224f06ab4d131/fid/112281/format/csv/language/en/delimiter/%2C/compression/gzip/adultcontent/1/columns/aw_deep_link%2Cproduct_name%2Caw_product_id%2Cmerchant_product_id%2Cmerchant_image_url%2Cdescription%2Cmerchant_category%2Csearch_price%2Cmerchant_name%2Cmerchant_id%2Ccategory_name%2Ccategory_id%2Caw_image_url%2Ccurrency%2Cstore_price%2Cdelivery_cost%2Cmerchant_deep_link%2Clanguage%2Clast_updated%2Cbrand_name%2Cbrand_id%2Ccolour%2Cproduct_short_description%2Cspecifications%2Ccondition%2Cproduct_model%2Cmodel_number%2Cdimensions%2Ckeywords%2Cpromotional_text%2Cproduct_type%2Ccommission_group%2Cmerchant_product_category_path%2Cmerchant_product_second_category%2Cmerchant_product_third_category%2Crrp_price%2Csaving%2Csavings_percent%2Cbase_price%2Cbase_price_amount%2Cbase_price_text%2Cproduct_price_old%2Cdelivery_restrictions%2Cdelivery_weight%2Cwarranty%2Cterms_of_contract%2Cdelivery_time%2Cin_stock%2Cstock_quantity%2Cvalid_from%2Cvalid_to%2Cis_for_sale%2Cweb_offer%2Cpre_order%2Cstock_status%2Csize_stock_status%2Csize_stock_amount%2Cmerchant_thumb_url%2Clarge_image%2Calternate_image%2Caw_thumb_url%2Calternate_image_two%2Calternate_image_three%2Calternate_image_four%2Creviews%2Caverage_rating%2Crating%2Cnumber_available%2Ccustom_1%2Ccustom_2%2Ccustom_3%2Ccustom_4%2Ccustom_5%2Ccustom_6%2Ccustom_7%2Ccustom_8%2Ccustom_9%2Cean%2Cisbn%2Cupc%2Cmpn%2Cparent_product_id%2Cproduct_GTIN%2Cbasket_link/"
"122860","Perfumeza SE","SE","Not Joined","Awin","112410","Perfumeza SE","Swedish","","2026-05-21 08:35:04","2026-05-26 08:01:47","842","https://productdata.awin.com/datafeed/download/apikey/fa0ea60ea5f17aca3a0224f06ab4d131/fid/112410/format/csv/language/sv/delimiter/%2C/compression/gzip/columns/data_feed_id%2Cmerchant_id%2Cmerchant_name%2Caw_product_id%2Caw_deep_link%2Caw_image_url%2Caw_thumb_url%2Ccategory_id%2Ccategory_name%2Cbrand_id%2Cbrand_name%2Cmerchant_product_id%2Cmerchant_category%2Cean%2Cproduct_name%2Cdescription%2Cmerchant_deep_link%2Cmerchant_image_url%2Cdelivery_time%2Csearch_price%2Cdelivery_cost%2Cstock_quantity/"
"107524","Dowinx (EU)","US","Not Joined","Awin","112471","EN","English","","2026-05-15 21:21:18","2025-12-15 10:38:55","81","https://productdata.awin.com/datafeed/download/apikey/fa0ea60ea5f17aca3a0224f06ab4d131/fid/112471/format/csv/language/en/delimiter/%2C/compression/gzip/adultcontent/1/columns/data_feed_id%2Cmerchant_id%2Cmerchant_name%2Caw_product_id%2Caw_deep_link%2Caw_image_url%2Caw_thumb_url%2Ccategory_id%2Ccategory_name%2Cbrand_id%2Cbrand_name%2Cmerchant_product_id%2Cmerchant_category%2Cmpn%2Cproduct_name%2Cdescription%2Cmerchant_deep_link%2Cmerchant_image_url%2Csearch_price%2Cin_stock%2Ccondition%2Cparent_product_id%2Ccolour%2Calternate_image_two%2Cproduct_GTIN/"
"75674","Boxed2me","GB","Not Joined","Awin","112482","Boxed2me","English","","2026-06-13 13:04:40","2026-06-13 13:04:30","7331","https://productdata.awin.com/datafeed/download/apikey/fa0ea60ea5f17aca3a0224f06ab4d131/fid/112482/format/csv/language/en/delimiter/%2C/compression/gzip/adultcontent/1/columns/data_feed_id%2Cmerchant_id%2Cmerchant_name%2Caw_product_id%2Caw_deep_link%2Caw_image_url%2Caw_thumb_url%2Ccategory_id%2Ccategory_name%2Cbrand_id%2Cbrand_name%2Cmerchant_product_id%2Cmerchant_category%2Cean%2Cmpn%2Cmodel_number%2Cproduct_name%2Cdescription%2Cmerchant_deep_link%2Cmerchant_image_url%2Csearch_price%2Cin_stock%2Ccondition%2Cproduct_type%2Cdelivery_weight%2Calternate_image/"
"122824","Lets Buy Books","GB","Not Joined","Awin","112530","Default","English","","2026-06-13 14:08:32","2026-06-13 14:08:14","6326","https://productdata.awin.com/datafeed/download/apikey/fa0ea60ea5f17aca3a0224f06ab4d131/fid/112530/format/csv/language/en/delimiter/%2C/compression/gzip/adultcontent/1/columns/data_feed_id%2Cmerchant_id%2Cmerchant_name%2Caw_product_id%2Caw_deep_link%2Caw_image_url%2Caw_thumb_url%2Ccategory_id%2Ccategory_name%2Cbrand_id%2Cbrand_name%2Cmerchant_product_id%2Cmerchant_category%2Cean%2Cmpn%2Cproduct_name%2Cdescription%2Cmerchant_deep_link%2Cmerchant_image_url%2Cdelivery_time%2Ccurrency%2Csearch_price%2Cdelivery_cost%2Cin_stock%2Cstock_quantity%2Ccondition%2Cproduct_type%2Ccolour%2Ccustom_1%2Calternate_image%2Cproduct_price_old%2Calternate_image_two%2Calternate_image_three%2Calternate_image_four/"
"116359","Santean Bracelets","US","Not Joined","Awin","112532","Gem Jewelry Product Feed","English","Fashion","2026-05-27 12:21:43","2026-06-13 12:01:47","73","https://productdata.awin.com/datafeed/download/apikey/fa0ea60ea5f17aca3a0224f06ab4d131/fid/112532/format/csv/language/en/delimiter/%2C/compression/gzip/adultcontent/1/columns/data_feed_id%2Cmerchant_id%2Cmerchant_name%2Caw_product_id%2Caw_deep_link%2Caw_image_url%2Caw_thumb_url%2Ccategory_id%2Ccategory_name%2Cbrand_id%2Cbrand_name%2Cmerchant_product_id%2Cmerchant_category%2Cproduct_name%2Cdescription%2Cmerchant_deep_link%2Cmerchant_image_url%2Csearch_price%2Clast_updated%2Ckeywords/"
"107524","Dowinx (EU)","US","Not Joined","Awin","112536","EN2","English","","2026-05-15 21:24:41","2026-06-13 12:01:02","183","https://productdata.awin.com/datafeed/download/apikey/fa0ea60ea5f17aca3a0224f06ab4d131/fid/112536/format/csv/language/en/delimiter/%2C/compression/gzip/adultcontent/1/columns/data_feed_id%2Cmerchant_id%2Cmerchant_name%2Caw_product_id%2Caw_deep_link%2Caw_image_url%2Caw_thumb_url%2Ccategory_id%2Ccategory_name%2Cbrand_id%2Cbrand_name%2Cmerchant_product_id%2Cmerchant_category%2Cmpn%2Cproduct_name%2Cdescription%2Cmerchant_deep_link%2Cmerchant_image_url%2Csearch_price%2Cin_stock%2Ccondition%2Cparent_product_id%2Ccolour%2Calternate_image_two%2Cproduct_GTIN/"
"20134","Muscle Research Legal Anabolics","GB","Not Joined","Awin","112635","Google Shopping","English","","2026-05-15 21:25:00","2025-12-17 13:32:44","34","https://productdata.awin.com/datafeed/download/apikey/fa0ea60ea5f17aca3a0224f06ab4d131/fid/112635/format/csv/language/en/delimiter/%2C/compression/gzip/adultcontent/1/columns/data_feed_id%2Cmerchant_id%2Cmerchant_name%2Caw_product_id%2Caw_deep_link%2Caw_image_url%2Caw_thumb_url%2Ccategory_id%2Ccategory_name%2Cbrand_id%2Cbrand_name%2Cmerchant_product_id%2Cmerchant_category%2Cproduct_name%2Cdescription%2Cmerchant_deep_link%2Cmerchant_image_url%2Csearch_price/"
"28347","Sals Forever Flowers Ltd","GB","Not Joined","Awin","112684","Default","English","","2026-05-15 21:25:35","","38","https://productdata.awin.com/datafeed/download/apikey/fa0ea60ea5f17aca3a0224f06ab4d131/fid/112684/format/csv/language/en/delimiter/%2C/compression/gzip/adultcontent/1/columns/data_feed_id%2Cmerchant_id%2Cmerchant_name%2Caw_product_id%2Caw_deep_link%2Caw_image_url%2Caw_thumb_url%2Ccategory_id%2Ccategory_name%2Cbrand_id%2Cbrand_name%2Cmerchant_product_id%2Cproduct_name%2Cmerchant_deep_link%2Csearch_price%2Calternate_image/"
"123248","Opulensi Perfumes Lattafa Sapil Anfar","GB","Not Joined","Awin","112686","Awin","English","","2026-06-12 00:08:54","2026-06-13 15:01:36","607","https://productdata.awin.com/datafeed/download/apikey/fa0ea60ea5f17aca3a0224f06ab4d131/fid/112686/format/csv/language/en/delimiter/%2C/compression/gzip/adultcontent/1/columns/aw_deep_link%2Cproduct_name%2Caw_product_id%2Cmerchant_product_id%2Cmerchant_image_url%2Cdescription%2Cmerchant_category%2Csearch_price%2Cmerchant_name%2Cmerchant_id%2Ccategory_name%2Ccategory_id%2Caw_image_url%2Ccurrency%2Cstore_price%2Cdelivery_cost%2Cmerchant_deep_link%2Clanguage%2Clast_updated%2Cbrand_name%2Cbrand_id%2Ccolour%2Cproduct_short_description%2Cspecifications%2Ccondition%2Cproduct_model%2Cmodel_number%2Cdimensions%2Ckeywords%2Cpromotional_text%2Cproduct_type%2Ccommission_group%2Cmerchant_product_category_path%2Cmerchant_product_second_category%2Cmerchant_product_third_category%2Crrp_price%2Csaving%2Csavings_percent%2Cbase_price%2Cbase_price_amount%2Cbase_price_text%2Cproduct_price_old%2Cdelivery_restrictions%2Cdelivery_weight%2Cwarranty%2Cterms_of_contract%2Cdelivery_time%2Cin_stock%2Cstock_quantity%2Cvalid_from%2Cvalid_to%2Cis_for_sale%2Cweb_offer%2Cpre_order%2Cstock_status%2Csize_stock_status%2Csize_stock_amount%2Cmerchant_thumb_url%2Clarge_image%2Calternate_image%2Caw_thumb_url%2Calternate_image_two%2Calternate_image_three%2Calternate_image_four%2Creviews%2Caverage_rating%2Crating%2Cnumber_available%2Ccustom_1%2Ccustom_2%2Ccustom_3%2Ccustom_4%2Ccustom_5%2Ccustom_6%2Ccustom_7%2Ccustom_8%2Ccustom_9%2Cean%2Cisbn%2Cupc%2Cmpn%2Cparent_product_id%2Cproduct_GTIN%2Cbasket_link/"
"118553","Black Canyon Home & Body","US","Not Joined","Awin","112689","SHOPIFY","English","","2026-06-13 08:02:30","2026-06-13 15:06:04","4808","https://productdata.awin.com/datafeed/download/apikey/fa0ea60ea5f17aca3a0224f06ab4d131/fid/112689/format/csv/language/en/delimiter/%2C/compression/gzip/adultcontent/1/columns/aw_deep_link%2Cproduct_name%2Caw_product_id%2Cmerchant_product_id%2Cmerchant_image_url%2Cdescription%2Cmerchant_category%2Csearch_price%2Cmerchant_name%2Cmerchant_id%2Ccategory_name%2Ccategory_id%2Caw_image_url%2Ccurrency%2Cstore_price%2Cdelivery_cost%2Cmerchant_deep_link%2Clanguage%2Clast_updated%2Cbrand_name%2Cbrand_id%2Ccolour%2Cproduct_short_description%2Cspecifications%2Ccondition%2Cproduct_model%2Cmodel_number%2Cdimensions%2Ckeywords%2Cpromotional_text%2Cproduct_type%2Ccommission_group%2Cmerchant_product_category_path%2Cmerchant_product_second_category%2Cmerchant_product_third_category%2Crrp_price%2Csaving%2Csavings_percent%2Cbase_price%2Cbase_price_amount%2Cbase_price_text%2Cproduct_price_old%2Cdelivery_restrictions%2Cdelivery_weight%2Cwarranty%2Cterms_of_contract%2Cdelivery_time%2Cin_stock%2Cstock_quantity%2Cvalid_from%2Cvalid_to%2Cis_for_sale%2Cweb_offer%2Cpre_order%2Cstock_status%2Csize_stock_status%2Csize_stock_amount%2Cmerchant_thumb_url%2Clarge_image%2Calternate_image%2Caw_thumb_url%2Calternate_image_two%2Calternate_image_three%2Calternate_image_four%2Creviews%2Caverage_rating%2Crating%2Cnumber_available%2Ccustom_1%2Ccustom_2%2Ccustom_3%2Ccustom_4%2Ccustom_5%2Ccustom_6%2Ccustom_7%2Ccustom_8%2Ccustom_9%2Cean%2Cisbn%2Cupc%2Cmpn%2Cparent_product_id%2Cproduct_GTIN%2Cbasket_link/"
"122924","iBstone","US","Not Joined","Awin","112733","ibstone hearing aids","English","","2026-05-15 21:26:42","","8","https://productdata.awin.com/datafeed/download/apikey/fa0ea60ea5f17aca3a0224f06ab4d131/fid/112733/format/csv/language/en/delimiter/%2C/compression/gzip/adultcontent/1/columns/data_feed_id%2Cmerchant_id%2Cmerchant_name%2Caw_product_id%2Caw_deep_link%2Caw_image_url%2Caw_thumb_url%2Ccategory_id%2Ccategory_name%2Cbrand_id%2Cbrand_name%2Cmerchant_product_id%2Cmerchant_category%2Cproduct_name%2Cdescription%2Cmerchant_deep_link%2Cmerchant_image_url%2Csearch_price/"
"117777","Sunshare DE","DE","Not Joined","Awin","112767","2026 New Year Sale","German","","2026-05-15 21:27:05","","97","https://productdata.awin.com/datafeed/download/apikey/fa0ea60ea5f17aca3a0224f06ab4d131/fid/112767/format/csv/language/de/delimiter/%2C/compression/gzip/columns/data_feed_id%2Cmerchant_id%2Cmerchant_name%2Caw_product_id%2Caw_deep_link%2Caw_image_url%2Caw_thumb_url%2Ccategory_id%2Ccategory_name%2Cbrand_id%2Cbrand_name%2Cmerchant_product_id%2Cproduct_name%2Cdescription%2Cmerchant_deep_link%2Cmerchant_image_url%2Csearch_price%2Crrp_price%2Cin_stock/"
"117675","Qumi","US","Not Joined","Awin","112813","Default","English","","2026-05-15 21:27:16","","170","https://productdata.awin.com/datafeed/download/apikey/fa0ea60ea5f17aca3a0224f06ab4d131/fid/112813/format/csv/language/en/delimiter/%2C/compression/gzip/adultcontent/1/columns/data_feed_id%2Cmerchant_id%2Cmerchant_name%2Caw_product_id%2Caw_deep_link%2Caw_image_url%2Caw_thumb_url%2Ccategory_id%2Ccategory_name%2Cbrand_id%2Cbrand_name%2Cmerchant_product_id%2Cmerchant_category%2Cupc%2Cean%2Cisbn%2Cmodel_number%2Cproduct_name%2Cdescription%2Cspecifications%2Cpromotional_text%2Clanguage%2Cmerchant_deep_link%2Cmerchant_image_url%2Cdelivery_time%2Cvalid_from%2Cvalid_to%2Ccurrency%2Csearch_price%2Cstore_price%2Crrp_price%2Cdelivery_cost%2Cin_stock%2Cstock_quantity%2Cis_for_sale%2Cwarranty%2Ccondition%2Cproduct_type%2Cparent_product_id%2Ccommission_group%2Clast_updated%2Cdimensions%2Ccolour%2Ckeywords%2Csaving%2Cdelivery_weight%2Cdelivery_restrictions%2Creviews%2Caverage_rating%2Crating%2Calternate_image%2Clarge_image%2Cbasket_link%2Cproduct_short_description%2Cproduct_model%2Cmerchant_product_category_path%2Cmerchant_product_second_category%2Cmerchant_product_third_category%2Csavings_percent%2Cbase_price%2Cbase_price_amount%2Cbase_price_text%2Cproduct_price_old%2Cstock_status%2Csize_stock_status%2Csize_stock_amount%2Cproduct_GTIN/"
"123502","TurboTech Co.","US","Not Joined","Awin","112893","TurboTech Co Products","English","","2026-06-07 16:01:58","2026-06-13 16:01:16","727","https://productdata.awin.com/datafeed/download/apikey/fa0ea60ea5f17aca3a0224f06ab4d131/fid/112893/format/csv/language/en/delimiter/%2C/compression/gzip/adultcontent/1/columns/data_feed_id%2Cmerchant_id%2Cmerchant_name%2Caw_product_id%2Caw_deep_link%2Caw_image_url%2Caw_thumb_url%2Ccategory_id%2Ccategory_name%2Cbrand_id%2Cbrand_name%2Cmerchant_product_id%2Cmerchant_category%2Cproduct_name%2Cdescription%2Cmerchant_deep_link%2Cmerchant_image_url%2Ccurrency%2Csearch_price%2Cdelivery_cost%2Cin_stock%2Ccondition%2Ccommission_group%2Ccolour%2Calternate_image%2Clarge_image/"
"114180","Sinocare","ES","Not Joined","Awin","113177","Sinocare French feed","French","","2026-06-10 05:01:31","2026-06-13 15:01:53","40","https://productdata.awin.com/datafeed/download/apikey/fa0ea60ea5f17aca3a0224f06ab4d131/fid/113177/format/csv/language/fr/delimiter/%2C/compression/gzip/columns/data_feed_id%2Cmerchant_id%2Cmerchant_name%2Caw_product_id%2Caw_deep_link%2Caw_image_url%2Caw_thumb_url%2Ccategory_id%2Ccategory_name%2Cbrand_id%2Cbrand_name%2Cmerchant_product_id%2Cmerchant_category%2Cean%2Cmpn%2Cproduct_name%2Cdescription%2Cmerchant_deep_link%2Cmerchant_image_url%2Cdelivery_time%2Ccurrency%2Csearch_price%2Cdelivery_cost%2Cproduct_type%2Cproduct_model/"
"123666","MOJAWA, LLC","US","Not Joined","Awin","113182","Feed(2026.1.22)","English","","2026-05-15 21:29:10","","20","https://productdata.awin.com/datafeed/download/apikey/fa0ea60ea5f17aca3a0224f06ab4d131/fid/113182/format/csv/language/en/delimiter/%2C/compression/gzip/adultcontent/1/columns/data_feed_id%2Cmerchant_id%2Cmerchant_name%2Caw_product_id%2Caw_deep_link%2Caw_image_url%2Caw_thumb_url%2Ccategory_id%2Ccategory_name%2Cbrand_id%2Cbrand_name%2Cmerchant_product_id%2Cmerchant_category%2Cproduct_name%2Cdescription%2Cmerchant_deep_link%2Cmerchant_image_url%2Csearch_price%2Ccondition%2Cstock_status/"
"123396","Ready Steady Bed","GB","Not Joined","Awin","113387","ReadySteadyBed Product Feed","English","","2026-05-15 21:30:34","","212","https://productdata.awin.com/datafeed/download/apikey/fa0ea60ea5f17aca3a0224f06ab4d131/fid/113387/format/csv/language/en/delimiter/%2C/compression/gzip/adultcontent/1/columns/data_feed_id%2Cmerchant_id%2Cmerchant_name%2Caw_product_id%2Caw_deep_link%2Caw_image_url%2Caw_thumb_url%2Ccategory_id%2Ccategory_name%2Cbrand_id%2Cbrand_name%2Cmerchant_product_id%2Cmerchant_category%2Cproduct_name%2Cdescription%2Cmerchant_deep_link%2Cmerchant_image_url%2Ccurrency%2Csearch_price%2Cstock_quantity%2Ccondition%2Calternate_image%2Cstock_status/"
"124272","COLORDIAMONDS LED MASK","US","Not Joined","Awin","113525","Default","English","","2026-05-15 21:31:39","2026-06-13 14:01:31","4","https://productdata.awin.com/datafeed/download/apikey/fa0ea60ea5f17aca3a0224f06ab4d131/fid/113525/format/csv/language/en/delimiter/%2C/compression/gzip/adultcontent/1/columns/data_feed_id%2Cmerchant_id%2Cmerchant_name%2Caw_product_id%2Caw_deep_link%2Caw_image_url%2Caw_thumb_url%2Ccategory_id%2Ccategory_name%2Cbrand_id%2Cbrand_name%2Cmerchant_product_id%2Cmerchant_category%2Cproduct_name%2Cmerchant_deep_link%2Cdelivery_time%2Ccurrency%2Csearch_price%2Cdelivery_cost%2Calternate_image%2Cbase_price%2Calternate_image_two%2Calternate_image_three/"
"123074","hugmoom curtains","US","Not Joined","Awin","113571","Default","English","","2026-05-15 21:32:09","2026-03-22 00:02:11","1741","https://productdata.awin.com/datafeed/download/apikey/fa0ea60ea5f17aca3a0224f06ab4d131/fid/113571/format/csv/language/en/delimiter/%2C/compression/gzip/adultcontent/1/columns/data_feed_id%2Cmerchant_id%2Cmerchant_name%2Caw_product_id%2Caw_deep_link%2Caw_image_url%2Caw_thumb_url%2Ccategory_id%2Ccategory_name%2Cbrand_id%2Cbrand_name%2Cmerchant_product_id%2Cmerchant_category%2Cean%2Cmpn%2Cproduct_name%2Cdescription%2Cmerchant_deep_link%2Cmerchant_image_url%2Cdelivery_time%2Ccurrency%2Csearch_price%2Cdelivery_cost%2Cin_stock%2Cstock_quantity%2Ccondition%2Cproduct_type%2Ccolour%2Calternate_image%2Cproduct_price_old%2Calternate_image_two%2Calternate_image_three%2Calternate_image_four/"
"107998","Cheap Furniture Warehouse","GB","Not Joined","Awin","113623","Shoptimised","English","ShoppingNL","2026-06-13 14:10:39","2026-06-13 16:24:43","1787","https://productdata.awin.com/datafeed/download/apikey/fa0ea60ea5f17aca3a0224f06ab4d131/fid/113623/format/csv/language/en/delimiter/%2C/compression/gzip/adultcontent/1/columns/data_feed_id%2Cmerchant_id%2Cmerchant_name%2Caw_product_id%2Caw_deep_link%2Caw_image_url%2Caw_thumb_url%2Ccategory_id%2Ccategory_name%2Cbrand_id%2Cbrand_name%2Cmerchant_product_id%2Cmpn%2Cmodel_number%2Cproduct_name%2Cdescription%2Cmerchant_deep_link%2Cmerchant_image_url%2Ccurrency%2Csearch_price%2Cstore_price%2Crrp_price%2Cdelivery_cost%2Cin_stock%2Ccondition%2Cproduct_type%2Cparent_product_id%2Ccolour%2Ccustom_1%2Calternate_image%2Clarge_image%2Cbase_price%2Calternate_image_two%2Calternate_image_three%2Calternate_image_four%2CShoppingNL%3Agoogle_taxonomy/"
"124146","GamingKit","GB","Not Joined","Awin","113741","main feed","English","","2026-06-13 14:06:15","2026-06-13 14:03:16","235665","https://productdata.awin.com/datafeed/download/apikey/fa0ea60ea5f17aca3a0224f06ab4d131/fid/113741/format/csv/language/en/delimiter/%2C/compression/gzip/adultcontent/1/columns/data_feed_id%2Cmerchant_id%2Cmerchant_name%2Caw_product_id%2Caw_deep_link%2Caw_image_url%2Caw_thumb_url%2Ccategory_id%2Ccategory_name%2Cbrand_id%2Cbrand_name%2Cmerchant_product_id%2Cmerchant_category%2Cean%2Cmpn%2Cproduct_name%2Cdescription%2Cspecifications%2Clanguage%2Cmerchant_deep_link%2Cmerchant_image_url%2Cdelivery_time%2Ccurrency%2Csearch_price%2Cdelivery_cost%2Cstock_quantity%2Cwarranty%2Ccondition%2Cproduct_type%2Ckeywords/"
"124906","ALZOO","US","Not Joined","Awin","113935","ALZOO product feed","English","","2026-06-13 05:01:25","2026-06-13 05:01:21","67","https://productdata.awin.com/datafeed/download/apikey/fa0ea60ea5f17aca3a0224f06ab4d131/fid/113935/format/csv/language/en/delimiter/%2C/compression/gzip/adultcontent/1/columns/data_feed_id%2Cmerchant_id%2Cmerchant_name%2Caw_product_id%2Caw_deep_link%2Caw_image_url%2Caw_thumb_url%2Ccategory_id%2Ccategory_name%2Cbrand_id%2Cbrand_name%2Cmerchant_product_id%2Cmerchant_category%2Cupc%2Cean%2Cisbn%2Cmodel_number%2Cproduct_name%2Cdescription%2Cspecifications%2Cpromotional_text%2Clanguage%2Cmerchant_deep_link%2Cmerchant_image_url%2Cdelivery_time%2Cvalid_from%2Cvalid_to%2Ccurrency%2Csearch_price%2Cstore_price%2Crrp_price%2Cdelivery_cost%2Cin_stock%2Cstock_quantity%2Cis_for_sale%2Cwarranty%2Ccondition%2Cproduct_type%2Cparent_product_id%2Ccommission_group%2Clast_updated%2Cdimensions%2Ccolour%2Ckeywords%2Csaving%2Cdelivery_weight%2Cdelivery_restrictions%2Creviews%2Caverage_rating%2Crating%2Calternate_image%2Clarge_image%2Cbasket_link%2Cproduct_short_description%2Cproduct_model%2Cmerchant_product_category_path%2Cmerchant_product_second_category%2Cmerchant_product_third_category%2Csavings_percent%2Cbase_price%2Cbase_price_amount%2Cbase_price_text%2Cproduct_price_old%2Cstock_status%2Csize_stock_status%2Csize_stock_amount%2Cproduct_GTIN/"
"117777","Sunshare DE","DE","Not Joined","Awin","114007","Sunshare New 2,0 kWh Storage Presale","German","","2026-05-15 21:36:32","","100","https://productdata.awin.com/datafeed/download/apikey/fa0ea60ea5f17aca3a0224f06ab4d131/fid/114007/format/csv/language/de/delimiter/%2C/compression/gzip/columns/data_feed_id%2Cmerchant_id%2Cmerchant_name%2Caw_product_id%2Caw_deep_link%2Caw_image_url%2Caw_thumb_url%2Ccategory_id%2Ccategory_name%2Cbrand_id%2Cbrand_name%2Cmerchant_product_id%2Cproduct_name%2Cdescription%2Cmerchant_deep_link%2Cmerchant_image_url%2Csearch_price%2Crrp_price%2Calternate_image%2Cstock_status/"
"124784","Rochas Divine Mart (US)","US","Not Joined","Awin","114193","Default","English","","2026-05-15 21:37:29","2026-06-13 12:01:54","970","https://productdata.awin.com/datafeed/download/apikey/fa0ea60ea5f17aca3a0224f06ab4d131/fid/114193/format/csv/language/en/delimiter/%2C/compression/gzip/adultcontent/1/columns/data_feed_id%2Cmerchant_id%2Cmerchant_name%2Caw_product_id%2Caw_deep_link%2Caw_image_url%2Caw_thumb_url%2Ccategory_id%2Ccategory_name%2Cbrand_id%2Cbrand_name%2Cmerchant_product_id%2Cmerchant_category%2Cupc%2Cean%2Cisbn%2Cmodel_number%2Cproduct_name%2Cdescription%2Cspecifications%2Cpromotional_text%2Clanguage%2Cmerchant_deep_link%2Cmerchant_image_url%2Cdelivery_time%2Cvalid_from%2Cvalid_to%2Ccurrency%2Csearch_price%2Cstore_price%2Crrp_price%2Cdelivery_cost%2Cin_stock%2Cstock_quantity%2Cis_for_sale%2Cwarranty%2Ccondition%2Cproduct_type%2Cparent_product_id%2Ccommission_group%2Clast_updated%2Cdimensions%2Ccolour%2Ckeywords%2Csaving%2Cdelivery_weight%2Cdelivery_restrictions%2Creviews%2Caverage_rating%2Crating%2Calternate_image%2Clarge_image%2Cbasket_link%2Cproduct_short_description%2Cproduct_model%2Cmerchant_product_category_path%2Cmerchant_product_second_category%2Cmerchant_product_third_category%2Csavings_percent%2Cbase_price%2Cbase_price_amount%2Cbase_price_text%2Cproduct_price_old%2Cstock_status%2Csize_stock_status%2Csize_stock_amount%2Cproduct_GTIN/"
"125228","erosdom","IT","Not Joined","Awin","114195","Predefinito","Italian","","2026-06-13 17:01:41","2026-06-13 17:01:35","636","https://productdata.awin.com/datafeed/download/apikey/fa0ea60ea5f17aca3a0224f06ab4d131/fid/114195/format/csv/language/it/delimiter/%2C/compression/gzip/columns/data_feed_id%2Cmerchant_id%2Cmerchant_name%2Caw_product_id%2Caw_deep_link%2Caw_image_url%2Caw_thumb_url%2Ccategory_id%2Ccategory_name%2Cbrand_id%2Cbrand_name%2Cmerchant_product_id%2Cmerchant_category%2Cupc%2Cean%2Cproduct_name%2Cdescription%2Cmerchant_deep_link%2Cmerchant_image_url%2Ccurrency%2Csearch_price%2Cdelivery_cost%2Cstock_quantity%2Ccondition%2Ccommission_group%2Ccolour%2Cdelivery_restrictions%2Caverage_rating%2Calternate_image%2Cbasket_link%2Cbase_price%2Cstock_status%2Csize_stock_amount/"
"124856","Paneshoes","US","Not Joined","Awin","114198","Default","English","","2026-05-15 21:37:33","","299","https://productdata.awin.com/datafeed/download/apikey/fa0ea60ea5f17aca3a0224f06ab4d131/fid/114198/format/csv/language/en/delimiter/%2C/compression/gzip/adultcontent/1/columns/data_feed_id%2Cmerchant_id%2Cmerchant_name%2Caw_product_id%2Caw_deep_link%2Caw_image_url%2Caw_thumb_url%2Ccategory_id%2Ccategory_name%2Cbrand_id%2Cbrand_name%2Cmerchant_product_id%2Cmerchant_category%2Cmpn%2Cproduct_name%2Cdescription%2Clanguage%2Cmerchant_deep_link%2Cmerchant_image_url%2Csearch_price%2Cin_stock%2Cstock_quantity%2Ccondition%2Cproduct_type%2Ccolour%2Csize_stock_amount/"
"124878","WAU","GB","Not Joined","Awin","114261","English - USD","English","","2026-06-13 12:02:25","2026-06-13 12:02:20","25","https://productdata.awin.com/datafeed/download/apikey/fa0ea60ea5f17aca3a0224f06ab4d131/fid/114261/format/csv/language/en/delimiter/%2C/compression/gzip/adultcontent/1/columns/data_feed_id%2Cmerchant_id%2Cmerchant_name%2Caw_product_id%2Caw_deep_link%2Caw_image_url%2Caw_thumb_url%2Ccategory_id%2Ccategory_name%2Cbrand_id%2Cbrand_name%2Cmerchant_product_id%2Cmerchant_category%2Cean%2Cmpn%2Cproduct_name%2Cdescription%2Cmerchant_deep_link%2Cmerchant_image_url%2Cdelivery_time%2Ccurrency%2Csearch_price%2Cdelivery_cost%2Cin_stock%2Cstock_quantity%2Ccondition%2Cproduct_type%2Calternate_image%2Cproduct_price_old%2Calternate_image_two%2Calternate_image_three%2Calternate_image_four/"
"125096","Viaduct Clothing","GB","Not Joined","Awin","114294","Mulwi Feeds","English","","2026-06-13 12:13:37","2026-06-13 12:13:32","972","https://productdata.awin.com/datafeed/download/apikey/fa0ea60ea5f17aca3a0224f06ab4d131/fid/114294/format/csv/language/en/delimiter/%2C/compression/gzip/adultcontent/1/columns/data_feed_id%2Cmerchant_id%2Cmerchant_name%2Caw_product_id%2Caw_deep_link%2Caw_image_url%2Caw_thumb_url%2Ccategory_id%2Ccategory_name%2Cbrand_id%2Cbrand_name%2Cmerchant_product_id%2Cmerchant_category%2Cean%2Cmpn%2Cproduct_name%2Cdescription%2Cmerchant_deep_link%2Cmerchant_image_url%2Cdelivery_time%2Ccurrency%2Csearch_price%2Crrp_price%2Cdelivery_cost%2Cin_stock%2Cstock_quantity%2Cproduct_type%2Ccolour/"
"117777","Sunshare DE","DE","Not Joined","Awin","114356","Glory 2,0 kWh Speicher Bundle Update","German","","2026-05-15 21:38:34","","112","https://productdata.awin.com/datafeed/download/apikey/fa0ea60ea5f17aca3a0224f06ab4d131/fid/114356/format/csv/language/de/delimiter/%2C/compression/gzip/columns/data_feed_id%2Cmerchant_id%2Cmerchant_name%2Caw_product_id%2Caw_deep_link%2Caw_image_url%2Caw_thumb_url%2Ccategory_id%2Ccategory_name%2Cbrand_id%2Cbrand_name%2Cmerchant_product_id%2Cproduct_name%2Cdescription%2Cmerchant_deep_link%2Cmerchant_image_url%2Csearch_price%2Cin_stock%2Cbase_price/"
"125274","licencjapro.pl","PL","Not Joined","Awin","114366","Domyślne","Polish","","2026-05-18 22:01:14","2026-06-13 01:01:15","114","https://productdata.awin.com/datafeed/download/apikey/fa0ea60ea5f17aca3a0224f06ab4d131/fid/114366/format/csv/language/pl/delimiter/%2C/compression/gzip/columns/data_feed_id%2Cmerchant_id%2Cmerchant_name%2Caw_product_id%2Caw_deep_link%2Caw_image_url%2Caw_thumb_url%2Ccategory_id%2Ccategory_name%2Cbrand_id%2Cbrand_name%2Cmerchant_product_id%2Cmerchant_category%2Cmpn%2Cproduct_name%2Cdescription%2Cmerchant_deep_link%2Cmerchant_image_url%2Csearch_price%2Cin_stock%2Ccondition%2Ccommission_group%2Ccustom_1%2Ccustom_2/"
"117395","Clone of Perfume","US","Not Joined","Awin","114367","Product List","English","","2026-05-15 21:38:46","2026-06-13 13:01:15","11","https://productdata.awin.com/datafeed/download/apikey/fa0ea60ea5f17aca3a0224f06ab4d131/fid/114367/format/csv/language/en/delimiter/%2C/compression/gzip/adultcontent/1/columns/data_feed_id%2Cmerchant_id%2Cmerchant_name%2Caw_product_id%2Caw_deep_link%2Caw_image_url%2Caw_thumb_url%2Ccategory_id%2Ccategory_name%2Cbrand_id%2Cbrand_name%2Cmerchant_product_id%2Cmerchant_category%2Cupc%2Cean%2Cmpn%2Cisbn%2Cmodel_number%2Cproduct_name%2Cdescription%2Cspecifications%2Cpromotional_text%2Clanguage%2Cmerchant_deep_link%2Cmerchant_thumb_url%2Cmerchant_image_url%2Cdelivery_time%2Cvalid_from%2Cvalid_to%2Ccurrency%2Csearch_price%2Cdelivery_cost%2Cweb_offer%2Cpre_order%2Cin_stock%2Cstock_quantity%2Cis_for_sale%2Cwarranty%2Ccondition%2Cproduct_type%2Cparent_product_id%2Ccommission_group%2Clast_updated%2Cdimensions%2Ccolour%2Ckeywords%2Ccustom_1%2Ccustom_2%2Ccustom_3%2Ccustom_4%2Ccustom_5%2Csaving%2Cdelivery_restrictions%2Creviews%2Caverage_rating%2Crating%2Calternate_image%2Clarge_image%2Cbasket_link/"
"115929","Audiobooks for everyone","US","Not Joined","Awin","114488","Audiobooks US - Classics & Literature","English","BooksNL","2026-05-15 21:40:01","","564","https://productdata.awin.com/datafeed/download/apikey/fa0ea60ea5f17aca3a0224f06ab4d131/fid/114488/format/csv/language/en/delimiter/%2C/compression/gzip/adultcontent/1/columns/data_feed_id%2Cmerchant_id%2Cmerchant_name%2Caw_product_id%2Caw_deep_link%2Caw_image_url%2Caw_thumb_url%2Ccategory_id%2Ccategory_name%2Cbrand_id%2Cbrand_name%2Cmerchant_product_id%2Cproduct_name%2Cmerchant_deep_link%2Csearch_price%2Ccustom_1%2Ccustom_2/"
"124970","Monsterpub Sex Toy","GB","Not Joined","Awin","114525","Default-UK","English","","2026-05-15 21:40:08","","27","https://productdata.awin.com/datafeed/download/apikey/fa0ea60ea5f17aca3a0224f06ab4d131/fid/114525/format/csv/language/en/delimiter/%2C/compression/gzip/adultcontent/1/columns/data_feed_id%2Cmerchant_id%2Cmerchant_name%2Caw_product_id%2Caw_deep_link%2Caw_image_url%2Caw_thumb_url%2Ccategory_id%2Ccategory_name%2Cbrand_id%2Cbrand_name%2Cmerchant_product_id%2Cmerchant_category%2Cproduct_name%2Cdescription%2Cmerchant_deep_link%2Cmerchant_image_url%2Ccurrency%2Csearch_price%2Cproduct_type/"
"123146","Lilo's Nature","NL","Not Joined","Awin","114561","Default DE","German","","2026-05-15 21:40:26","","335","https://productdata.awin.com/datafeed/download/apikey/fa0ea60ea5f17aca3a0224f06ab4d131/fid/114561/format/csv/language/de/delimiter/%2C/compression/gzip/columns/aw_deep_link%2Cproduct_name%2Caw_product_id%2Cmerchant_product_id%2Cmerchant_image_url%2Cdescription%2Cmerchant_category%2Csearch_price%2Cmerchant_name%2Cmerchant_id%2Ccategory_name%2Ccategory_id%2Caw_image_url%2Ccurrency%2Cstore_price%2Cdelivery_cost%2Cmerchant_deep_link%2Clanguage%2Clast_updated%2Cbrand_name%2Cbrand_id%2Ccolour%2Cproduct_short_description%2Cspecifications%2Ccondition%2Cproduct_model%2Cmodel_number%2Cdimensions%2Ckeywords%2Cpromotional_text%2Cproduct_type%2Ccommission_group%2Cmerchant_product_category_path%2Cmerchant_product_second_category%2Cmerchant_product_third_category%2Crrp_price%2Csaving%2Csavings_percent%2Cbase_price%2Cbase_price_amount%2Cbase_price_text%2Cproduct_price_old%2Cdelivery_restrictions%2Cdelivery_weight%2Cwarranty%2Cterms_of_contract%2Cdelivery_time%2Cin_stock%2Cstock_quantity%2Cvalid_from%2Cvalid_to%2Cis_for_sale%2Cweb_offer%2Cpre_order%2Cstock_status%2Csize_stock_status%2Csize_stock_amount%2Cmerchant_thumb_url%2Clarge_image%2Calternate_image%2Caw_thumb_url%2Calternate_image_two%2Calternate_image_three%2Calternate_image_four%2Creviews%2Caverage_rating%2Crating%2Cnumber_available%2Ccustom_1%2Ccustom_2%2Ccustom_3%2Ccustom_4%2Ccustom_5%2Ccustom_6%2Ccustom_7%2Ccustom_8%2Ccustom_9%2Cean%2Cisbn%2Cupc%2Cmpn%2Cparent_product_id%2Cproduct_GTIN%2Cbasket_link/"
"123146","Lilo's Nature","NL","Not Joined","Awin","114562","Default NL","Dutch","","2026-05-15 21:40:28","","335","https://productdata.awin.com/datafeed/download/apikey/fa0ea60ea5f17aca3a0224f06ab4d131/fid/114562/format/csv/language/nl/delimiter/%2C/compression/gzip/columns/aw_deep_link%2Cproduct_name%2Caw_product_id%2Cmerchant_product_id%2Cmerchant_image_url%2Cdescription%2Cmerchant_category%2Csearch_price%2Cmerchant_name%2Cmerchant_id%2Ccategory_name%2Ccategory_id%2Caw_image_url%2Ccurrency%2Cstore_price%2Cdelivery_cost%2Cmerchant_deep_link%2Clanguage%2Clast_updated%2Cbrand_name%2Cbrand_id%2Ccolour%2Cproduct_short_description%2Cspecifications%2Ccondition%2Cproduct_model%2Cmodel_number%2Cdimensions%2Ckeywords%2Cpromotional_text%2Cproduct_type%2Ccommission_group%2Cmerchant_product_category_path%2Cmerchant_product_second_category%2Cmerchant_product_third_category%2Crrp_price%2Csaving%2Csavings_percent%2Cbase_price%2Cbase_price_amount%2Cbase_price_text%2Cproduct_price_old%2Cdelivery_restrictions%2Cdelivery_weight%2Cwarranty%2Cterms_of_contract%2Cdelivery_time%2Cin_stock%2Cstock_quantity%2Cvalid_from%2Cvalid_to%2Cis_for_sale%2Cweb_offer%2Cpre_order%2Cstock_status%2Csize_stock_status%2Csize_stock_amount%2Cmerchant_thumb_url%2Clarge_image%2Calternate_image%2Caw_thumb_url%2Calternate_image_two%2Calternate_image_three%2Calternate_image_four%2Creviews%2Caverage_rating%2Crating%2Cnumber_available%2Ccustom_1%2Ccustom_2%2Ccustom_3%2Ccustom_4%2Ccustom_5%2Ccustom_6%2Ccustom_7%2Ccustom_8%2Ccustom_9%2Cean%2Cisbn%2Cupc%2Cmpn%2Cparent_product_id%2Cproduct_GTIN%2Cbasket_link/"
"125614","Colabox","US","Not Joined","Awin","114590","Colabox Feed","English","","2026-06-06 10:01:33","2026-06-13 10:01:24","1","https://productdata.awin.com/datafeed/download/apikey/fa0ea60ea5f17aca3a0224f06ab4d131/fid/114590/format/csv/language/en/delimiter/%2C/compression/gzip/adultcontent/1/columns/data_feed_id%2Cmerchant_id%2Cmerchant_name%2Caw_product_id%2Caw_deep_link%2Caw_image_url%2Caw_thumb_url%2Ccategory_id%2Ccategory_name%2Cbrand_id%2Cbrand_name%2Cmerchant_product_id%2Cmerchant_category%2Cproduct_name%2Cdescription%2Cmerchant_deep_link%2Cmerchant_image_url%2Csearch_price/"
"125822","PcNova.co.uk","GB","Not Joined","Awin","114610","Default","English","","2026-06-13 11:09:04","2026-06-13 16:17:43","234268","https://productdata.awin.com/datafeed/download/apikey/fa0ea60ea5f17aca3a0224f06ab4d131/fid/114610/format/csv/language/en/delimiter/%2C/compression/gzip/adultcontent/1/columns/data_feed_id%2Cmerchant_id%2Cmerchant_name%2Caw_product_id%2Caw_deep_link%2Caw_image_url%2Caw_thumb_url%2Ccategory_id%2Ccategory_name%2Cbrand_id%2Cbrand_name%2Cmerchant_product_id%2Cmerchant_category%2Cean%2Cproduct_name%2Cdescription%2Cspecifications%2Clanguage%2Cmerchant_deep_link%2Cmerchant_image_url%2Ccurrency%2Csearch_price%2Crrp_price%2Cdelivery_cost%2Cstock_quantity%2Cwarranty%2Ccondition%2Cproduct_type%2Ckeywords/"
"37292","Gardenista","GB","Not Joined","Awin","114613","New","English","","2026-05-15 21:40:46","","1004","https://productdata.awin.com/datafeed/download/apikey/fa0ea60ea5f17aca3a0224f06ab4d131/fid/114613/format/csv/language/en/delimiter/%2C/compression/gzip/adultcontent/1/columns/data_feed_id%2Cmerchant_id%2Cmerchant_name%2Caw_product_id%2Caw_deep_link%2Caw_image_url%2Caw_thumb_url%2Ccategory_id%2Ccategory_name%2Cbrand_id%2Cbrand_name%2Cmerchant_product_id%2Cmerchant_category%2Cproduct_name%2Cdescription%2Cmerchant_deep_link%2Ccurrency%2Csearch_price%2Cin_stock%2Cstock_quantity%2Ccondition%2Calternate_image%2Cstock_status%2Calternate_image_two/"
"95783","yfn","US","Not Joined","Awin","114614","awin_feed_product_silver_US","English","","2026-05-15 21:40:50","2026-06-13 17:01:42","2723","https://productdata.awin.com/datafeed/download/apikey/fa0ea60ea5f17aca3a0224f06ab4d131/fid/114614/format/csv/language/en/delimiter/%2C/compression/gzip/adultcontent/1/columns/aw_deep_link%2Cproduct_name%2Caw_product_id%2Cmerchant_product_id%2Cmerchant_image_url%2Cdescription%2Cmerchant_category%2Csearch_price%2Cmerchant_name%2Cmerchant_id%2Ccategory_name%2Ccategory_id%2Caw_image_url%2Ccurrency%2Cstore_price%2Cdelivery_cost%2Cmerchant_deep_link%2Clanguage%2Clast_updated%2Cbrand_name%2Cbrand_id%2Ccolour%2Cproduct_short_description%2Cspecifications%2Ccondition%2Cproduct_model%2Cmodel_number%2Cdimensions%2Ckeywords%2Cpromotional_text%2Cproduct_type%2Ccommission_group%2Cmerchant_product_category_path%2Cmerchant_product_second_category%2Cmerchant_product_third_category%2Crrp_price%2Csaving%2Csavings_percent%2Cbase_price%2Cbase_price_amount%2Cbase_price_text%2Cproduct_price_old%2Cdelivery_restrictions%2Cdelivery_weight%2Cwarranty%2Cterms_of_contract%2Cdelivery_time%2Cin_stock%2Cstock_quantity%2Cvalid_from%2Cvalid_to%2Cis_for_sale%2Cweb_offer%2Cpre_order%2Cstock_status%2Csize_stock_status%2Csize_stock_amount%2Cmerchant_thumb_url%2Clarge_image%2Calternate_image%2Caw_thumb_url%2Calternate_image_two%2Calternate_image_three%2Calternate_image_four%2Creviews%2Caverage_rating%2Crating%2Cnumber_available%2Ccustom_1%2Ccustom_2%2Ccustom_3%2Ccustom_4%2Ccustom_5%2Ccustom_6%2Ccustom_7%2Ccustom_8%2Ccustom_9%2Cean%2Cisbn%2Cupc%2Cmpn%2Cparent_product_id%2Cproduct_GTIN%2Cbasket_link/"
"95783","yfn","US","Not Joined","Awin","114615","awin_feed_product_silver_DE","German","","2026-05-15 21:40:50","2026-06-13 17:01:40","2625","https://productdata.awin.com/datafeed/download/apikey/fa0ea60ea5f17aca3a0224f06ab4d131/fid/114615/format/csv/language/de/delimiter/%2C/compression/gzip/adultcontent/1/columns/aw_deep_link%2Cproduct_name%2Caw_product_id%2Cmerchant_product_id%2Cmerchant_image_url%2Cdescription%2Cmerchant_category%2Csearch_price%2Cmerchant_name%2Cmerchant_id%2Ccategory_name%2Ccategory_id%2Caw_image_url%2Ccurrency%2Cstore_price%2Cdelivery_cost%2Cmerchant_deep_link%2Clanguage%2Clast_updated%2Cbrand_name%2Cbrand_id%2Ccolour%2Cproduct_short_description%2Cspecifications%2Ccondition%2Cproduct_model%2Cmodel_number%2Cdimensions%2Ckeywords%2Cpromotional_text%2Cproduct_type%2Ccommission_group%2Cmerchant_product_category_path%2Cmerchant_product_second_category%2Cmerchant_product_third_category%2Crrp_price%2Csaving%2Csavings_percent%2Cbase_price%2Cbase_price_amount%2Cbase_price_text%2Cproduct_price_old%2Cdelivery_restrictions%2Cdelivery_weight%2Cwarranty%2Cterms_of_contract%2Cdelivery_time%2Cin_stock%2Cstock_quantity%2Cvalid_from%2Cvalid_to%2Cis_for_sale%2Cweb_offer%2Cpre_order%2Cstock_status%2Csize_stock_status%2Csize_stock_amount%2Cmerchant_thumb_url%2Clarge_image%2Calternate_image%2Caw_thumb_url%2Calternate_image_two%2Calternate_image_three%2Calternate_image_four%2Creviews%2Caverage_rating%2Crating%2Cnumber_available%2Ccustom_1%2Ccustom_2%2Ccustom_3%2Ccustom_4%2Ccustom_5%2Ccustom_6%2Ccustom_7%2Ccustom_8%2Ccustom_9%2Cean%2Cisbn%2Cupc%2Cmpn%2Cparent_product_id%2Cproduct_GTIN%2Cbasket_link/"
"95783","yfn","US","Not Joined","Awin","114616","awin_feed_product_silver_FR","French","","2026-05-15 21:40:56","2026-06-13 17:01:49","2722","https://productdata.awin.com/datafeed/download/apikey/fa0ea60ea5f17aca3a0224f06ab4d131/fid/114616/format/csv/language/fr/delimiter/%2C/compression/gzip/adultcontent/1/columns/aw_deep_link%2Cproduct_name%2Caw_product_id%2Cmerchant_product_id%2Cmerchant_image_url%2Cdescription%2Cmerchant_category%2Csearch_price%2Cmerchant_name%2Cmerchant_id%2Ccategory_name%2Ccategory_id%2Caw_image_url%2Ccurrency%2Cstore_price%2Cdelivery_cost%2Cmerchant_deep_link%2Clanguage%2Clast_updated%2Cbrand_name%2Cbrand_id%2Ccolour%2Cproduct_short_description%2Cspecifications%2Ccondition%2Cproduct_model%2Cmodel_number%2Cdimensions%2Ckeywords%2Cpromotional_text%2Cproduct_type%2Ccommission_group%2Cmerchant_product_category_path%2Cmerchant_product_second_category%2Cmerchant_product_third_category%2Crrp_price%2Csaving%2Csavings_percent%2Cbase_price%2Cbase_price_amount%2Cbase_price_text%2Cproduct_price_old%2Cdelivery_restrictions%2Cdelivery_weight%2Cwarranty%2Cterms_of_contract%2Cdelivery_time%2Cin_stock%2Cstock_quantity%2Cvalid_from%2Cvalid_to%2Cis_for_sale%2Cweb_offer%2Cpre_order%2Cstock_status%2Csize_stock_status%2Csize_stock_amount%2Cmerchant_thumb_url%2Clarge_image%2Calternate_image%2Caw_thumb_url%2Calternate_image_two%2Calternate_image_three%2Calternate_image_four%2Creviews%2Caverage_rating%2Crating%2Cnumber_available%2Ccustom_1%2Ccustom_2%2Ccustom_3%2Ccustom_4%2Ccustom_5%2Ccustom_6%2Ccustom_7%2Ccustom_8%2Ccustom_9%2Cean%2Cisbn%2Cupc%2Cmpn%2Cparent_product_id%2Cproduct_GTIN%2Cbasket_link/"
"117777","Sunshare DE","DE","Not Joined","Awin","114629","Mulwi feed","German","","2026-06-13 15:09:16","2026-06-13 15:09:11","278","https://productdata.awin.com/datafeed/download/apikey/fa0ea60ea5f17aca3a0224f06ab4d131/fid/114629/format/csv/language/de/delimiter/%2C/compression/gzip/columns/data_feed_id%2Cmerchant_id%2Cmerchant_name%2Caw_product_id%2Caw_deep_link%2Caw_image_url%2Caw_thumb_url%2Ccategory_id%2Ccategory_name%2Cbrand_id%2Cbrand_name%2Cmerchant_product_id%2Cmerchant_category%2Cean%2Cmpn%2Cproduct_name%2Cdescription%2Cmerchant_deep_link%2Cmerchant_image_url%2Cdelivery_time%2Ccurrency%2Csearch_price%2Cdelivery_cost%2Cin_stock%2Cstock_quantity%2Ccondition%2Cproduct_type%2Ccolour%2Ccustom_1%2Calternate_image%2Cproduct_price_old%2Calternate_image_two%2Calternate_image_three%2Calternate_image_four/"
"31539","Mozillion","GB","Not Joined","Awin","114660","Pay Monthly Plus SIM Only Plans","English","Telcos","2026-05-15 21:41:11","2026-06-13 15:01:15","14","https://productdata.awin.com/datafeed/download/apikey/fa0ea60ea5f17aca3a0224f06ab4d131/fid/114660/format/csv/language/en/delimiter/%2C/compression/gzip/adultcontent/1/columns/data_feed_id%2Cmerchant_id%2Cmerchant_name%2Caw_product_id%2Caw_deep_link%2Caw_image_url%2Caw_thumb_url%2Ccategory_id%2Ccategory_name%2Cbrand_id%2Cbrand_name%2Cmerchant_product_id%2Cmerchant_category%2Cproduct_name%2Cdescription%2Cmerchant_deep_link%2Cmerchant_image_url%2Csearch_price%2Cdelivery_cost%2Ccustom_3%2Ccustom_4%2Ccustom_5%2CTelcos%3Aterm%2CTelcos%3Ainitial_cost%2CTelcos%3Amonth_cost%2CTelcos%3Ainc_minutes%2CTelcos%3Ainc_data%2CTelcos%3Ainc_texts%2CTelcos%3Aspecial_offer%2CTelcos%3Anetwork%2CTelcos%3Adevice_full_name%2CTelcos%3Atariff_details_json%2Ccustom_6%2Ccustom_7/"
"116853","Curo Skin","GB","Not Joined","Awin","114721","Default","English","","2026-06-13 00:02:28","2026-06-13 00:02:25","11","https://productdata.awin.com/datafeed/download/apikey/fa0ea60ea5f17aca3a0224f06ab4d131/fid/114721/format/csv/language/en/delimiter/%2C/compression/gzip/adultcontent/1/columns/data_feed_id%2Cmerchant_id%2Cmerchant_name%2Caw_product_id%2Caw_deep_link%2Caw_image_url%2Caw_thumb_url%2Ccategory_id%2Ccategory_name%2Cbrand_id%2Cbrand_name%2Cmerchant_product_id%2Cmerchant_category%2Cean%2Cmpn%2Cproduct_name%2Cdescription%2Cmerchant_deep_link%2Cmerchant_image_url%2Cdelivery_time%2Ccurrency%2Csearch_price%2Cdelivery_cost%2Cin_stock%2Cstock_quantity%2Ccondition%2Cproduct_type%2Ccolour%2Calternate_image%2Calternate_image_two%2Calternate_image_three%2Calternate_image_four/"
"126071","HeimGlueck","DE","Not Joined","Awin","114737","Shop Default","German","","2026-05-15 21:43:20","2026-04-12 12:54:51","1465","https://productdata.awin.com/datafeed/download/apikey/fa0ea60ea5f17aca3a0224f06ab4d131/fid/114737/format/csv/language/de/delimiter/%2C/compression/gzip/columns/data_feed_id%2Cmerchant_id%2Cmerchant_name%2Caw_product_id%2Caw_deep_link%2Caw_image_url%2Caw_thumb_url%2Ccategory_id%2Ccategory_name%2Cbrand_id%2Cbrand_name%2Cmerchant_product_id%2Cmerchant_category%2Cean%2Cmpn%2Cproduct_name%2Cdescription%2Cmerchant_deep_link%2Cmerchant_image_url%2Cdelivery_time%2Ccurrency%2Csearch_price%2Cdelivery_cost%2Cin_stock%2Cstock_quantity%2Ccondition%2Cproduct_type%2Cdimensions%2Ccolour%2Calternate_image%2Cproduct_price_old%2Calternate_image_two%2Calternate_image_three%2Calternate_image_four/"
"114180","Sinocare","ES","Not Joined","Awin","114859","Sinocare Deutsch","German","","2026-06-10 05:01:16","2026-06-13 15:01:25","40","https://productdata.awin.com/datafeed/download/apikey/fa0ea60ea5f17aca3a0224f06ab4d131/fid/114859/format/csv/language/de/delimiter/%2C/compression/gzip/columns/data_feed_id%2Cmerchant_id%2Cmerchant_name%2Caw_product_id%2Caw_deep_link%2Caw_image_url%2Caw_thumb_url%2Ccategory_id%2Ccategory_name%2Cbrand_id%2Cbrand_name%2Cmerchant_product_id%2Cmerchant_category%2Cean%2Cmpn%2Cproduct_name%2Cdescription%2Cmerchant_deep_link%2Cmerchant_image_url%2Cdelivery_time%2Ccurrency%2Csearch_price%2Cdelivery_cost%2Cin_stock%2Cproduct_type%2Crating%2Calternate_image%2Cproduct_model%2Cproduct_price_old%2Csize_stock_status/"
"124990","Superior Play Systems","US","Not Joined","Awin","114878","Default","English","","2026-06-07 12:03:10","2026-06-07 12:03:05","449","https://productdata.awin.com/datafeed/download/apikey/fa0ea60ea5f17aca3a0224f06ab4d131/fid/114878/format/csv/language/en/delimiter/%2C/compression/gzip/adultcontent/1/columns/data_feed_id%2Cmerchant_id%2Cmerchant_name%2Caw_product_id%2Caw_deep_link%2Caw_image_url%2Caw_thumb_url%2Ccategory_id%2Ccategory_name%2Cbrand_id%2Cbrand_name%2Cmerchant_product_id%2Cmerchant_category%2Cproduct_name%2Cdescription%2Cmerchant_deep_link%2Cmerchant_image_url%2Ccurrency%2Csearch_price%2Cin_stock%2Ccondition%2Cproduct_type%2Cdimensions%2Calternate_image/"
"31539","Mozillion","GB","Not Joined","Awin","114910","Mozillion Travel eSIM Feed","English","Telcos","2026-06-13 09:08:00","2026-06-13 16:08:33","980","https://productdata.awin.com/datafeed/download/apikey/fa0ea60ea5f17aca3a0224f06ab4d131/fid/114910/format/csv/language/en/delimiter/%2C/compression/gzip/adultcontent/1/columns/data_feed_id%2Cmerchant_id%2Cmerchant_name%2Caw_product_id%2Caw_deep_link%2Caw_image_url%2Caw_thumb_url%2Ccategory_id%2Ccategory_name%2Cbrand_id%2Cbrand_name%2Cmerchant_product_id%2Cmerchant_category%2Cproduct_name%2Cdescription%2Cmerchant_deep_link%2Cmerchant_image_url%2Csearch_price%2Cdelivery_cost%2Ccustom_1%2Ccustom_2%2Ccustom_4%2Ccustom_5%2CTelcos%3Aterm%2CTelcos%3Ainitial_cost%2CTelcos%3Ainc_minutes%2CTelcos%3Ainc_data%2CTelcos%3Ainc_texts%2CTelcos%3Aspecial_offer%2CTelcos%3Anetwork%2CTelcos%3Atariff_details_json%2Ccustom_6%2Ccustom_7/"
"123240","Afiliados Galícia Educação - Escola de Direito","BR","Not Joined","Awin","114924","Padrão","Portuguese","EducationNL","2026-05-15 21:45:31","","50","https://productdata.awin.com/datafeed/download/apikey/fa0ea60ea5f17aca3a0224f06ab4d131/fid/114924/format/csv/language/pt/delimiter/%2C/compression/gzip/columns/data_feed_id%2Cmerchant_id%2Cmerchant_name%2Caw_product_id%2Caw_deep_link%2Caw_image_url%2Caw_thumb_url%2Ccategory_id%2Ccategory_name%2Cbrand_id%2Cbrand_name%2Cmerchant_product_id%2Cproduct_name%2Cdescription%2Cmerchant_deep_link%2Cmerchant_image_url%2Csearch_price%2Cin_stock%2Ccondition/"
"123238","Afiliados Galícia Educação","BR","Not Joined","Awin","114925","Padrão","English","EducationNL","2026-05-15 21:45:32","","201","https://productdata.awin.com/datafeed/download/apikey/fa0ea60ea5f17aca3a0224f06ab4d131/fid/114925/format/csv/language/en/delimiter/%2C/compression/gzip/columns/data_feed_id%2Cmerchant_id%2Cmerchant_name%2Caw_product_id%2Caw_deep_link%2Caw_image_url%2Caw_thumb_url%2Ccategory_id%2Ccategory_name%2Cbrand_id%2Cbrand_name%2Cmerchant_product_id%2Cproduct_name%2Cdescription%2Cmerchant_deep_link%2Cmerchant_image_url%2Csearch_price%2Cin_stock%2Ccondition/"
"126409","EfuiHarlley","US","Not Joined","Awin","114975","Efui_Awin","English","Fashion","2026-06-13 09:35:09","2026-06-13 12:43:04","14","https://productdata.awin.com/datafeed/download/apikey/fa0ea60ea5f17aca3a0224f06ab4d131/fid/114975/format/csv/language/en/delimiter/%2C/compression/gzip/adultcontent/1/columns/data_feed_id%2Cmerchant_id%2Cmerchant_name%2Caw_product_id%2Caw_deep_link%2Caw_image_url%2Caw_thumb_url%2Ccategory_id%2Ccategory_name%2Cbrand_id%2Cbrand_name%2Cmerchant_product_id%2Cmerchant_category%2Cupc%2Cean%2Cisbn%2Cmodel_number%2Cproduct_name%2Cdescription%2Cspecifications%2Cpromotional_text%2Clanguage%2Cmerchant_deep_link%2Cmerchant_image_url%2Cdelivery_time%2Cvalid_from%2Cvalid_to%2Ccurrency%2Csearch_price%2Cstore_price%2Crrp_price%2Cdelivery_cost%2Cin_stock%2Cstock_quantity%2Cis_for_sale%2Cwarranty%2Ccondition%2Cproduct_type%2Cparent_product_id%2Ccommission_group%2Clast_updated%2Cdimensions%2Ccolour%2Ckeywords%2Csaving%2Cdelivery_weight%2Cdelivery_restrictions%2Creviews%2Caverage_rating%2CFashion%3Asize%2Crating%2Calternate_image%2Clarge_image%2Cproduct_short_description%2Cproduct_model%2Cmerchant_product_category_path%2Cmerchant_product_second_category%2Cmerchant_product_third_category%2Csavings_percent%2Cbase_price%2Cbase_price_amount%2Cbase_price_text%2Cproduct_price_old%2Cstock_status%2Csize_stock_status%2Csize_stock_amount%2Cproduct_GTIN/"
"122456","ROCKBROS","DE","Not Joined","Awin","115038","0429shopify feed csv","German","","2026-05-15 21:47:07","2026-06-13 00:02:09","5456","https://productdata.awin.com/datafeed/download/apikey/fa0ea60ea5f17aca3a0224f06ab4d131/fid/115038/format/csv/language/de/delimiter/%2C/compression/gzip/columns/data_feed_id%2Cmerchant_id%2Cmerchant_name%2Caw_product_id%2Caw_deep_link%2Caw_image_url%2Caw_thumb_url%2Ccategory_id%2Ccategory_name%2Cbrand_id%2Cbrand_name%2Cmerchant_product_id%2Cproduct_name%2Cdescription%2Cmerchant_deep_link%2Cmerchant_image_url%2Csearch_price/"
"124970","Monsterpub Sex Toy","GB","Not Joined","Awin","115064","US","English","","2026-05-15 21:47:09","","33","https://productdata.awin.com/datafeed/download/apikey/fa0ea60ea5f17aca3a0224f06ab4d131/fid/115064/format/csv/language/en/delimiter/%2C/compression/gzip/adultcontent/1/columns/data_feed_id%2Cmerchant_id%2Cmerchant_name%2Caw_product_id%2Caw_deep_link%2Caw_image_url%2Caw_thumb_url%2Ccategory_id%2Ccategory_name%2Cbrand_id%2Cbrand_name%2Cmerchant_product_id%2Cmerchant_category%2Cproduct_name%2Cdescription%2Cmerchant_deep_link%2Cmerchant_image_url%2Ccurrency%2Csearch_price/"
"124966","Eydology","US","Not Joined","Awin","115066","Eydology_US","English","","2026-05-20 05:12:48","2026-05-24 00:02:13","1069","https://productdata.awin.com/datafeed/download/apikey/fa0ea60ea5f17aca3a0224f06ab4d131/fid/115066/format/csv/language/en/delimiter/%2C/compression/gzip/adultcontent/1/columns/data_feed_id%2Cmerchant_id%2Cmerchant_name%2Caw_product_id%2Caw_deep_link%2Caw_image_url%2Caw_thumb_url%2Ccategory_id%2Ccategory_name%2Cbrand_id%2Cbrand_name%2Cmerchant_product_id%2Cmerchant_category%2Cmpn%2Cproduct_name%2Cdescription%2Cmerchant_deep_link%2Cmerchant_image_url%2Cdelivery_time%2Csearch_price%2Cdelivery_cost%2Cin_stock%2Ccondition%2Cproduct_type%2Ccolour%2Cdelivery_restrictions%2Calternate_image/"
"126515","Radiale Pneus","BR","Not Joined","Awin","115088","Padrão","Portuguese","","2026-06-01 08:02:04","2026-06-13 14:01:17","21","https://productdata.awin.com/datafeed/download/apikey/fa0ea60ea5f17aca3a0224f06ab4d131/fid/115088/format/csv/language/pt/delimiter/%2C/compression/gzip/columns/data_feed_id%2Cmerchant_id%2Cmerchant_name%2Caw_product_id%2Caw_deep_link%2Caw_image_url%2Caw_thumb_url%2Ccategory_id%2Ccategory_name%2Cbrand_id%2Cbrand_name%2Cmerchant_product_id%2Cmerchant_category%2Cean%2Cmpn%2Cisbn%2Cmodel_number%2Cproduct_name%2Cdescription%2Cspecifications%2Clanguage%2Cmerchant_deep_link%2Cmerchant_thumb_url%2Cmerchant_image_url%2Cdelivery_time%2Cvalid_from%2Cvalid_to%2Ccurrency%2Csearch_price%2Cstore_price%2Cdelivery_cost%2Cweb_offer%2Cpre_order%2Cin_stock%2Cwarranty%2Ccondition%2Cparent_product_id%2Ccommission_group%2Clast_updated%2Cdimensions%2Ccolour%2Ckeywords%2Ccustom_1%2Csaving%2Crating%2Calternate_image%2Clarge_image%2Cbasket_link%2Cproduct_short_description%2Cmerchant_product_category_path%2Cmerchant_product_second_category%2Cmerchant_product_third_category%2Csavings_percent%2Cproduct_price_old%2Calternate_image_two%2Calternate_image_three%2Calternate_image_four/"
"62729","Glamory","DE","Not Joined","Awin","115130","Product_Feed_AT","German","","2026-05-15 21:47:24","","563","https://productdata.awin.com/datafeed/download/apikey/fa0ea60ea5f17aca3a0224f06ab4d131/fid/115130/format/csv/language/de/delimiter/%2C/compression/gzip/columns/data_feed_id%2Cmerchant_id%2Cmerchant_name%2Caw_product_id%2Caw_deep_link%2Caw_image_url%2Caw_thumb_url%2Ccategory_id%2Ccategory_name%2Cbrand_id%2Cbrand_name%2Cmerchant_product_id%2Cmerchant_category%2Cean%2Cmpn%2Cproduct_name%2Cdescription%2Cmerchant_deep_link%2Cmerchant_image_url%2Cdelivery_time%2Csearch_price%2Crrp_price%2Cdelivery_cost%2Cproduct_type%2Ccolour%2Ccustom_1/"
"122380","Omara Jewelry","PL","Not Joined","Awin","115172","Pierścionki Zaręczynowe - CSV","Polish","Fashion","2026-06-08 02:03:06","2026-06-13 16:02:10","15930","https://productdata.awin.com/datafeed/download/apikey/fa0ea60ea5f17aca3a0224f06ab4d131/fid/115172/format/csv/language/pl/delimiter/%2C/compression/gzip/columns/data_feed_id%2Cmerchant_id%2Cmerchant_name%2Caw_product_id%2Caw_deep_link%2Caw_image_url%2Caw_thumb_url%2Ccategory_id%2Ccategory_name%2Cbrand_id%2Cbrand_name%2Cmerchant_product_id%2Cmerchant_category%2Cmodel_number%2Cproduct_name%2Cdescription%2Cmerchant_deep_link%2Cmerchant_image_url%2Ccurrency%2Csearch_price%2Cdelivery_cost%2Cin_stock%2Cstock_quantity%2Ccolour%2CFashion%3Asize%2Calternate_image%2Calternate_image_two%2Calternate_image_three/"
"122380","Omara Jewelry","PL","Not Joined","Awin","115174","Pierścionki Zaręczynowe - XML","Polish","Fashion","2026-06-08 02:02:41","2026-06-13 16:02:08","15930","https://productdata.awin.com/datafeed/download/apikey/fa0ea60ea5f17aca3a0224f06ab4d131/fid/115174/format/csv/language/pl/delimiter/%2C/compression/gzip/columns/aw_deep_link%2Cproduct_name%2Caw_product_id%2Cmerchant_product_id%2Cmerchant_image_url%2Cdescription%2Cmerchant_category%2Csearch_price%2Cmerchant_name%2Cmerchant_id%2Ccategory_name%2Ccategory_id%2Caw_image_url%2Ccurrency%2Cstore_price%2Cdelivery_cost%2Cmerchant_deep_link%2Clanguage%2Clast_updated%2Cbrand_name%2Cbrand_id%2Ccolour%2Cproduct_short_description%2Cspecifications%2Ccondition%2Cproduct_model%2Cmodel_number%2Cdimensions%2Ckeywords%2Cpromotional_text%2Cproduct_type%2Ccommission_group%2Cmerchant_product_category_path%2Cmerchant_product_second_category%2Cmerchant_product_third_category%2Crrp_price%2Csaving%2Csavings_percent%2Cbase_price%2Cbase_price_amount%2Cbase_price_text%2Cproduct_price_old%2Cdelivery_restrictions%2Cdelivery_weight%2Cwarranty%2Cterms_of_contract%2Cdelivery_time%2Cin_stock%2Cstock_quantity%2Cvalid_from%2Cvalid_to%2Cis_for_sale%2Cweb_offer%2Cpre_order%2Cstock_status%2Csize_stock_status%2Csize_stock_amount%2Cmerchant_thumb_url%2Clarge_image%2Calternate_image%2Caw_thumb_url%2Calternate_image_two%2Calternate_image_three%2Calternate_image_four%2Creviews%2Caverage_rating%2Crating%2Cnumber_available%2Ccustom_1%2Ccustom_2%2Ccustom_3%2Ccustom_4%2Ccustom_5%2Ccustom_6%2Ccustom_7%2Ccustom_8%2Ccustom_9%2Cean%2Cisbn%2Cupc%2Cmpn%2Cparent_product_id%2Cproduct_GTIN%2Cbasket_link%2CFashion%3Acategory%2CFashion%3Amaterial%2CFashion%3Apattern%2CFashion%3Asize%2CFashion%3Asuitable_for%2CFashion%3Aswatch/"
"122380","Omara Jewelry","PL","Not Joined","Awin","115191","Obrączki Ślubne - CSV","Polish","Fashion","2026-06-13 02:01:43","2026-06-13 02:01:38","2224","https://productdata.awin.com/datafeed/download/apikey/fa0ea60ea5f17aca3a0224f06ab4d131/fid/115191/format/csv/language/pl/delimiter/%2C/compression/gzip/columns/data_feed_id%2Cmerchant_id%2Cmerchant_name%2Caw_product_id%2Caw_deep_link%2Caw_image_url%2Caw_thumb_url%2Ccategory_id%2Ccategory_name%2Cbrand_id%2Cbrand_name%2Cmerchant_product_id%2Cmerchant_category%2Cmodel_number%2Cproduct_name%2Cdescription%2Cmerchant_deep_link%2Cmerchant_image_url%2Ccurrency%2Csearch_price%2Cdelivery_cost%2Cin_stock%2Cstock_quantity%2Ccolour%2CFashion%3Asize%2Calternate_image%2Calternate_image_two%2Calternate_image_three/"
"122380","Omara Jewelry","PL","Not Joined","Awin","115192","Obrączki Ślubne - XML","Polish","Fashion","2026-06-13 02:01:49","2026-06-13 02:01:44","2224","https://productdata.awin.com/datafeed/download/apikey/fa0ea60ea5f17aca3a0224f06ab4d131/fid/115192/format/csv/language/pl/delimiter/%2C/compression/gzip/columns/aw_deep_link%2Cproduct_name%2Caw_product_id%2Cmerchant_product_id%2Cmerchant_image_url%2Cdescription%2Cmerchant_category%2Csearch_price%2Cmerchant_name%2Cmerchant_id%2Ccategory_name%2Ccategory_id%2Caw_image_url%2Ccurrency%2Cstore_price%2Cdelivery_cost%2Cmerchant_deep_link%2Clanguage%2Clast_updated%2Cbrand_name%2Cbrand_id%2Ccolour%2Cproduct_short_description%2Cspecifications%2Ccondition%2Cproduct_model%2Cmodel_number%2Cdimensions%2Ckeywords%2Cpromotional_text%2Cproduct_type%2Ccommission_group%2Cmerchant_product_category_path%2Cmerchant_product_second_category%2Cmerchant_product_third_category%2Crrp_price%2Csaving%2Csavings_percent%2Cbase_price%2Cbase_price_amount%2Cbase_price_text%2Cproduct_price_old%2Cdelivery_restrictions%2Cdelivery_weight%2Cwarranty%2Cterms_of_contract%2Cdelivery_time%2Cin_stock%2Cstock_quantity%2Cvalid_from%2Cvalid_to%2Cis_for_sale%2Cweb_offer%2Cpre_order%2Cstock_status%2Csize_stock_status%2Csize_stock_amount%2Cmerchant_thumb_url%2Clarge_image%2Calternate_image%2Caw_thumb_url%2Calternate_image_two%2Calternate_image_three%2Calternate_image_four%2Creviews%2Caverage_rating%2Crating%2Cnumber_available%2Ccustom_1%2Ccustom_2%2Ccustom_3%2Ccustom_4%2Ccustom_5%2Ccustom_6%2Ccustom_7%2Ccustom_8%2Ccustom_9%2Cean%2Cisbn%2Cupc%2Cmpn%2Cparent_product_id%2Cproduct_GTIN%2Cbasket_link%2CFashion%3Acategory%2CFashion%3Amaterial%2CFashion%3Apattern%2CFashion%3Asize%2CFashion%3Asuitable_for%2CFashion%3Aswatch/"
"122380","Omara Jewelry","PL","Not Joined","Awin","115193","Biżuteria - CSV","Polish","Fashion","2026-06-13 02:02:09","2026-06-13 02:02:01","6819","https://productdata.awin.com/datafeed/download/apikey/fa0ea60ea5f17aca3a0224f06ab4d131/fid/115193/format/csv/language/pl/delimiter/%2C/compression/gzip/columns/data_feed_id%2Cmerchant_id%2Cmerchant_name%2Caw_product_id%2Caw_deep_link%2Caw_image_url%2Caw_thumb_url%2Ccategory_id%2Ccategory_name%2Cbrand_id%2Cbrand_name%2Cmerchant_product_id%2Cmerchant_category%2Cmodel_number%2Cproduct_name%2Cdescription%2Cmerchant_deep_link%2Cmerchant_image_url%2Ccurrency%2Csearch_price%2Cdelivery_cost%2Cin_stock%2Cstock_quantity%2Ccolour%2CFashion%3Asize%2Calternate_image%2Calternate_image_two%2Calternate_image_three/"
"122380","Omara Jewelry","PL","Not Joined","Awin","115196","Biżuteria - XML","Polish","Fashion","2026-06-13 02:01:59","2026-06-13 02:01:51","6819","https://productdata.awin.com/datafeed/download/apikey/fa0ea60ea5f17aca3a0224f06ab4d131/fid/115196/format/csv/language/pl/delimiter/%2C/compression/gzip/columns/aw_deep_link%2Cproduct_name%2Caw_product_id%2Cmerchant_product_id%2Cmerchant_image_url%2Cdescription%2Cmerchant_category%2Csearch_price%2Cmerchant_name%2Cmerchant_id%2Ccategory_name%2Ccategory_id%2Caw_image_url%2Ccurrency%2Cstore_price%2Cdelivery_cost%2Cmerchant_deep_link%2Clanguage%2Clast_updated%2Cbrand_name%2Cbrand_id%2Ccolour%2Cproduct_short_description%2Cspecifications%2Ccondition%2Cproduct_model%2Cmodel_number%2Cdimensions%2Ckeywords%2Cpromotional_text%2Cproduct_type%2Ccommission_group%2Cmerchant_product_category_path%2Cmerchant_product_second_category%2Cmerchant_product_third_category%2Crrp_price%2Csaving%2Csavings_percent%2Cbase_price%2Cbase_price_amount%2Cbase_price_text%2Cproduct_price_old%2Cdelivery_restrictions%2Cdelivery_weight%2Cwarranty%2Cterms_of_contract%2Cdelivery_time%2Cin_stock%2Cstock_quantity%2Cvalid_from%2Cvalid_to%2Cis_for_sale%2Cweb_offer%2Cpre_order%2Cstock_status%2Csize_stock_status%2Csize_stock_amount%2Cmerchant_thumb_url%2Clarge_image%2Calternate_image%2Caw_thumb_url%2Calternate_image_two%2Calternate_image_three%2Calternate_image_four%2Creviews%2Caverage_rating%2Crating%2Cnumber_available%2Ccustom_1%2Ccustom_2%2Ccustom_3%2Ccustom_4%2Ccustom_5%2Ccustom_6%2Ccustom_7%2Ccustom_8%2Ccustom_9%2Cean%2Cisbn%2Cupc%2Cmpn%2Cparent_product_id%2Cproduct_GTIN%2Cbasket_link%2CFashion%3Acategory%2CFashion%3Amaterial%2CFashion%3Apattern%2CFashion%3Asize%2CFashion%3Asuitable_for%2CFashion%3Aswatch/"
"125338","Body Body","US","Not Joined","Awin","115246","Awin Feed Test","English","","2026-06-13 00:04:35","2026-06-13 11:06:24","30040","https://productdata.awin.com/datafeed/download/apikey/fa0ea60ea5f17aca3a0224f06ab4d131/fid/115246/format/csv/language/en/delimiter/%2C/compression/gzip/adultcontent/1/columns/data_feed_id%2Cmerchant_id%2Cmerchant_name%2Caw_product_id%2Caw_deep_link%2Caw_image_url%2Caw_thumb_url%2Ccategory_id%2Ccategory_name%2Cbrand_id%2Cbrand_name%2Cmerchant_product_id%2Cmerchant_category%2Cupc%2Cean%2Cmpn%2Cisbn%2Cmodel_number%2Cproduct_name%2Cdescription%2Cspecifications%2Cpromotional_text%2Clanguage%2Cmerchant_deep_link%2Cmerchant_thumb_url%2Cmerchant_image_url%2Cdelivery_time%2Cvalid_from%2Cvalid_to%2Ccurrency%2Csearch_price%2Cdelivery_cost%2Cweb_offer%2Cpre_order%2Cin_stock%2Cstock_quantity%2Cis_for_sale%2Cwarranty%2Ccondition%2Cproduct_type%2Cparent_product_id%2Ccommission_group%2Clast_updated%2Cdimensions%2Ccolour%2Ckeywords%2Ccustom_1%2Ccustom_2%2Ccustom_3%2Ccustom_4%2Ccustom_5%2Csaving%2Cdelivery_restrictions%2Creviews%2Caverage_rating%2Crating%2Calternate_image%2Clarge_image%2Cbasket_link/"
"126159","Transformation Academy","US","Not Joined","Awin","115278","TA Product Catalog","English","","2026-05-15 21:49:20","2026-06-13 00:01:22","137","https://productdata.awin.com/datafeed/download/apikey/fa0ea60ea5f17aca3a0224f06ab4d131/fid/115278/format/csv/language/en/delimiter/%2C/compression/gzip/adultcontent/1/columns/data_feed_id%2Cmerchant_id%2Cmerchant_name%2Caw_product_id%2Caw_deep_link%2Caw_image_url%2Caw_thumb_url%2Ccategory_id%2Ccategory_name%2Cbrand_id%2Cbrand_name%2Cmerchant_product_id%2Cmerchant_category%2Cproduct_name%2Cdescription%2Cpromotional_text%2Cmerchant_deep_link%2Cmerchant_image_url%2Csearch_price%2Cproduct_type%2Ckeywords%2Csavings_percent/"
"124966","Eydology","US","Not Joined","Awin","115290","eydology-feed","English","","2026-06-13 05:01:44","2026-06-13 17:03:04","1291","https://productdata.awin.com/datafeed/download/apikey/fa0ea60ea5f17aca3a0224f06ab4d131/fid/115290/format/csv/language/en/delimiter/%2C/compression/gzip/adultcontent/1/columns/data_feed_id%2Cmerchant_id%2Cmerchant_name%2Caw_product_id%2Caw_deep_link%2Caw_image_url%2Caw_thumb_url%2Ccategory_id%2Ccategory_name%2Cbrand_id%2Cbrand_name%2Cmerchant_product_id%2Cmpn%2Cproduct_name%2Cdescription%2Cmerchant_deep_link%2Cmerchant_image_url%2Csearch_price%2Cin_stock%2Ccondition%2Cproduct_type%2Calternate_image%2Cproduct_short_description%2Cmerchant_product_third_category%2Calternate_image_two%2Calternate_image_three/"
"126135","Al Jazeera Perfumes EU","FR","Not Joined","Awin","115328","English Feed","English","","2026-06-11 07:08:40","2026-06-13 01:01:15","181","https://productdata.awin.com/datafeed/download/apikey/fa0ea60ea5f17aca3a0224f06ab4d131/fid/115328/format/csv/language/en/delimiter/%2C/compression/gzip/columns/data_feed_id%2Cmerchant_id%2Cmerchant_name%2Caw_product_id%2Caw_deep_link%2Caw_image_url%2Caw_thumb_url%2Ccategory_id%2Ccategory_name%2Cbrand_id%2Cbrand_name%2Cmerchant_product_id%2Cproduct_name%2Cdescription%2Cmerchant_deep_link%2Cmerchant_image_url%2Csearch_price%2Ccondition%2Cstock_status%2Cproduct_GTIN/"
"126989","DailyDiet.Online Subscription","GB","Not Joined","Awin","115362","DefDailyDiet_UK_Main_USD_GBPault","English","Group Buying","2026-05-13 15:31:07","","3","https://productdata.awin.com/datafeed/download/apikey/fa0ea60ea5f17aca3a0224f06ab4d131/fid/115362/format/csv/language/en/delimiter/%2C/compression/gzip/adultcontent/1/columns/data_feed_id%2Cmerchant_id%2Cmerchant_name%2Caw_product_id%2Caw_deep_link%2Caw_image_url%2Caw_thumb_url%2Ccategory_id%2Ccategory_name%2Cbrand_id%2Cbrand_name%2Cmerchant_product_id%2Cproduct_name%2Cdescription%2Cmerchant_deep_link%2Cmerchant_image_url%2Ccurrency%2Csearch_price/"
"70252","Angel Barocco","GB","Not Joined","Awin","115384","Angel Barocco Daily","English","","2026-06-11 08:02:35","2026-06-13 08:01:47","2273","https://productdata.awin.com/datafeed/download/apikey/fa0ea60ea5f17aca3a0224f06ab4d131/fid/115384/format/csv/language/en/delimiter/%2C/compression/gzip/adultcontent/1/columns/data_feed_id%2Cmerchant_id%2Cmerchant_name%2Caw_product_id%2Caw_deep_link%2Caw_image_url%2Caw_thumb_url%2Ccategory_id%2Ccategory_name%2Cbrand_id%2Cbrand_name%2Cmerchant_product_id%2Cmpn%2Cproduct_name%2Cdescription%2Clanguage%2Cmerchant_deep_link%2Cmerchant_image_url%2Cdelivery_time%2Ccurrency%2Csearch_price%2Cstock_quantity%2Ccondition%2Cproduct_type%2Ccolour/"
"125422","Social Stories Club (UK)","GB","Not Joined","Awin","115401","Product Feed CSV","English","","2026-05-15 18:31:10","","55","https://productdata.awin.com/datafeed/download/apikey/fa0ea60ea5f17aca3a0224f06ab4d131/fid/115401/format/csv/language/en/delimiter/%2C/compression/gzip/adultcontent/1/columns/data_feed_id%2Cmerchant_id%2Cmerchant_name%2Caw_product_id%2Caw_deep_link%2Caw_image_url%2Caw_thumb_url%2Ccategory_id%2Ccategory_name%2Cbrand_id%2Cbrand_name%2Cmerchant_product_id%2Cmerchant_category%2Cproduct_name%2Cdescription%2Cmerchant_deep_link%2Cmerchant_image_url%2Ccurrency%2Csearch_price%2Cin_stock%2Cstock_quantity%2Ccondition/"
"122444","InStock.net","GB","Not Joined","Awin","115403","InStock","English","","2026-05-15 21:57:16","","1","https://productdata.awin.com/datafeed/download/apikey/fa0ea60ea5f17aca3a0224f06ab4d131/fid/115403/format/csv/language/en/delimiter/%2C/compression/gzip/adultcontent/1/columns/data_feed_id%2Cmerchant_id%2Cmerchant_name%2Caw_product_id%2Caw_deep_link%2Caw_image_url%2Caw_thumb_url%2Ccategory_id%2Ccategory_name%2Cbrand_id%2Cbrand_name%2Cmerchant_product_id%2Cmerchant_category%2Cproduct_name%2Cdescription%2Cmerchant_deep_link%2Cmerchant_image_url%2Csearch_price/"
"126787","Luxefashion Clothing","GB","Not Joined","Awin","115438","Awin Data Feed Luxefashion Clothing","English","","2026-05-19 14:39:06","2026-06-03 05:02:13","89452","https://productdata.awin.com/datafeed/download/apikey/fa0ea60ea5f17aca3a0224f06ab4d131/fid/115438/format/csv/language/en/delimiter/%2C/compression/gzip/adultcontent/1/columns/data_feed_id%2Cmerchant_id%2Cmerchant_name%2Caw_product_id%2Caw_deep_link%2Caw_image_url%2Caw_thumb_url%2Ccategory_id%2Ccategory_name%2Cbrand_id%2Cbrand_name%2Cmerchant_product_id%2Cmpn%2Cproduct_name%2Cdescription%2Cmerchant_deep_link%2Cmerchant_image_url%2Csearch_price%2Cproduct_type%2Cproduct_price_old%2Cstock_status/"
"125844","Bodycross (FR)","FR","Not Joined","Awin","115451","SF","French","","2026-06-13 00:12:22","2026-06-13 12:12:51","65","https://productdata.awin.com/datafeed/download/apikey/fa0ea60ea5f17aca3a0224f06ab4d131/fid/115451/format/csv/language/fr/delimiter/%2C/compression/gzip/columns/aw_deep_link%2Cproduct_name%2Caw_product_id%2Cmerchant_product_id%2Cmerchant_image_url%2Cdescription%2Cmerchant_category%2Csearch_price%2Cmerchant_name%2Cmerchant_id%2Ccategory_name%2Ccategory_id%2Caw_image_url%2Ccurrency%2Cstore_price%2Cdelivery_cost%2Cmerchant_deep_link%2Clanguage%2Clast_updated%2Cbrand_name%2Cbrand_id%2Ccolour%2Cproduct_short_description%2Cspecifications%2Ccondition%2Cproduct_model%2Cmodel_number%2Cdimensions%2Ckeywords%2Cpromotional_text%2Cproduct_type%2Ccommission_group%2Cmerchant_product_category_path%2Cmerchant_product_second_category%2Cmerchant_product_third_category%2Crrp_price%2Csaving%2Csavings_percent%2Cbase_price%2Cbase_price_amount%2Cbase_price_text%2Cproduct_price_old%2Cdelivery_restrictions%2Cdelivery_weight%2Cwarranty%2Cterms_of_contract%2Cdelivery_time%2Cin_stock%2Cstock_quantity%2Cvalid_from%2Cvalid_to%2Cis_for_sale%2Cweb_offer%2Cpre_order%2Cstock_status%2Csize_stock_status%2Csize_stock_amount%2Cmerchant_thumb_url%2Clarge_image%2Calternate_image%2Caw_thumb_url%2Calternate_image_two%2Calternate_image_three%2Calternate_image_four%2Creviews%2Caverage_rating%2Crating%2Cnumber_available%2Ccustom_1%2Ccustom_2%2Ccustom_3%2Ccustom_4%2Ccustom_5%2Ccustom_6%2Ccustom_7%2Ccustom_8%2Ccustom_9%2Cean%2Cisbn%2Cupc%2Cmpn%2Cparent_product_id%2Cproduct_GTIN%2Cbasket_link/"
"126693","Exypna","BR","Not Joined","Awin","115472","Padrão","Portuguese","","2026-05-21 12:07:52","2026-06-13 12:01:27","5","https://productdata.awin.com/datafeed/download/apikey/fa0ea60ea5f17aca3a0224f06ab4d131/fid/115472/format/csv/language/pt/delimiter/%2C/compression/gzip/columns/data_feed_id%2Cmerchant_id%2Cmerchant_name%2Caw_product_id%2Caw_deep_link%2Caw_image_url%2Caw_thumb_url%2Ccategory_id%2Ccategory_name%2Cbrand_id%2Cbrand_name%2Cmerchant_product_id%2Cmerchant_category%2Cupc%2Cean%2Cisbn%2Cmodel_number%2Cproduct_name%2Cdescription%2Cspecifications%2Cpromotional_text%2Clanguage%2Cmerchant_deep_link%2Cmerchant_image_url%2Cdelivery_time%2Cvalid_from%2Cvalid_to%2Ccurrency%2Csearch_price%2Cstore_price%2Crrp_price%2Cdelivery_cost%2Cin_stock%2Cstock_quantity%2Cis_for_sale%2Cwarranty%2Ccondition%2Cproduct_type%2Cparent_product_id%2Ccommission_group%2Clast_updated%2Cdimensions%2Ccolour%2Ckeywords%2Csaving%2Cdelivery_weight%2Cdelivery_restrictions%2Creviews%2Caverage_rating%2Crating%2Calternate_image%2Clarge_image%2Cbasket_link%2Cproduct_short_description%2Cproduct_model%2Cmerchant_product_category_path%2Cmerchant_product_second_category%2Cmerchant_product_third_category%2Csavings_percent%2Cbase_price%2Cbase_price_amount%2Cbase_price_text%2Cproduct_price_old%2Cstock_status%2Csize_stock_status%2Csize_stock_amount%2Cproduct_GTIN/"
"126775","petshop24","DE","Not Joined","Awin","115537","Data Feed Awin - PetShop24","German","","2026-05-22 12:28:33","","1394","https://productdata.awin.com/datafeed/download/apikey/fa0ea60ea5f17aca3a0224f06ab4d131/fid/115537/format/csv/language/de/delimiter/%2C/compression/gzip/columns/data_feed_id%2Cmerchant_id%2Cmerchant_name%2Caw_product_id%2Caw_deep_link%2Caw_image_url%2Caw_thumb_url%2Ccategory_id%2Ccategory_name%2Cbrand_id%2Cbrand_name%2Cmerchant_product_id%2Cmerchant_category%2Cproduct_name%2Cdescription%2Cmerchant_deep_link%2Cmerchant_image_url%2Csearch_price%2Cproduct_type/"
"116441","b0arding.com","US","Not Joined","Awin","115548","Validation","English","Travel","2026-05-22 17:55:25","","100","https://productdata.awin.com/datafeed/download/apikey/fa0ea60ea5f17aca3a0224f06ab4d131/fid/115548/format/csv/language/en/delimiter/%2C/compression/gzip/adultcontent/1/columns/data_feed_id%2Cmerchant_id%2Cmerchant_name%2Caw_product_id%2Caw_deep_link%2Caw_image_url%2Caw_thumb_url%2Ccategory_id%2Ccategory_name%2Cbrand_id%2Cbrand_name%2Cmerchant_product_id%2Cmerchant_category%2Cproduct_name%2Cdescription%2Clanguage%2Cmerchant_deep_link%2Cmerchant_image_url%2Ccurrency%2Csearch_price%2Cweb_offer%2Cin_stock%2Cis_for_sale%2Ccondition%2Cproduct_type%2Clast_updated%2CTravel%3Alocation%2CTravel%3Ahotel_name%2CTravel%3Ahotel_address%2CTravel%3Ahotel_stars%2CTravel%3Ahotel_features%2CTravel%3Aavailability%2CTravel%3Alongitude%2CTravel%3Alatitude%2CTravel%3Astarting_from_price/"
"127361","Aussui Affiliate Programme (UK)","GB","Not Joined","Awin","115564","Aussui Master EN","English","ShoppingNL","2026-06-13 16:03:26","2026-06-13 16:02:29","56871","https://productdata.awin.com/datafeed/download/apikey/fa0ea60ea5f17aca3a0224f06ab4d131/fid/115564/format/csv/language/en/delimiter/%2C/compression/gzip/adultcontent/1/columns/data_feed_id%2Cmerchant_id%2Cmerchant_name%2Caw_product_id%2Caw_deep_link%2Caw_image_url%2Caw_thumb_url%2Ccategory_id%2Ccategory_name%2Cbrand_id%2Cbrand_name%2Cmerchant_product_id%2Cmpn%2Cproduct_name%2Cdescription%2Clanguage%2Cmerchant_deep_link%2Cmerchant_image_url%2Ccurrency%2Csearch_price%2Cstore_price%2Crrp_price%2Cdelivery_cost%2Cweb_offer%2Cpre_order%2Cstock_quantity%2Ccondition%2Cproduct_type%2Clast_updated%2Clarge_image%2Cproduct_short_description%2Cstock_status/"
"126641","PCHUB.UK","GB","Not Joined","Awin","115609","Default","English","","2026-06-12 21:05:12","2026-06-13 17:02:38","235667","https://productdata.awin.com/datafeed/download/apikey/fa0ea60ea5f17aca3a0224f06ab4d131/fid/115609/format/csv/language/en/delimiter/%2C/compression/gzip/adultcontent/1/columns/data_feed_id%2Cmerchant_id%2Cmerchant_name%2Caw_product_id%2Caw_deep_link%2Caw_image_url%2Caw_thumb_url%2Ccategory_id%2Ccategory_name%2Cbrand_id%2Cbrand_name%2Cmerchant_product_id%2Cmerchant_category%2Cean%2Cmpn%2Cproduct_name%2Cdescription%2Cspecifications%2Clanguage%2Cmerchant_deep_link%2Cmerchant_image_url%2Cdelivery_time%2Csearch_price%2Crrp_price%2Cdelivery_cost%2Cstock_quantity%2Cwarranty%2Ccondition%2Cproduct_type%2Ckeywords/"
"127411","Plugins-for-Wordpress","US","Not Joined","Awin","115618","Plugins for WordPress Products","English","","2026-05-27 07:34:18","2026-06-13 06:01:08","2","https://productdata.awin.com/datafeed/download/apikey/fa0ea60ea5f17aca3a0224f06ab4d131/fid/115618/format/csv/language/en/delimiter/%2C/compression/gzip/adultcontent/1/columns/data_feed_id%2Cmerchant_id%2Cmerchant_name%2Caw_product_id%2Caw_deep_link%2Caw_image_url%2Caw_thumb_url%2Ccategory_id%2Ccategory_name%2Cbrand_id%2Cbrand_name%2Cmerchant_product_id%2Cmerchant_category%2Cupc%2Cean%2Cisbn%2Cmodel_number%2Cproduct_name%2Cdescription%2Cspecifications%2Cpromotional_text%2Clanguage%2Cmerchant_deep_link%2Cmerchant_image_url%2Cdelivery_time%2Cvalid_from%2Cvalid_to%2Ccurrency%2Csearch_price%2Cstore_price%2Crrp_price%2Cdelivery_cost%2Cin_stock%2Cstock_quantity%2Cis_for_sale%2Cwarranty%2Ccondition%2Cproduct_type%2Cparent_product_id%2Ccommission_group%2Clast_updated%2Cdimensions%2Ccolour%2Ckeywords%2Csaving%2Cdelivery_weight%2Cdelivery_restrictions%2Creviews%2Caverage_rating%2Crating%2Calternate_image%2Clarge_image%2Cbasket_link%2Cproduct_short_description%2Cproduct_model%2Cmerchant_product_category_path%2Cmerchant_product_second_category%2Cmerchant_product_third_category%2Csavings_percent%2Cbase_price%2Cbase_price_amount%2Cbase_price_text%2Cproduct_price_old%2Cstock_status%2Csize_stock_status%2Csize_stock_amount%2Cproduct_GTIN/"
"86733","MOH","GB","Not Joined","Awin","115755","fragrance","English","Fashion","2026-06-03 04:42:11","","8","https://productdata.awin.com/datafeed/download/apikey/fa0ea60ea5f17aca3a0224f06ab4d131/fid/115755/format/csv/language/en/delimiter/%2C/compression/gzip/adultcontent/1/columns/data_feed_id%2Cmerchant_id%2Cmerchant_name%2Caw_product_id%2Caw_deep_link%2Caw_image_url%2Caw_thumb_url%2Ccategory_id%2Ccategory_name%2Cbrand_id%2Cbrand_name%2Cmerchant_product_id%2Cmerchant_category%2Cupc%2Cean%2Cmpn%2Cisbn%2Cproduct_name%2Cdescription%2Cspecifications%2Clanguage%2Cmerchant_deep_link%2Cvalid_from%2Cvalid_to%2Ccurrency%2Csearch_price%2Cdelivery_cost%2Cweb_offer%2Cpre_order%2Cstock_quantity%2Cis_for_sale%2Ccondition%2Cproduct_type%2Cparent_product_id%2Ccommission_group%2Ccolour%2Ckeywords%2Ccustom_1%2Ccustom_2%2Ccustom_3%2Ccustom_4%2Ccustom_5%2Csaving%2Calternate_image%2Cproduct_model%2Cmerchant_product_second_category%2Cmerchant_product_third_category/"
"86733","MOH","GB","Not Joined","Awin","115756","Jewellery","English","Fashion","2026-06-03 04:43:12","","1171","https://productdata.awin.com/datafeed/download/apikey/fa0ea60ea5f17aca3a0224f06ab4d131/fid/115756/format/csv/language/en/delimiter/%2C/compression/gzip/adultcontent/1/columns/data_feed_id%2Cmerchant_id%2Cmerchant_name%2Caw_product_id%2Caw_deep_link%2Caw_image_url%2Caw_thumb_url%2Ccategory_id%2Ccategory_name%2Cbrand_id%2Cbrand_name%2Cmerchant_product_id%2Cmerchant_category%2Cupc%2Cean%2Cmpn%2Cisbn%2Cproduct_name%2Cdescription%2Cspecifications%2Clanguage%2Cmerchant_deep_link%2Cvalid_from%2Cvalid_to%2Ccurrency%2Csearch_price%2Cdelivery_cost%2Cweb_offer%2Cpre_order%2Cstock_quantity%2Cis_for_sale%2Ccondition%2Cproduct_type%2Cparent_product_id%2Ccommission_group%2Ccolour%2Ckeywords%2Ccustom_1%2Ccustom_2%2Ccustom_3%2Ccustom_4%2Ccustom_5%2Csaving%2Calternate_image%2Cproduct_model%2Cmerchant_product_second_category%2Cmerchant_product_third_category/"
"127215","Alvato Lavado de Coches España","ES","Not Joined","Awin","115759","Lavado de coches al 50% en Toda España!","Spanish","","2026-06-05 15:01:09","2026-06-05 00:27:20","1","https://productdata.awin.com/datafeed/download/apikey/fa0ea60ea5f17aca3a0224f06ab4d131/fid/115759/format/csv/language/es/delimiter/%2C/compression/gzip/columns/data_feed_id%2Cmerchant_id%2Cmerchant_name%2Caw_product_id%2Caw_deep_link%2Caw_image_url%2Caw_thumb_url%2Ccategory_id%2Ccategory_name%2Cbrand_id%2Cbrand_name%2Cmerchant_product_id%2Cupc%2Cproduct_name%2Clanguage%2Cmerchant_deep_link%2Cmerchant_image_url%2Cdelivery_time%2Cvalid_to%2Ccurrency%2Csearch_price%2Cproduct_type%2Creviews%2Clarge_image%2Cstock_status/"
"123388","PawFurEver","US","Not Joined","Awin","115815","Default","English","","2026-06-11 12:02:44","2026-06-13 16:01:09","467","https://productdata.awin.com/datafeed/download/apikey/fa0ea60ea5f17aca3a0224f06ab4d131/fid/115815/format/csv/language/en/delimiter/%2C/compression/gzip/adultcontent/1/columns/data_feed_id%2Cmerchant_id%2Cmerchant_name%2Caw_product_id%2Caw_deep_link%2Caw_image_url%2Caw_thumb_url%2Ccategory_id%2Ccategory_name%2Cbrand_id%2Cbrand_name%2Cmerchant_product_id%2Cproduct_name%2Cdescription%2Cmerchant_deep_link%2Cmerchant_image_url%2Csearch_price%2Cin_stock%2Ccolour%2Calternate_image%2Calternate_image_two%2Calternate_image_three%2Cproduct_GTIN%2Calternate_image_four/"
"63006","La Drogueria de Percon","ES","Not Joined","Awin","115855","La Drogueria - Catálogo de productos","Spanish","","2026-06-13 07:02:36","2026-06-13 07:02:28","4451","https://productdata.awin.com/datafeed/download/apikey/fa0ea60ea5f17aca3a0224f06ab4d131/fid/115855/format/csv/language/es/delimiter/%2C/compression/gzip/columns/data_feed_id%2Cmerchant_id%2Cmerchant_name%2Caw_product_id%2Caw_deep_link%2Caw_image_url%2Caw_thumb_url%2Ccategory_id%2Ccategory_name%2Cbrand_id%2Cbrand_name%2Cmerchant_product_id%2Cean%2Cproduct_name%2Cdescription%2Cmerchant_deep_link%2Cmerchant_image_url%2Ccurrency%2Csearch_price%2Cin_stock%2Cmerchant_product_category_path/"
"127801","Blueperry Tool & Builders Merchants (UK)","GB","Not Joined","Awin","115868","Default","English","","2026-06-13 12:14:37","2026-06-13 12:14:12","32939","https://productdata.awin.com/datafeed/download/apikey/fa0ea60ea5f17aca3a0224f06ab4d131/fid/115868/format/csv/language/en/delimiter/%2C/compression/gzip/adultcontent/1/columns/data_feed_id%2Cmerchant_id%2Cmerchant_name%2Caw_product_id%2Caw_deep_link%2Caw_image_url%2Caw_thumb_url%2Ccategory_id%2Ccategory_name%2Cbrand_id%2Cbrand_name%2Cmerchant_product_id%2Cmerchant_category%2Cean%2Cmpn%2Cproduct_name%2Cdescription%2Cmerchant_deep_link%2Cmerchant_image_url%2Ccurrency%2Csearch_price%2Cin_stock/"
"127729","Blueperry agriculture (UK)","GB","Not Joined","Awin","115869","Default","English","","2026-06-13 12:38:14","2026-06-13 12:35:43","405030","https://productdata.awin.com/datafeed/download/apikey/fa0ea60ea5f17aca3a0224f06ab4d131/fid/115869/format/csv/language/en/delimiter/%2C/compression/gzip/adultcontent/1/columns/data_feed_id%2Cmerchant_id%2Cmerchant_name%2Caw_product_id%2Caw_deep_link%2Caw_image_url%2Caw_thumb_url%2Ccategory_id%2Ccategory_name%2Cbrand_id%2Cbrand_name%2Cmerchant_product_id%2Cean%2Cmpn%2Cproduct_name%2Cdescription%2Cmerchant_deep_link%2Cmerchant_image_url%2Ccurrency%2Csearch_price%2Cin_stock%2Cmerchant_product_category_path/"
"126135","Al Jazeera Perfumes EU","FR","Not Joined","Awin","115871","Spanish Feed","Spanish","","2026-06-11 07:08:06","2026-06-13 00:01:18","181","https://productdata.awin.com/datafeed/download/apikey/fa0ea60ea5f17aca3a0224f06ab4d131/fid/115871/format/csv/language/es/delimiter/%2C/compression/gzip/columns/data_feed_id%2Cmerchant_id%2Cmerchant_name%2Caw_product_id%2Caw_deep_link%2Caw_image_url%2Caw_thumb_url%2Ccategory_id%2Ccategory_name%2Cbrand_id%2Cbrand_name%2Cmerchant_product_id%2Cproduct_name%2Cdescription%2Cmerchant_deep_link%2Cmerchant_image_url%2Ccurrency%2Csearch_price%2Ccondition%2Cproduct_type%2Ccustom_1%2Ccustom_2%2Cstock_status%2Calternate_image_two%2Cproduct_GTIN/"
"126021","balarugs","US","Not Joined","Awin","115874","feed260610","English","","2026-06-10 06:33:43","","1","https://productdata.awin.com/datafeed/download/apikey/fa0ea60ea5f17aca3a0224f06ab4d131/fid/115874/format/csv/language/en/delimiter/%2C/compression/gzip/adultcontent/1/columns/data_feed_id%2Cmerchant_id%2Cmerchant_name%2Caw_product_id%2Caw_deep_link%2Caw_image_url%2Caw_thumb_url%2Ccategory_id%2Ccategory_name%2Cbrand_id%2Cbrand_name%2Cmerchant_product_id%2Cproduct_name%2Cdescription%2Cmerchant_deep_link%2Cmerchant_image_url%2Csearch_price/"
"126021","balarugs","US","Not Joined","Awin","115875","feed260610-2","English","","2026-06-10 06:49:36","","1","https://productdata.awin.com/datafeed/download/apikey/fa0ea60ea5f17aca3a0224f06ab4d131/fid/115875/format/csv/language/en/delimiter/%2C/compression/gzip/adultcontent/1/columns/data_feed_id%2Cmerchant_id%2Cmerchant_name%2Caw_product_id%2Caw_deep_link%2Caw_image_url%2Caw_thumb_url%2Ccategory_id%2Ccategory_name%2Cbrand_id%2Cbrand_name%2Cmerchant_product_id%2Cmerchant_category%2Cproduct_name%2Cdescription%2Cpromotional_text%2Clanguage%2Cmerchant_deep_link%2Cmerchant_image_url%2Csearch_price%2Cdelivery_cost%2Cweb_offer%2Cin_stock%2Cis_for_sale%2Ccondition%2Cproduct_type%2Calternate_image%2Clarge_image%2Cproduct_short_description%2Cstock_status/"
"126357","knitfirst","US","Not Joined","Awin","115876","kf-feed260610","English","","2026-06-10 07:20:26","","1","https://productdata.awin.com/datafeed/download/apikey/fa0ea60ea5f17aca3a0224f06ab4d131/fid/115876/format/csv/language/en/delimiter/%2C/compression/gzip/adultcontent/1/columns/data_feed_id%2Cmerchant_id%2Cmerchant_name%2Caw_product_id%2Caw_deep_link%2Caw_image_url%2Caw_thumb_url%2Ccategory_id%2Ccategory_name%2Cbrand_id%2Cbrand_name%2Cmerchant_product_id%2Cmerchant_category%2Cproduct_name%2Cdescription%2Cpromotional_text%2Clanguage%2Cmerchant_deep_link%2Cmerchant_image_url%2Cdelivery_time%2Ccurrency%2Csearch_price%2Cdelivery_cost%2Cweb_offer%2Cin_stock%2Cis_for_sale%2Ccondition%2Cproduct_type%2Ckeywords%2Calternate_image%2Clarge_image%2Cproduct_short_description%2Cstock_status/"
"126357","knitfirst","US","Not Joined","Awin","115877","feed-extralargerug260610","English","","2026-06-10 07:34:50","","1","https://productdata.awin.com/datafeed/download/apikey/fa0ea60ea5f17aca3a0224f06ab4d131/fid/115877/format/csv/language/en/delimiter/%2C/compression/gzip/adultcontent/1/columns/data_feed_id%2Cmerchant_id%2Cmerchant_name%2Caw_product_id%2Caw_deep_link%2Caw_image_url%2Caw_thumb_url%2Ccategory_id%2Ccategory_name%2Cbrand_id%2Cbrand_name%2Cmerchant_product_id%2Cmerchant_category%2Cproduct_name%2Cdescription%2Cspecifications%2Cpromotional_text%2Cmerchant_deep_link%2Cmerchant_image_url%2Cdelivery_time%2Ccurrency%2Csearch_price%2Crrp_price%2Cdelivery_cost%2Cin_stock%2Cis_for_sale%2Ccondition%2Cproduct_type%2Cdimensions%2Ccolour%2Ckeywords%2Csaving%2Calternate_image%2Clarge_image%2Cproduct_short_description%2Csavings_percent%2Cstock_status%2Calternate_image_two%2Calternate_image_three/"
"126135","Al Jazeera Perfumes EU","FR","Not Joined","Awin","115883","French Feed","French","","2026-06-10 22:10:39","2026-06-13 00:01:25","181","https://productdata.awin.com/datafeed/download/apikey/fa0ea60ea5f17aca3a0224f06ab4d131/fid/115883/format/csv/language/fr/delimiter/%2C/compression/gzip/columns/data_feed_id%2Cmerchant_id%2Cmerchant_name%2Caw_product_id%2Caw_deep_link%2Caw_image_url%2Caw_thumb_url%2Ccategory_id%2Ccategory_name%2Cbrand_id%2Cbrand_name%2Cmerchant_product_id%2Cproduct_name%2Cdescription%2Cmerchant_deep_link%2Cmerchant_image_url%2Ccurrency%2Csearch_price%2Ccondition%2Cproduct_type%2Cparent_product_id%2Ccustom_1%2Ccustom_2%2Cstock_status%2Calternate_image_two%2Cproduct_GTIN/"
